Workbook

Sheet Samples
A1: TriStar ID | B1: Original ID | C1: Sample Date | D1: Age | E1: Ethnicity | F1: Gender | G1: Origin | H1: Type | I1: Sub-Type | J1: T | K1: N | L1: M | M1: Grade | N1: Stage | O1: KRAS Mutation | P1: EGFR Mutation
A2: 08A13674 A4 | B2: 08A13674 A4 | C2: 42632 | D2: 73 | F2: M | G2: NHSB | H2: Prostate Pri. | I2: ADC | J2: 3 | K2: - | L2: - | M2: 5+4=9 | N2: - | O2: - | P2: -
A3: 08A7021 A1 | B3: 08A7021 A1 | D3: - | F3: M | G3: NHSB | H3: Prostate Pri. | I3: - | J3: - | K3: - | L3: - | M3: - | N3: - | O3: - | P3: -
A4: 08A7457 A2 | B4: 08A7457 A2 | C4: 42632 | D4: 72 | F4: M | G4: NHSB | H4: Prostate Pri. | I4: ADC | J4: - | K4: - | L4: - | M4: 4+5=9 | N4: IV | O4: - | P4: -
A5: 09A10605 A8 | B5: 09A10605 A8 | D5: 71 | F5: F | G5: NHSB | H5: Ovarian Pri. | I5: Serous | J5: - | K5: - | L5: - | M5: - | N5: IIIC | O5: - | P5: -
A6: 09A15013 B10 | B6: 09A15013 B10 | D6: 63 | F6: F | G6: NHSB | H6: Ovarian Pri. | I6: Papillary Serous | J6: - | K6: - | L6: - | M6: - | N6: IIIC | O6: - | P6: -
A7: 09A16004 A3 | B7: 09A16004 A3 | D7: - | F7: M | G7: NHSB | H7: Prostate Pri. | I7: - | J7: - | K7: - | L7: - | M7: - | N7: - | O7: - | P7: -
A8: 09A16464 A3 | B8: 09A16464 A3 | C8: 42632 | D8: 73 | F8: M | G8: NHSB | H8: Prostate Pri. | I8: ADC | J8: mri 3b | K8: 1 | L8: 1b | M8: 4+5=9 | N8: IV | O8: - | P8: -
A9: 09A17429 A4 | B9: 09A17429 A4 | D9: 54 | F9: F | G9: NHSB | H9: Ovarian Pri. | I9: Papillary Serous | J9: - | K9: - | L9: - | M9: - | N9: IIIC | O9: - | P9: -
A10: 09A4009 A4 | B10: 09A4009 A4 | D10: 64 | F10: F | G10: NHSB | H10: Ovarian Pri. | I10: Papillary Serous | J10: - | K10: - | L10: - | M10: - | N10: IIIC | O10: - | P10: -
A11: 09A709 A7 | B11: 09A709 A7 | C11: 42632 | D11: 57 | F11: M | G11: NHSB | H11: Prostate Pri. | I11: ADC with focal extracapsular, perineural and vascular invasion and high grade PIN | J11: 3b | K11: x | L11: x | M11: 4+5=9 | N11: - | O11: - | P11: -
A12: 09A7173 A14 | B12: 09A7173 A14 | D12: 61 | F12: F | G12: NHSB | H12: Ovarian Pri. | I12: Carcinoma (Endometrioid) | J12: - | K12: - | L12: - | M12: - | N12: IIIB | O12: - | P12: -
A13: 100G001 | B13: 100G001 | D13: 63 | F13: F | G13: HGUGM | H13: Gastric Pri. | I13: ADC Mucosecretory | J13: 3 | K13: 2 | L13: x | M13: - | N13: IIIA | O13: - | P13: -
A14: 100G002 | B14: 100G002 | D14: 68 | F14: F | G14: HGUGM | H14: Gastric Pri. | I14: ADC | J14: 2 | K14: 1 | L14: - | M14: 3 | N14: IIA | O14: - | P14: -
A15: 100G003 | B15: 100G003 | D15: 78 | F15: F | G15: HGUGM | H15: Gastric Pri. | I15: ADC | J15: 3 | K15: 3 | L15: - | M15: 3 | N15: IIIB | O15: - | P15: -
A16: 100G004 | B16: 100G004 | D16: 68 | F16: F | G16: HGUGM | H16: Gastric Pri. and Nodal Met. | I16: ADC | J16: 3 | K16: 1 | L16: x | M16: 2 | N16: IIB | O16: - | P16: -
A17: 100G005 | B17: 100G005 | D17: 83 | F17: F | G17: HGUGM | H17: Gastric Pri. | I17: ADC | J17: - | K17: - | L17: - | M17: 2 | N17: - | O17: - | P17: -
A18: 100G006 | B18: 100G006 | D18: 58 | F18: F | G18: HGUGM | H18: Gastric Pri. | I18: ADC | J18: - | K18: - | L18: - | M18: 1 | N18: - | O18: - | P18: -
A19: 100G007 | B19: 100G007 | D19: 53 | F19: F | G19: HGUGM | H19: Gastric Pri. | I19: ADC Intestinal Type | J19: 4 | K19: 1 | L19: - | M19: - | N19: IIIB | O19: - | P19: -
A20: 100G008 | B20: 100G008 | D20: 83 | F20: F | G20: HGUGM | H20: Gastric Pri. and Nodal Met. | I20: ADC Enteroid Type | J20: 2a | K20: 1 | L20: - | M20: 2 | N20: II | O20: - | P20: -
A21: 100G009 | B21: 100G009 | D21: 68 | F21: F | G21: HGUGM | H21: Gastric Pri. and Nodal Met. | I21: ADC | J21: 3 | K21: 1 | L21: x | M21: 3 | N21: IIB | O21: - | P21: -
A22: 100G010 | B22: 100G010 | D22: 73 | F22: F | G22: HGUGM | H22: Gastric Pri. | I22: ADC | J22: 2b | K22: 0 | L22: x | M22: 3 | N22: IB | O22: - | P22: -
A23: 100G011 | B23: 100G011 | D23: 43 | F23: F | G23: HGUGM | H23: Gastric Pri. | I23: ADC | J23: 3 | K23: 1 | L23: x | M23: 3 | N23: IIB | O23: - | P23: -
A24: 100G012 | B24: 100G012 | D24: 48 | F24: F | G24: HGUGM | H24: Gastric Pri. | I24: ADC | J24: 3 | K24: 2 | L24: x | M24: 3 | N24: IIIA | O24: - | P24: -
A25: 100G013 | B25: 100G013 | D25: 63 | F25: F | G25: HGUGM | H25: Gastric Pri. | I25: ADC | J25: 3 | K25: 0 | L25: 0 | M25: 2 | N25: IIA | O25: - | P25: -
A26: 100G014 | B26: 100G014 | D26: 63 | F26: F | G26: HGUGM | H26: Gastric Pri. and Nodal Met. | I26: ADC | J26: 3 | K26: 0 | L26: 0 | M26: 2 | N26: IIA | O26: - | P26: -
A27: 100G015 | B27: 100G015 | D27: 73 | F27: F | G27: HGUGM | H27: Gastric Pri. | I27: ADC | J27: 4 | K27: 0 | L27: x | M27: 2 | N27: IIB | O27: - | P27: -
A28: 100G016 | B28: 100G016 | D28: 83 | F28: F | G28: HGUGM | H28: Gastric Pri. | I28: ADC | J28: - | K28: - | L28: - | M28: 1 | N28: - | O28: - | P28: -
A29: 100G017 | B29: 100G017 | D29: 88 | F29: F | G29: HGUGM | H29: Gastric Pri. and Nodal Met. | I29: ADC | J29: 3 | K29: 3 | L29: 0 | M29: 2 | N29: IIIB | O29: - | P29: -
A30: 100G018 | B30: 100G018 | D30: 78 | F30: F | G30: HGUGM | H30: Gastric Pri. | I30: ADC Intestinal Type | J30: 2 | K30: 1 | L30: x | M30: 1 | N30: IIA | O30: - | P30: -
A31: 100G019 | B31: 100G019 | D31: 88 | F31: F | G31: HGUGM | H31: Gastric Pri. and Nodal Met. | I31: ADC | J31: - | K31: - | L31: - | M31: 3 | N31: - | O31: - | P31: -
A32: 100G020 | B32: 100G020 | D32: 68 | F32: F | G32: HGUGM | H32: Gastric Pri. | I32: ADC | J32: - | K32: - | L32: - | M32: 1 | N32: - | O32: - | P32: -
A33: 100G021 | B33: 100G021 | D33: 78 | F33: F | G33: HGUGM | H33: Gastric Pri. | I33: ADC Mucosecretory | J33: 2 | K33: 1 | L33: 0 | M33: - | N33: IIA | O33: - | P33: -
A34: 100G022 | B34: 100G022 | D34: 78 | F34: F | G34: HGUGM | H34: Gastric Pri. | I34: ADC Papillary | J34: 3 | K34: 1 | L34: 0 | M34: 2 | N34: IIB | O34: - | P34: -
A35: 100G023 | B35: 100G023 | D35: 43 | F35: F | G35: HGUGM | H35: Gastric Pri. and Nodal Met. | I35: ADC Mucinous | J35: - | K35: - | L35: - | M35: - | N35: - | O35: - | P35: -
A36: 100G024 | B36: 100G024 | D36: 83 | F36: F | G36: HGUGM | H36: Gastric Pri. | I36: ADC | J36: 4 | K36: 0 | L36: 0 | M36: - | N36: IIIB | O36: - | P36: -
A37: 100G025 | B37: 100G025 | D37: 73 | F37: F | G37: HGUGM | H37: Gastric Pri. | I37: ADC | J37: 2 | K37: 0 | L37: x | M37: 3 | N37: IB | O37: - | P37: -
A38: 100G026 | B38: 100G026 | D38: 73 | F38: F | G38: HGUGM | H38: Gastric Pri. | I38: ADC | J38: 3b | K38: 0 | L38: 0 | M38: 2 | N38: IIA | O38: - | P38: -
A39: 100G027 | B39: 100G027 | D39: 48 | F39: F | G39: HGUGM | H39: Gastric Pri. | I39: ADC | J39: 2b | K39: 0 | L39: x | M39: 2 | N39: IB | O39: - | P39: -
A40: 100G028 | B40: 100G028 | D40: 73 | F40: F | G40: HGUGM | H40: Gastric Pri. | I40: ADC | J40: - | K40: - | L40: - | M40: 2 | N40: - | O40: - | P40: -
A41: 100G029 | B41: 100G029 | D41: 88 | F41: F | G41: HGUGM | H41: Gastric Pri. | I41: ADC | J41: - | K41: - | L41: - | M41: 2 | N41: - | O41: - | P41: -
A42: 100G030 | B42: 100G030 | D42: 78 | F42: F | G42: HGUGM | H42: Gastric Pri. | I42: ADC | J42: 3 | K42: 2 | L42: 0 | M42: 3 | N42: IIIA | O42: - | P42: -
A43: 100G031 | B43: 100G031 | D43: 43 | F43: F | G43: HGUGM | H43: Gastric Pri. and Nodal Met. | I43: ADC | J43: 4 | K43: 3 | L43: 0 | M43: 3 | N43: IIIC | O43: - | P43: -
A44: 100G032 | B44: 100G032 | D44: 78 | F44: F | G44: HGUGM | H44: Gastric Pri. | I44: ADC | J44: 3 | K44: 1 | L44: x | M44: 2 | N44: IIB | O44: - | P44: -
A45: 100G033 | B45: 100G033 | D45: 68 | F45: F | G45: HGUGM | H45: Gastric Pri. | I45: ADC | J45: 2a | K45: 1 | L45: - | M45: 2 | N45: - | O45: - | P45: -
A46: 100G034 | B46: 100G034 | D46: 78 | F46: F | G46: HGUGM | H46: Gastric Pri. and Nodal Met. | I46: ADC | J46: 3 | K46: 1 | L46: 0 | M46: 1 | N46: IIB | O46: - | P46: -
A47: 100G035 | B47: 100G035 | D47: 63 | F47: F | G47: HGUGM | H47: Gastric Pri. | I47: ADC | J47: - | K47: - | L47: - | M47: 2 | N47: IB | O47: - | P47: -
A48: 100G036 | B48: 100G036 | D48: 73 | F48: F | G48: HGUGM | H48: Gastric Pri. and Nodal Met. | I48: ADC | J48: 3 | K48: 2 | L48: 0 | M48: 2 | N48: IIIA | O48: - | P48: -
A49: 100G037 | B49: 100G037 | D49: 78 | F49: F | G49: HGUGM | H49: Gastric Pri. | I49: ADC | J49: 2b | K49: 0 | L49: x | M49: 2 | N49: IB | O49: - | P49: -
A50: 100G038 | B50: 100G038 | D50: 78 | F50: F | G50: HGUGM | H50: Gastric Pri. | I50: ADC | J50: 3 | K50: 0 | L50: 0 | M50: 2 | N50: IIA | O50: - | P50: -
A51: 100G039 | B51: 100G039 | D51: 88 | F51: F | G51: HGUGM | H51: Gastric Pri. | I51: ADC | J51: 3 | K51: 0 | L51: 0 | M51: 2 | N51: IIA | O51: - | P51: -
A52: 100G040 | B52: 100G040 | D52: 73 | F52: F | G52: HGUGM | H52: Gastric Pri. | I52: ADC Mucosecretory | J52: 2b | K52: 0 | L52: x | M52: 2 | N52: IB | O52: - | P52: -
A53: 100G042 | B53: 100G042 | D53: 83 | F53: F | G53: HGUGM | H53: Gastric Pri. | I53: ADC Intestinal Type | J53: 3 | K53: 0 | L53: x | M53: 3 | N53: IIA | O53: - | P53: -
A54: 100G043 | B54: 100G043 | D54: 68 | F54: F | G54: HGUGM | H54: Gastric Pri. | I54: ADC Intestinal Type | J54: 2 | K54: 0 | L54: 0 | M54: 2 | N54: IB | O54: - | P54: -
A55: 100G044 | B55: 100G044 | D55: 68 | F55: F | G55: HGUGM | H55: Gastric Pri. | I55: ADC | J55: 3 | K55: 1 | L55: 0 | M55: 3 | N55: IIB | O55: - | P55: -
A56: 100G045 | B56: 100G045 | D56: 53 | F56: F | G56: HGUGM | H56: Gastric Pri. | I56: ADC | J56: 3 | K56: 0 | L56: x | M56: 3 | N56: IIA | O56: - | P56: -
A57: 100G046 | B57: 100G046 | D57: 48 | F57: F | G57: HGUGM | H57: Gastric Pri. | I57: ADC Mucosecretory | J57: 3 | K57: 2 | L57: 0 | M57: - | N57: IIIA | O57: - | P57: -
A58: 100G047 | B58: 100G047 | D58: 88 | F58: F | G58: HGUGM | H58: Gastric Pri. | I58: ADC | J58: - | K58: - | L58: - | M58: 2 | N58: - | O58: - | P58: -
A59: 100G048 | B59: 100G048 | D59: 58 | F59: F | G59: HGUGM | H59: Gastric Pri. | I59: ADC | J59: 3 | K59: 2 | L59: x | M59: 3 | N59: IIIA | O59: - | P59: -
A60: 100G049 | B60: 100G049 | D60: 73 | F60: F | G60: HGUGM | H60: Gastric Pri. | I60: ADC Intestinal Type | J60: 3 | K60: 1 | L60: x | M60: 2 | N60: IIB | O60: - | P60: -
A61: 100G050 | B61: 100G050 | D61: 78 | F61: F | G61: HGUGM | H61: Gastric Pri. | I61: ADC | J61: 2b | K61: 1 | L61: x | M61: 3 | N61: IIA | O61: - | P61: -
A62: 100G051 | B62: 100G051 | D62: 78 | F62: F | G62: HGUGM | H62: Gastric Pri. and Nodal Met. | I62: ADC | J62: 3 | K62: 2 | L62: x | M62: 3 | N62: IIIA | O62: - | P62: -
A63: 100G052 | B63: 100G052 | D63: 63 | F63: F | G63: HGUGM | H63: Gastric Pri. and Nodal Met. | I63: ADC | J63: 3 | K63: 1 | L63: x | M63: 2 | N63: IIB | O63: - | P63: -
A64: 100G053 | B64: 100G053 | D64: 73 | F64: F | G64: HGUGM | H64: Gastric Pri. | I64: ADC | J64: - | K64: - | L64: - | M64: 2 | N64: - | O64: - | P64: -
A65: 100G054 | B65: 100G054 | D65: 53 | F65: F | G65: HGUGM | H65: Gastric Pri. | I65: ADC | J65: 3 | K65: 1 | L65: 0 | M65: 1 | N65: IIB | O65: - | P65: -
A66: 100G055 | B66: 100G055 | D66: 43 | F66: F | G66: HGUGM | H66: Gastric Pri. and Nodal Met. | I66: ADC | J66: 3 | K66: 1 | L66: 1 | M66: 1 | N66: IV | O66: - | P66: -
A67: 100G056 | B67: 100G056 | D67: 83 | F67: F | G67: HGUGM | H67: Gastric Pri. | I67: ADC | J67: 2 | K67: 0 | L67: x | M67: 1 | N67: IB | O67: - | P67: -
A68: 100G057 | B68: 100G057 | D68: 78 | F68: F | G68: HGUGM | H68: Gastric Pri. and Nodal Met. | I68: ADC | J68: 3 | K68: 1 | L68: x | M68: 2 | N68: IIB | O68: - | P68: -
A69: 100G058 | B69: 100G058 | D69: 68 | F69: F | G69: HGUGM | H69: Gastric Pri. and Nodal Met. | I69: ADC Signet Ring Cell | J69: - | K69: - | L69: - | M69: - | N69: IV | O69: - | P69: -
A70: 100G059 | B70: 100G059 | D70: 73 | F70: F | G70: HGUGM | H70: Gastric Pri. | I70: ADC | J70: 3 | K70: 0 | L70: 0 | M70: 2 | N70: IIA | O70: - | P70: -
A71: 100G060 | B71: 100G060 | D71: 43 | F71: F | G71: HGUGM | H71: Gastric Pri. | I71: ADC Intestinal Type | J71: 4 | K71: 1 | L71: x | M71: 3 | N71: IIIA | O71: - | P71: -
A72: 100G061 | B72: 100G061 | D72: 68 | F72: F | G72: HGUGM | H72: Gastric Pri. and Nodal Met. | I72: ADC | J72: 4 | K72: 1 | L72: 0 | M72: 3 | N72: IIIA | O72: - | P72: -
A73: 100G062 | B73: 100G062 | D73: 68 | F73: F | G73: HGUGM | H73: Gastric Pri. and Nodal Met. | I73: ADC | J73: - | K73: - | L73: - | M73: 3 | N73: - | O73: - | P73: -
A74: 100G063 | B74: 100G063 | D74: 78 | F74: F | G74: HGUGM | H74: Gastric Pri. and Nodal Met. | I74: ADC | J74: 3 | K74: 2 | L74: 0 | M74: 3 | N74: IIIA | O74: - | P74: -
A75: 100G064 | B75: 100G064 | D75: 58 | F75: F | G75: HGUGM | H75: Gastric Pri. | I75: ADC Intestinal Type | J75: 3 | K75: 1 | L75: 0 | M75: - | N75: IIB | O75: - | P75: -
A76: 100G065 | B76: 100G065 | D76: 68 | F76: F | G76: HGUGM | H76: Gastric Pri. | I76: ADC | J76: 3 | K76: 1 | L76: 0 | M76: 3 | N76: IIB | O76: - | P76: -
A77: 100G066 | B77: 100G066 | D77: 68 | F77: F | G77: HGUGM | H77: Gastric Pri. and Nodal Met. | I77: ADC | J77: 3 | K77: 1 | L77: 0 | M77: 2 | N77: IIB | O77: - | P77: -
A78: 100G067 | B78: 100G067 | D78: 68 | F78: F | G78: HGUGM | H78: Gastric Pri. | I78: ADC | J78: 3 | K78: 0 | L78: 0 | M78: 3 | N78: IIA | O78: - | P78: -
A79: 100G068 | B79: 100G068 | D79: 73 | F79: F | G79: HGUGM | H79: Gastric Pri. and Nodal Met. | I79: ADC | J79: - | K79: - | L79: - | M79: 2 | N79: - | O79: - | P79: -
A80: 100G069 | B80: 100G069 | D80: 68 | F80: F | G80: HGUGM | H80: Gastric Pri. | I80: ADC Intestinal Type | J80: 1 | K80: 1 | L80: 1 | M80: - | N80: IB | O80: - | P80: -
A81: 100G070 | B81: 100G070 | D81: 78 | F81: F | G81: HGUGM | H81: Gastric Pri. | I81: ADC | J81: 4 | K81: 1 | L81: 0 | M81: 3 | N81: IIIA | O81: - | P81: -
A82: 100G071 | B82: 100G071 | D82: 83 | F82: F | G82: HGUGM | H82: Gastric Pri. and Nodal Met. | I82: ADC | J82: 4 | K82: 1 | L82: 0 | M82: 2 | N82: IIIA | O82: - | P82: -
A83: 100G072 | B83: 100G072 | D83: 78 | F83: F | G83: HGUGM | H83: Gastric Pri. | I83: ADC Signet Ring Cell | J83: 3 | K83: 1 | L83: x | M83: 1 | N83: IIB | O83: - | P83: -
A84: 100G073 | B84: 100G073 | D84: 48 | F84: F | G84: HGUGM | H84: Gastric Pri. | I84: ADC Signet Ring Cell | J84: 3 | K84: 2 | L84: 0 | M84: 3 | N84: IIIA | O84: - | P84: -
A85: 100G074 | B85: 100G074 | D85: 38 | F85: F | G85: HGUGM | H85: Gastric Pri. and Nodal Met. | I85: ADC | J85: 4 | K85: 2 | L85: 0 | M85: 2 | N85: IIIB | O85: - | P85: -
A86: 100G075 | B86: 100G075 | D86: 78 | F86: F | G86: HGUGM | H86: Gastric Pri. | I86: ADC | J86: - | K86: - | L86: - | M86: 3 | N86: - | O86: - | P86: -
A87: 100G076 | B87: 100G076 | D87: 73 | F87: F | G87: HGUGM | H87: Gastric Pri. | I87: ADC | J87: 3 | K87: 1 | L87: 0 | M87: 3 | N87: IIB | O87: - | P87: -
A88: 100G077 | B88: 100G077 | D88: 73 | F88: F | G88: HGUGM | H88: Gastric Pri. | I88: ADC Intestinal Type | J88: - | K88: - | L88: 1 | M88: 2 | N88: IV | O88: - | P88: -
A89: 100G078 | B89: 100G078 | D89: 38 | F89: F | G89: HGUGM | H89: Gastric Pri. and Nodal Met. | I89: ADC Signet Ring Cell | J89: 3 | K89: 3 | L89: 0 | M89: 3 | N89: IIIB | O89: - | P89: -
A90: 100G079 | B90: 100G079 | D90: 53 | F90: F | G90: HGUGM | H90: Gastric Pri. and Nodal Met. | I90: ADC Intestinal Type | J90: - | K90: - | L90: 1 | M90: 2 | N90: IV | O90: - | P90: -
A91: 100G080 | B91: 100G080 | D91: 73 | F91: F | G91: HGUGM | H91: Gastric Pri. and Nodal Met. | I91: ADC | J91: 3 | K91: 2 | L91: 1 | M91: 2 | N91: IV | O91: - | P91: -
A92: 100G081 | B92: 100G081 | D92: 38 | F92: F | G92: HGUGM | H92: Gastric Pri. | I92: ADC Signet Ring Cell | J92: 3 | K92: 2 | L92: 0 | M92: - | N92: IIIA | O92: - | P92: -
A93: 100G082 | B93: 100G082 | D93: 63 | F93: F | G93: HGUGM | H93: Gastric Pri. and Nodal Met. | I93: ADC Signet Ring Cell | J93: - | K93: - | L93: - | M93: 1 | N93: - | O93: - | P93: -
A94: 100G083 | B94: 100G083 | D94: 73 | F94: F | G94: HGUGM | H94: Gastric Pri. | I94: ADC | J94: 2 | K94: 2 | L94: 0 | M94: 1 | N94: IB | O94: - | P94: -
A95: 100G084 | B95: 100G084 | D95: 83 | F95: F | G95: HGUGM | H95: Gastric Pri. | I95: ADC Signet Ring Cell | J95: - | K95: - | L95: - | M95: 1 | N95: - | O95: - | P95: -
A96: 100G085 | B96: 100G085 | D96: 73 | F96: M | G96: HGUGM | H96: Gastric Pri. | I96: ADC | J96: 3 | K96: 1 | L96: 0 | M96: 2 | N96: IIIB | O96: - | P96: -
A97: 100G086 | B97: 100G086 | D97: 58 | F97: F | G97: HGUGM | H97: Gastric Pri. and Nodal Met. | I97: ADC | J97: 3 | K97: 2 | L97: 0 | M97: 2 | N97: IIIA | O97: - | P97: -
A98: 100G087 | B98: 100G087 | D98: 73 | F98: F | G98: HGUGM | H98: Gastric Pri. and Nodal Met. | I98: ADC | J98: 3 | K98: 2 | L98: x | M98: - | N98: IIIA | O98: - | P98: -
A99: 100G088 | B99: 100G088 | D99: 73 | F99: F | G99: HGUGM | H99: Gastric Pri. | I99: ADC Signet Ring Cell | J99: 2 | K99: 2 | L99: 1 | M99: - | N99: IV | O99: - | P99: -
A100: 100G089 | B100: 100G089 | D100: 78 | F100: F | G100: HGUGM | H100: Gastric Pri. | I100: ADC | J100: 2 | K100: 1 | L100: 0 | M100: 1 | N100: IIA | O100: - | P100: -
...

Sheet Small Cell Carcinoma
A1: TriStar ID | B1: Primary lab number | C1: Slide number(s) | D1: Tumour site | E1: Immunohistochemistry | F1: LYMPH NODE SLIDE/BLOCK NUMBER | G1: Tumour Subtype | H1: Tumour Grade | I1: Manifest
A2: TS-16 - 0862 | B2: 09A001047 | C2: 09A001047 D4 | D2: Left lower lobe | E2: Needlecore biopsy: Positive for CD56 | F2: - | G2: - | H2: - | I2: 7768 7230 4075 NHSBAC manifest NHSB247 SCLC blocks
A3: TS-16 - 0863 | B3: 13D020014 | C3: 13D020014 C3 | D3: Right lower lobe | E3: Positive for TTF1, CD56 and synaptophysin | F3: - | G3: - | H3: - | I3: 7768 7230 4075 NHSBAC manifest NHSB247 SCLC blocks
A4: TS-16 - 0864 | B4: 13D026142 | C4: 13D026142 G5 | D4: Left upper lobe | E4: Positive for TTF1, CD56 and chromogranin | F4: - | G4: - | H4: - | I4: 7768 7230 4075 NHSBAC manifest NHSB247 SCLC blocks
A5: TS-17 - 1716 | B5: 568 | C5: 00/568 6, 00/568 10 | D5: Left side of tongue | F5: BOTH PRIMARY TUMOUR | G5: - | H5: Poorly differentiated, some areas heavy keratinisation | I5: 7704 1184 8537 NHSBAC CTA transfer manifest NHSB 373
A6: TS-17 - 1717 | B6: 4376 | C6: 00/4376 D2,00/4376 D13 BB1 | D6: Oropharynx left tonsil and lymph nodes | F6: BOTH PRIMARY TUMOUR | G6: - | H6: Moderately differentiated, keratinising | I6: 7704 1184 8537 NHSBAC CTA transfer manifest NHSB 373
A7: TS-17 - 1718 | B7: 6781 | C7: 00/6781 C15, 00/6781 C24 | D7: Laryngectomy, right piriform fossa | F7: BOTH PRIMARY TUMOUR | G7: - | H7: Poorly differentiated | I7: 7704 1184 8537 NHSBAC CTA transfer manifest NHSB 373
A8: TS-17 - 1719 | B8: 7419 | C8: 00/7419 B24, 00/7419 B31 | D8: Tongue and lymph nodes | F8: BOTH PRIMARY TUMOUR | G8: - | H8: Moderately differentiated, non-keratinising | I8: 7704 1184 8537 NHSBAC CTA transfer manifest NHSB 373
A9: TS-17 - 1720 | B9: 8732 | C9: 00/8732 B1, 00/8732 B4 | D9: Tonsillar fossa and lymph nodes, right neck dissection | F9: BOTH PRIMARY TUMOUR | G9: - | H9: Moderately differentiated, keratinising | I9: 7704 1184 8537 NHSBAC CTA transfer manifest NHSB 373
A10: TS-17 - 1721 | B10: 8900 | C10: 00/8900 12, 00/8900 15 | D10: Right lateral border of tongue | F10: BOTH PRIMARY TUMOUR | G10: - | H10: Moderately differentiated, keratinising | I10: 7704 1184 8537 NHSBAC CTA transfer manifest NHSB 373
A11: TS-17 - 1722 | B11: 10103 | C11: 00/10103 B8, 00/10103 B29 | D11: Right lateral border of tongue | F11: BOTH PRIMARY TUMOUR | G11: - | H11: Moderately to poorly differentiated keratinising | I11: 7704 1184 8537 NHSBAC CTA transfer manifest NHSB 373
A12: TS-17 - 1723 | B12: 11538 | C12: 00/11538 C19, 00/11538 C29 | D12: Oropharynx base of tongue and lymph node from left side of neck | F12: BOTH PRIMARY TUMOUR | G12: Basaloid | H12: Moderately to poorly differentiated, non-keratinising | I12: 7704 1184 8537 NHSBAC CTA transfer manifest NHSB 373
A13: TS-17 - 1724 | B13: 15225 | C13: 00/15225 B8, 00/15225 B26 | D13: Posterior pharyngeal wall | F13: 00/15225 B8 | G13: - | H13: Moderately to poorly differentiated, abundant keratin formation | I13: 7704 1184 8537 NHSBAC CTA transfer manifest NHSB 373
A14: TS-17 - 1725 | B14: 17136 | C14: 00/17136 C34, 00/17136 C58 | D14: Left floor of mouth | F14: BOTH PRIMARY TUMOUR | G14: - | H14: Moderately to poorly differentiated, non-keratinising | I14: 7704 1184 8537 NHSBAC CTA transfer manifest NHSB 373
A15: TS-17 - 1726 | B15: 21115 | C15: 00/21115 B10, 00/21115 B13 | D15: Oral cavity tongue left lateral border and lymph nodes in skin tissue mandible | F15: 00/21115 B10, 00/21115 B13 | G15: - | H15: Not stated | I15: 7704 1184 8537 NHSBAC CTA transfer manifest NHSB 373
A16: TS-17 - 1727 | B16: 1011920 | C16: 01/11920 4, 01/11920 8 | D16: Right lateral border of tongue | F16: BOTH PRIMARY TUMOUR | G16: - | H16: Moderately to poorly differentiated | I16: 7704 1184 8537 NHSBAC CTA transfer manifest NHSB 373
... A47: TS-17 - 1758 | B47: 95003025 | C47: 95/3025 C16, 95/3025 C16BB1 | D47: Mandible and tongue | F47: BOTH PRIMARY TUMOUR | G47: - | H47: Poorly differentiated | I47: 7704 1184 8537 NHSBAC CTA transfer manifest NHSB 373
A48: TS-17 - 1759 | B48: 95005815 | C48: 95/5815 B3, 95/5815 B2 BB1 | D48: Left radical neck dissection, two thirds glossectomy specimen tumour in tip opening | F48: BOTH PRIMARY TUMOUR | G48: - | H48: Well differentiated | I48: 7704 1184 8537 NHSBAC CTA transfer manifest NHSB 373
A49: TS-17 - 1760 | B49: 95007761 | C49: 95/7761 A4, 95/7761 A4 BB1 | D49: Neck of mandible soft palette and tongue and lymph nodes | F49: BOTH PRIMARY TUMOUR | G49: - | H49: Moderately differentiated, keratinising | I49: 7704 1184 8537 NHSBAC CTA transfer manifest NHSB 373
A50: TS-17 - 1761 | B50: 95017903 | C50: 95/17903 A2, 95/17903 A1 BB1 | D50: Lateral border of tongue | F50: BOTH PRIMARY TUMOUR | G50: - | H50: Poor to Well differentiated, keratinising | I50: 7704 1184 8537 NHSBAC CTA transfer manifest NHSB 373
A51: TS-17 - 1762 | B51: 96001032 | C51: 96/1032 B6, 96/1032 B6 BB1 | D51: Tongue | F51: BOTH PRIMARY TUMOUR | G51: - | H51: Well differentiated, keratinising | I51: 7704 1184 8537 NHSBAC CTA transfer manifest NHSB 373
A52: TS-17 - 1763 | B52: 96008297 | C52: 96/8297 B3, 96/8297 D1BB1 | D52: Submandilar gland and lymph nodes and right side of tongue | F52: 96/8297 B3 | G52: - | H52: Poorly differentiated | I52: 7704 1184 8537 NHSBAC CTA transfer manifest NHSB 373
A53: TS-17 - 1764 | B53: 97017482 | C53: 97/17482 B6BB1, 97/17482 B14 | D53: Tongue (anterior), floor of mouth and lymph nodes | F53: BOTH PRIMARY TUMOUR | G53: - | H53: Poorly differentiated | I53: 7704 1184 8537 NHSBAC CTA transfer manifest NHSB 373
A54: TS-17 - 1765 | B54: 98007510 | C54: 98/7510 A32,98/7510 A28 BB1 | D54: Right floor of mouth and lymph nodes | F54: A28 BB1 | G54: - | H54: Poorly differentiated | I54: 7704 1184 8537 NHSBAC CTA transfer manifest NHSB 373
A55: TS-17 - 1766 | B55: 16D034446 | C55: 16D34446 D15, 16D34446 D16 | D55: Right tongue base and lymph nodes from right selective neck dissection | F55: 16D34446 D15, 16D34446 D16 | G55: Basaloid | I55: 7704 1184 8537 NHSBAC CTA transfer manifest NHSB 373
A56: TS-17 - 1767 | B56: 16D037712 | C56: 16D37712 B38, 16D37712 B39 | D56: Right tongue base | F56: BOTH PRIMARY TUMOUR | G56: - | H56: Poorly differentiated | I56: 7704 1184 8537 NHSBAC CTA transfer manifest NHSB 373
A57: TS-17 - 1768 | B57: 16D041641 | C57: 16D41641 C2, 16D41641 C3 | D57: Right tonsil | F57: Both Bloks are SCC invading the tonsils | G57: Basaloid | H57: Poorly differentiated, non-keratinising | I57: 7704 1184 8537 NHSBAC CTA transfer manifest NHSB 373
A58: TS-17 - 1769 | B58: 16D046370 | C58: 16D46370 C2, 16D46370 C3 | D58: Left tongue and lymp nodes from left neck dissection | F58: BOTH PRIMARY TUMOUR | G58: - | H58: Moderately differentiated, keratinising | I58: 7704 1184 8537 NHSBAC CTA transfer manifest NHSB 373
A59: TS-17 - 1770 | B59: 16D047661 | C59: 16D47661 C3, 16D47661 C6 | D59: Left lateral tongue and lymph nodes | F59: BOTH PRIMARY TUMOUR | G59: - | H59: Poorly differentiated | I59: 7704 1184 8537 NHSBAC CTA transfer manifest NHSB 373
A60: TS-17 - 1771 | B60: 16D059569 | C60: 16D59569 B47, 16D59569 B55 | D60: supraglottic involving vallecular and right oropharyngeal wall with lymph nodes | F60: BOTH PRIMARY TUMOUR | G60: Basaloid and conventional mixed | H60: Poorly differentiated | I60: 7704 1184 8537 NHSBAC CTA transfer manifest NHSB 373
A61: TS-17 - 1772 | B61: 17D000270 | C61: 17D270 B6, 17D270 B8 | D61: Left lateral tongue, lymph nodes from left radical neck dissection level II | F61: BOTH PRIMARY TUMOUR | G61: - | H61: Poorly differentiated | I61: 7704 1184 8537 NHSBAC CTA transfer manifest NHSB 373
A62: TS-17 - 1773 | B62: 17D001208 | C62: 17D1208 D4, 17D1208 D5 | D62: Right tonsil | F62: Both Bloks are SCC invading the tonsils | G62: Basaloid | H62: Not stated | I62: 7704 1184 8537 NHSBAC CTA transfer manifest NHSB 373
A63: TS-17 - 1774 | B63: 17D007302 | C63: 17D7302 A5, 17D7302 A6 | D63: Right lateral tongue and lymph nodes from right selective neck dissection | F63: BOTH PRIMARY TUMOUR | G63: - | H63: Moderate to poorly differentiated | I63: 7704 1184 8537 NHSBAC CTA transfer manifest NHSB 373
A64: TS-17 - 1775 | B64: 17D020053 | C64: 17D20053 A5, 17D20053 A6 | D64: Right tongue | F64: BOTH PRIMARY TUMOUR | G64: - | H64: Poorly differentiated | I64: 7704 1184 8537 NHSBAC CTA transfer manifest NHSB 373
A65: TS-17 - 1776 | B65: 7012704 | C65: 07/12704 D16, 07/12704 D17 | D65: Left and right supraglottis | F65: BOTH PRIMARY TUMOUR | G65: - | H65: Poorly differentiated | I65: 7704 1184 8537 NHSBAC CTA transfer manifest NHSB 373
A66: TS-17 - 1777 | B66: 7017976 | C66: 07/17976 53, 07/17976 54 | D66: Anterior supraglottis from total laryngectomy and lymph nodes | F66: BOTH PRIMARY TUMOUR | G66: - | H66: Poorly differentiated | I66: 7704 1184 8537 NHSBAC CTA transfer manifest NHSB 373
A67: TS-17 - 1778 | B67: 7021188 | C67: 07/21188 B26, 07/21188 B27 | D67: Right piriform fossa and pharyngeal wall from laryngo-pharyngectomy and lymph nodes | F67: BOTH PRIMARY TUMOUR | G67: - | H67: Poorly differentiated | I67: 7704 1184 8537 NHSBAC CTA transfer manifest NHSB 373
A68: TS-17 - 1779 | B68: 3016778 | C68: 03/16778 D36, 03/16778 D38 | D68: Right tongue, floor of mouth, and lymph node | F68: BOTH PRIMARY TUMOUR | G68: - | H68: Moderately differentiated, focally keratinising | I68: 7704 1184 8537 NHSBAC CTA transfer manifest NHSB 373
A69: TS-17 - 1780 | B69: 3017352 | C69: 03/17352 A7, 03/17352 A8 | D69: Right lateral/ventral tongue | F69: BOTH PRIMARY TUMOUR | G69: - | H69: Moderately differentiated, heavily keratinising | I69: 7704 1184 8537 NHSBAC CTA transfer manifest NHSB 373
A70: TS-17 - 1781 | B70: 98008186 | C70: 98/8186 D2, 98/8186 D3 | D70: Oropharynx right tonsil and lymph nodes | F70: BOTH PRIMARY TUMOUR | G70: - | H70: Moderately differentiated | I70: 7704 1184 8537 NHSBAC CTA transfer manifest NHSB 373
A71: TS-17 - 1782 | B71: 13D044649 | C71: 13D44649 A2, 13D44649 A54 | D71: Left tongue base/supraglottic and lymph nodes | F71: 13D44649 A54 | G71: - | H71: Poorly differentiated | I71: 7704 1184 8537 NHSBAC CTA transfer manifest NHSB 373
A72: TS-17 - 1783 | B72: 1019893 | C72: 01/9893 C3, 01/9893 C4 | D72: Oropharynx right tonsil | F72: BOTH PRIMARY TUMOUR | G72: Basaloid | H72: Poorly differentiated | I72: 7704 1184 8537 NHSBAC CTA transfer manifest NHSB 373
A73: TS-17 - 1784 | B73: 6004061 | C73: 06/4061 A31, 06/4061 A52 | D73: Right piriform fossa | F73: BOTH PRIMARY TUMOUR | G73: - | H73: Moderately differentiated, focally keratinising | I73: 7704 1184 8537 NHSBAC CTA transfer manifest NHSB 373
A74: TS-17 - 1785 | B74: 6009175 | C74: 06/9175 57, 06/9175 61 | D74: Right lateral border of tongue and lymph node in right radical neck dissection | F74: BOTH PRIMARY TUMOUR | G74: - | H74: Moderately differentiated, focally keratinising | I74: 7704 1184 8537 NHSBAC CTA transfer manifest NHSB 373
A75: TS-17 - 1786 | B75: 11D036731 | C75: 11D36731 A44, 11D36731 A48 | D75: Right piriform fossa total laryngectomy and lymph nodes from right level two neck dissection | F75: BOTH PRIMARY TUMOUR | G75: Basaloid | H75: Poorly differentiated | I75: 7704 1184 8537 NHSBAC CTA transfer manifest NHSB 373
A76: TS-17 - 1787 | B76: 14D037725 | C76: 14D37725 C7, 14D37725 C8 | D76: Anterior floor of mouth and lymph nodes in left neck | F76: BOTH PRIMARY TUMOUR | G76: - | H76: Poorly differentiated | I76: 7704 1184 8537 NHSBAC CTA transfer manifest NHSB 373
A77: TS-17 - 1788 | B77: 1011883 | C77: 01/11883 3, 01/11883 4 | D77: Left pharynx | F77: BOTH PRIMARY TUMOUR | G77: - | H77: Moderately differentiated, focally keratinising | I77: 7704 1184 8537 NHSBAC CTA transfer manifest NHSB 373
A78: TS-17 - 1789 | B78: 98013169 | C78: 98/13169 E4, 98/13169 E38 | D78: Left piriform fossa/hypopharynx and lymph nodes in posterior apex triangle | F78: 13169 E38 | G78: - | H78: Poorly differentiated | I78: 7704 1184 8537 NHSBAC CTA transfer manifest NHSB 373
A79: TS-17 - 1790 | B79: 15D032332 | C79: 15D32332 A6, 15D32332 A7 | D79: Left floor of mouth | F79: BOTH PRIMARY TUMOUR | G79: - | H79: Moderately differentiated | I79: 7704 1184 8537 NHSBAC CTA transfer manifest NHSB 373
A80: TS-17 - 1791 | B80: 11D001731 | C80: 11D1731 A1, 11D1731 B1 | D80: Right piriform fossa involving bilateral posterior larynx and lymph nodes in left neck dissection | F80: 11D1731 A1, 11D1731 B1 | G80: - | H80: Moderately differentiated | I80: 7704 1184 8537 NHSBAC CTA transfer manifest NHSB 373
A81: TS-17 - 1792 | B81: 14D036943 | C81: 14D36943 E3, 14D36943 E6 | D81: Right tonsil and lymph nodes in right neck dissection | F81: 14D36943 E3, 14D36943 E6 | G81: Basaloid | H81: Not stated | I81: 7704 1184 8537 NHSBAC CTA transfer manifest NHSB 373
A82: TS-17 - 1793 | B82: 13D051984 | C82: 13D51984 F18, 13D51984 F19 | D82: Right lateral floor of mouth/ tongue base and lymph node in right neck dissection | F82: BOTH PRIMARY TUMOUR | G82: Basaloid | H82: Not stated | I82: 7704 1184 8537 NHSBAC CTA transfer manifest NHSB 373
A83: TS-17 - 1794 | B83: 11D009373 | C83: 11D9373 B3, 11D9373 B5 | D83: Hypopharynx, extranodal tumour invading SCM and adjacent to IJV and lymph nodes | F83: 11D9373 B3 | G83: - | H83: Moderately diffirentiated | I83: 7704 1184 8537 NHSBAC CTA transfer manifest NHSB 373
A84: TS-17 - 1795 | B84: 14D041537 | C84: 14D41537 E1, 14D41537 E20 | D84: Left tonsil and lymph nodes | F84: 14D41537 E1, 14D41537 E20 | G84: - | H84: Poorly differentiated | I84: 7704 1184 8537 NHSBAC CTA transfer manifest NHSB 373
A85: TS-17 - 1796 | B85: 1006223 | C85: 01/6223 A11, 01/6223 A13 | D85: Right piriform fossa and lymph node | F85: BOTH PRIMARY TUMOUR | G85: - | H85: Moderate to poorly differentiated, focally keratinising. | I85: 7704 1184 8537 NHSBAC CTA transfer manifest NHSB 373
A86: TS-17 - 1797 | B86: 1013908 | C86: 01/13908 B27, 01/13908 B30 | D86: Larynx and bilateral piriform fossae and lymph nodes | F86: BOTH PRIMARY TUMOUR | G86: - | H86: Poorly differentiated | I86: 7704 1184 8537 NHSBAC CTA transfer manifest NHSB 373
A87: TS-17 - 1798 | B87: 11D015012 | C87: 11D15012 B28, 11D15012 B46 | D87: Right epiglottic fold and piriform fossa and lymph nodes | F87: BOTH PRIMARY TUMOUR | G87: - | H87: Moderately differentiated | I87: 7704 1184 8537 NHSBAC CTA transfer manifest NHSB 373
A88: TS-17 - 1799 | B88: 14D016541 | C88: 14D16541 A4, 14D16541 A7 | D88: Anterior right tongue and lymph nodes from right selective neck dissection. | F88: BOTH PRIMARY TUMOUR | G88: - | H88: Poorly differentiated | I88: 7704 1184 8537 NHSBAC CTA transfer manifest NHSB 373
A89: TS-17 - 1800 | B89: 15D041529 | C89: 15D41529 E7, 15D41529 E11 | D89: Left tonsil and lymph nodes in left selective neck dissection | F89: 15D41529 E7, 15D41529 E11 | G89: Basaloid | H89: Not stated | I89: 7704 1184 8537 NHSBAC CTA transfer manifest NHSB 373
A90: TS-17 - 1801 | B90: 15D023220 | C90: 15D23320 D34, 15D23320 D39 | D90: Right tonsil and lymph nodes in right radical neck dissection | F90: BOTH PRIMARY TUMOUR | G90: - | H90: Moderately differentiated | I90: 7704 1184 8537 NHSBAC CTA transfer manifest NHSB 373
A91: TS-17 - 1802 | B91: 15D022437 | C91: 15D22437 E2, 15D22437 E4 | D91: Left tonsil and lymph nodes left modified neck dissection | F91: 15D22437 E2, 15D22437 E4 | G91: Basaloid | H91: Not stated | I91: 7704 1184 8537 NHSBAC CTA transfer manifest NHSB 373
A92: TS-17 - 1803 | B92: 6017504 | C92: 06/17504 B35 BB1, 06/17504 B36 BB1 | D92: Left mandible and left posterior tongue and lymph nodes in left neck | F92: BOTH PRIMARY TUMOUR | G92: Basaloid | H92: Poorly differentiated | I92: 7704 1184 8537 NHSBAC CTA transfer manifest NHSB 373
A93: TS-17 - 1804 | B93: 8021103 | C93: 08/21103 3 BB1, 08/21103 6 BB1 | D93: Left Supraglottis | F93: 08/21103 3 BB1, 08/21103 6 BB1 | G93: - | H93: Moderate to Poorly Differentiated | I93: 7704 1184 8537 NHSBAC CTA transfer manifest NHSB 373
A94: TS-17 - 1805 | B94: 14D004870 | C94: 14D4870 A64, 14D4870 A64 BB1 | D94: Supraglottic tongue base margin & right hyoid and lymph nodes right neck | F94: BOTH PRIMARY TUMOUR | G94: Basaloid | H94: Poorly differentiated | I94: 7704 1184 8537 NHSBAC CTA transfer manifest NHSB 373
A95: TS-17 - 1806 | B95: 10D006363 | C95: 10D6363 B22, 10D6363 B22 BB1 | D95: Metastatic lymph node in right neck dissection, no evidence of primary lesion | F95: 10D6363 B22, 10D6363 B22 BB1 | G95: - | H95: Not stated | I95: 7704 1184 8537 NHSBAC CTA transfer manifest NHSB 373
A96: TS-17 - 1807 | B96: 11D024272 | C96: 11D24272 E13, 11D24272 E13 BB1 | D96: Right tongue base and lymph nodes in right radical neck dissection | F96: BOTH PRIMARY TUMOUR | G96: - | H96: Moderately differentiated | I96: 7704 1184 8537 NHSBAC CTA transfer manifest NHSB 373
A97: TS-17 - 1808 | B97: 12D025710 | C97: 12D25710 A8, 12D25710 A6 BB1 | D97: Left tongue | F97: BOTH PRIMARY TUMOUR | G97: - | H97: Moderately differentiated | I97: 7704 1184 8537 NHSBAC CTA transfer manifest NHSB 373
A98: TS-17 - 1809 | B98: 11D025883 | C98: 11D25883 F7, 11D25883 F8 BB1 | D98: Right tongue base and lymph nodes in left neck dissection | F98: BOTH PRIMARY TUMOUR | G98: - | H98: Moderately differentiated | I98: 7704 1184 8537 NHSBAC CTA transfer manifest NHSB 373
A99: TS-17 - 1810 | B99: 11D037048 | C99: 11D37048 F6, 11D37048 F6 BB1 | D99: Right tongue | F99: BOTH PRIMARY TUMOUR | G99: - | H99: Poorly differentiated | I99: 7704 1184 8537 NHSBAC CTA transfer manifest NHSB 373
A100: TS-17 - 1811 | B100: 13D015986 | C100: 13D15986 A4, 13D15986 A6 | D100: Right lateral tongue | F100: BOTH PRIMARY TUMOUR | G100: - | H100: Poorly differentiated | I100: 7704 1184 8537 NHSBAC CTA transfer manifest NHSB 373
A101: TS-17 - 1812 | B101: 13D045363 | C101: 13D45363 E31, 13D45363 E31 BB1 | D101: posterior hypopharyngeal wall and lymph nodes in right neck dissection | F101: 13D45363 E31, 13D45363 E31 BB1 | G101: - | H101: Moderately differentiated | I101: 7704 1184 8537 NHSBAC CTA transfer manifest NHSB 373
A102: TS-17 - 1813 | B102: 10D003783 | C102: 10D3783 L16, 10D3783 L21 | D102: Right nasal vestibule and right level I neck nodes | F102: BOTH PRIMARY TUMOUR | G102: - | H102: Poorly differentiated | I102: 7704 1184 8537 NHSBAC CTA transfer manifest NHSB 373
A103: TS-17 - 1814 | B103: 15D036358 | C103: 15D36358 C5, 15D36358 C7 | D103: Tongue - Resection, right hemi-glossectomy with adjacent alveolar mucosa | F103: BOTH PRIMARY TUMOUR | G103: - | H103: Poorly differentiated | I103: 7704 1184 8537 NHSBAC CTA transfer manifest NHSB 373
A104: TS-17 - 1815 | B104: 11D024085 | C104: 11D24085 E14, 11D24085 E21 | D104: Left tonsil and lymph nodes in left modified radical neck dissection | F104: BOTH PRIMARY TUMOUR | G104: Basaloid | H104: Poorly differentiated | I104: 7704 1184 8537 NHSBAC CTA transfer manifest NHSB 373

Sheet ADC
A1: TriStar ID | B1: Primary lab number | C1: Block/Slide Number | D1: Date Obtained | E1: Procedure Type | F1: Date hormone treatment first given | G1: Date mets first diagnosed | H1: mCRPC or mHSPC | I1: % of Tumour | J1: % of Normal | K1: Ratio of Nucleated | L1: Prior cancer other than prostate | M1: Prior platinum based therapy or PARP | N1: Gleason score | O1: Tumour/ normal surface area | P1: Tumour sub-type or grade / differentiation | Q1: Comments | R1: slides QC | S1: PSA Levels (month-year - Prostate specific AG-EQU ug/L) [acceptable range 0.00 - 5.00] | T1: Manifest
A2: 6670/07 C | B2: 7106670 | C2: 6670/07 C | E2: Prostate TURP (Chips) | F2: - | G2: - | H2: - | I2: - | J2: - | K2: - | L2: - | M2: - | Q2: - | R2: - | S2: Jan-07 - 57.40; Jul-07 - 45.30; Aug-07 - 14.20; Jan-08 - 6.50; May-08 - 3.10; Dec-08 - 1.40; Jun-09 - 1.30; Dec-09 - 1.40; Jun-10 - 2.80; Jul-10 - 1.80; Jan-11 - 2.90; Jul-11 - 5.30; Oct-11 - 6.20; Jan-12 - 7.90; Feb-12 - 10.50; May-12 - 14.60; Aug-12 - 17.10; Nov-12 - 32.40; Jun-13 - 17.90; Sep-13 - 10.20; Dec-13 - 10.40; Apr-14 - 11.80; Jul-14 - 12.10; Oct-14 - 11.70; Apr-15 - 14.10; Jul-15 - 19.90; Oct-15 - 9.40. | T2: 7775-1317-3171 (1418) transfer manifest NHSBAC CTA
A3: 2938/04 B | B3: 4102938 | C3: 2938/04 B | E3: Prostate TURP (Chips) | F3: - | G3: - | H3: - | I3: - | J3: - | K3: - | L3: - | M3: - | Q3: - | R3: - | S3: Nov-03 - 64.60; Dec-03 - 67.50; May-04 - 79.10; Aug-04 - 12.50; Jan-05 - 7.50; Aug-05 - 4.10; Feb-06 - 10.30; Oct-06 - 19.90; Apr-07 - 28.00; Oct-07 - 42.80; Jan-08 - 73.70; May-08 - 60.10; Aug-08 - 25.60; Jan-09 - 78.20; Mar-10 - 459.00. | T3: 7775-1317-3171 (1418) transfer manifest NHSBAC CTA
A4: 9421/04 H | B4: 4109421 | C4: 9421/04 H | E4: Prostate TURP (Chips) | F4: - | G4: - | H4: - | I4: - | J4: - | K4: - | L4: - | M4: - | Q4: - | R4: - | S4: Apr-04 - 29.60; Dec-04 - 34.90; Apr-05 - 109.00; Jul-05 - 1.80; Aug-05 - 2.50; Jan-06 - 0.40; May-06 - 0.70; Sep-06 - 4.00; Nov-06 - 12.10; Dec-06 - 12.00; Feb-07 - 8.10; Apr-07 - 6.40; Jul-07 - 11.90; Aug-07 - 24.40 and 30.10. | T4: 7775-1317-3171 (1418) transfer manifest NHSBAC CTA
A5: 5020/06 B | B5: 6105020 | C5: 5020/06 B | E5: Prostate TURP (Chips) | F5: - | G5: - | H5: - | I5: - | J5: - | K5: - | L5: - | M5: - | Q5: - | R5: - | S5: Apr-00 - 12.7; Sep-05 - 5.00; Jun-06 - 3.00; Jan-07 - 5.90; Sep-07 - 6.40; Apr-08 - 8.50; Sep-08 - 5.80; Mar-09 - 5.60; Apr-09 - 6.20; Sep-09 - 9.20; Mar-10 - 14.90; Aug-10 - 35.10; Sep-10 - 8.80; Nov-10 - 1.10; Mar-11 - 0.58; May-11 - 0.49; May-11 - 0.53; Sep-11 - 0.86; Oct-11 - 0.94; Jan-12 - 1.40; Apr-12 - 3.60; May-12 - 4.50; Jul-12 - 29.20; Aug-12 - 96.00. | T5: 7775-1317-3171 (1418) transfer manifest NHSBAC CTA
A6: 10343/06 A | B6: 6110343 | C6: 10343/06 A | E6: Prostate TURP (Chips) | F6: - | G6: - | H6: - | I6: - | J6: - | K6: - | L6: - | M6: - | Q6: - | R6: - | S6: Dec-03 - 21.0; Apr-04 - 30.8; Mar-06 - 54.50; May-07 - 0.80; Sep-07 - 1.40; Apr-08 - 3.00; Jul-08 - 4.30; Oct-08 - 4.00; Jan-09 - 5.20; May-09 - 5.50; Jul-09 - 6.00; Nov-09 - 5.50; Feb-10 - 6.50; May-10 - 6.90; Jun-10 - 6.60; Aug-10 - 6.10; Dec-10 - 6.70; May-11 - 55.00; Jul-11 - 289.00. | T6: 7775-1317-3171 (1418) transfer manifest NHSBAC CTA
A7: 11461/06 H | B7: 6111461 | C7: 11461/06 H | E7: Prostate TURP (Chips) | F7: - | G7: - | H7: - | I7: - | J7: - | K7: - | L7: - | M7: - | Q7: - | R7: - | S7: Aug-04 - 40.50 and 47.50; Dec-04 - 3.00; Mar-05 - 0.60; Jul-05 - 4.10; Sep-05 - 7.40; Mar-06 - 27.30; Apr-06 - 27.10; Aug-06 - 316.00; Sep-06 - 149.00. | T7: 7775-1317-3171 (1418) transfer manifest NHSBAC CTA
A8: 12D6505 A1 | B8: 12D006505 | C8: 12D6505 A1 | E8: Prostate TURP (Chips) | F8: - | G8: - | H8: - | I8: - | J8: - | K8: - | L8: - | M8: - | Q8: - | R8: - | S8: Nov-11 - 8.29; Apr-12 - 0.14; Nov-14 - 10.00; Dec-14 - 3.10; Jan-15 - 1.80; Feb-15 - 1.00; Mar-15 - 0.73; May-15 - 0.64; Jul-15 - 0.89; Sep-15 - 2.30; Oct-15 - 1.20; Nov-15 - 1.40; Dec-15 - 3.70; Jan-16 - 9.30; Mar-16 - 11.90; Apr-16 - 17.40; May-16 - 26.90. | T8: 7775-1317-3171 (1418) transfer manifest NHSBAC CTA
A9: 15671/04 3B | B9: 4115671 | C9: 15671/04 3B | E9: Radical prostatectomy | F9: - | G9: - | H9: - | I9: - | J9: - | K9: - | L9: - | M9: - | Q9: - | R9: - | S9: Jul-04 - 17.0; Apr-05 - 0.60; Jun-05 - <0.10; Jul-05 - 0.10; Oct-05 - 0.20; Jan-06 - 0.50; May-06 - 2.80 and 4.40; Jun-06 - 4.70; Jul-06 - 0.30; Dec-06 - <0.10; Apr-07 - 0.10; Jun-07 - 1.20; Sep-07 - 2.30; Jan-08 - 7.60; Feb-08 - 14.90; Mar-08 - 14.80; Apr-08 - 13.40; May-08 - 26.80; Jun-08 - 62.60 and 88.60; Jul-08 - 115.00 and 160.00; Aug-08 - 192.00 and 228.00; Sep-08 - 205.00; Oct-08 - 252.00; Nov-08 - 335.00 and 389.00; Nov-08 - 368.00; Jan-09 - 249.00; Apr-09 - 504.00; Jun-09 - 804.00; Jul-09 - 1390.00; Aug-09 - 1282.00 and 1427.00; Sep-09 - 1682.00 and 2228.00; Oct-09 - 2138.00; Nov-09 - 1215.00; Dec-09 - 886.00; Jan-10 - 1476.00. | T9: 7775-1317-3171 (1418) transfer manifest NHSBAC CTA
A10: 10A19304 A2 BB1 | B10: 10A019304 | C10: 10A19304 A2 BB1 | E10: Prostate TURP (Chips) | F10: - | G10: - | H10: - | I10: - | J10: - | K10: - | L10: - | M10: - | Q10: - | R10: - | S10: Jan-02 - 29.60; Apr-02 - 23.00; Aug-02 - 1.70; Sep-02 - 1.50; Mar-03 - 1.10; Jul-03 - 0.80; Jun-04 - 2.50; Jul-04 - 3.60; Apr-06 - 1.30; Aug-06 - 1.10; Nov-06 - 1.90; Jan-07 - 7.70; May-07 - 16.00; Aug-07 - 3.00; Mar-08 - 3.20; May-08 - 17.40; Aug-08 - 7.40; Jan-09 - 5.50; May-09 - 26.50; Aug-09 - 7.10; Mar-10 - 5.20; Jun-10 - 11.50; Jan-11 - 5.00; Apr-11 - 19.80; Nov-11 - 7.10; May-12 - 6.10; Aug-12 - 25.00; Nov-12 - 10.50; May-13 - 8.10; Oct-13 - 18.30; Nov-13 - 12.10; Feb-14 - 23.00; May-14 - 8.60; Aug-14 - 26.10; Oct-14 - 10.20; May-15 - 12.20; Sep-15 - 29.80; Dec-15 - 14.50; Mar-16 - 12.80; Apr-16 - 15.90; Jul-16 - 16.00. | T10: 7775-1317-3171 (1418) transfer manifest NHSBAC CTA
A11: 5485/07 A BB1 | B11: 7105485 | C11: 5485/07 A BB1 | E11: Prostate TURP (Chips) | F11: - | G11: - | H11: - | I11: - | J11: - | K11: - | L11: - | M11: - | Q11: - | R11: - | S11: Jun-99 - 29.8; Aug-00 - 2.5; Dec-00 - 12.1; Mar-01 - <1.0; Oct-01 - <1.0; Oct-02 - <1.0 Feb-03 - 0.20; Nov-05 - 1.30; Aug-06 - 1.50; Jan-07 - 8.10; Jul-07 - 19.40; Sep-07 - 17.90; Nov-07 - 23.80; Dec-07 - 30.60; Mar-08 - 96.40 and 112.00; Apr-08 - 181.00; May-08 - 140.00; Jun-08 - 184.00; Jul-08 - 287.00; Aug-08 - 251.00; Oct-08 - 328.00; Nov-08 - 388.00; Jan-09 - 438.00 and 417.00. | T11: 7775-1317-3171 (1418) transfer manifest NHSBAC CTA
A12: 15659/00 C | B12: 115659 | C12: 15659/00 C | E12: Prostate TURP (Chips) | F12: - | G12: - | H12: - | I12: - | J12: - | K12: - | L12: - | M12: - | Q12: - | R12: - | S12: Jun-00 - 27.0; Jan-02 - 83.20; Feb-03 - 3.50; Sep-03 - 0.10; Jan-04 - 0.20; Jul-04 - 1.60; Sep-04 - 0.40; Jan-05 - 6.10; May-05 - 0.10; Jul-05 - 9.70; Nov-05 - 1.70; Feb-06 - 65.40; Jun-06 - 512.00; Sep-06 - 1003.00; Feb-07 - 3648.00. | T12: 7775-1317-3171 (1418) transfer manifest NHSBAC CTA
A13: 21756/02 2D | B13: 2121756 | C13: 21756/02 2D | E13: Prostate TURP (Chips) | F13: - | G13: - | H13: - | I13: - | J13: - | K13: - | L13: - | M13: - | Q13: - | R13: - | S13: Jul-02 - 49.70; Mar-03 - 7.60; Jun-03 - 0.70; May-04 - 0.30; Aug-04 - 0.30; Nov-04 - 0.60; Feb-05 - 1.10; Aug-05 - 3.40; Dec-05 - 7.70; Mar-06 - 5.20; Apr-06 - 4.90; May-06 - 4.20; Jun-06 - 3.00; Nov-06 - 1.10; Mar-07 - 0.30; Jun-07 - 0.20; Oct-07 - 0.70; Nov-07 - 1.30; Mar-08 - 3.60; Jan-09 - 17.80; Feb-09 - 19.40; Apr-09 - 10.20; Jun-09 - 3.40; Jul-09 - 4.30; Sep-09 - 12.20; Oct-09 - 13.50; Dec-09 - 52.40 and 31.90. | T13: 7775-1317-3171 (1418) transfer manifest NHSBAC CTA
A14: 18455/01 F | B14: 1118455 | C14: 18455/01 F | E14: Prostate TURP (Chips) | F14: - | G14: - | H14: - | I14: - | J14: - | K14: - | L14: - | M14: - | Q14: - | R14: - | S14: Sep-01 - 92.7; Oct-01 - 82.60; Dec-01 - 3.80; Sep-02 - 0.10; Mar-03 - 0.10; Sep-03 - 0.10; Mar-04 - 0.10; Oct-04 - 0.10; Mar-05 - 0.10; Feb-06 - 0.10; Jul-10 - 2.10; Sep-10 - 0.58; Dec-15 - 31.20; May-16 - 49.80. | T14: 7775-1317-3171 (1418) transfer manifest NHSBAC CTA
A15: 14440/05 C | B15: 5114440 | C15: 14440/05 C | E15: Prostate TURP (Chips) | F15: - | G15: - | H15: - | I15: - | J15: - | K15: - | L15: - | M15: - | Q15: - | R15: - | S15: Oct-04 - 20.9; May-05 - 1.40; Aug-05 - 2.30; Dec-05 - 3.20; Mar-06 - 8.40; Apr-06 - 12.40; Jun-06 - 18.90; Jul-06 - 26.20; Sep-06 - 43.50; Oct-06 - 109.00. | T15: 7775-1317-3171 (1418) transfer manifest NHSBAC CTA
A16: 3152/06 D | B16: 6103152 | C16: 3152/06 D | E16: Prostate TURP (Chips) | F16: - | G16: - | H16: - | I16: - | J16: - | K16: - | L16: - | M16: - | Q16: - | R16: - | S16: Dec-02 - 6.00; Jan-03 - 6.30; Apr-03 - 0.10; Aug-03 - 0.10; Jan-04 - 0.20; Jul-04 - 0.80; Oct-04 - 1.60; Mar-05 - 2.60; Jun-05 - 2.40; Sep-05 - 3.80; Dec-05 - 6.10; Jun-06 - 3.90; Oct-06 - 6.50; Nov-06 - 18.80; Jan-07 - 17.40; Feb-07 - 6.40; Mar-07 - 3.50; Apr-07 - 3.10; May-07 - 2.10; Jun-07 - 3.80; Jul-07 - 3.20; Aug-07 - 3.70; Sep-07 - 5.10; Dec-07 - 21.70; Jan-08 - 55.30. | T16: 7775-1317-3171 (1418) transfer manifest NHSBAC CTA
A17: 2132/07 B | B17: 7102132 | C17: 2132/07 B | E17: Prostate TURP (Chips) | F17: - | G17: - | H17: - | I17: - | J17: - | K17: - | L17: - | M17: - | Q17: - | R17: - | S17: May-06 - 21.10; Apr-07 - 14.20; Sep-07 - 4.50; Feb-08 - 4.60; Sep-08 - 23.40; Dec-08 - 21.10; May-09 - 15.50; Sep-09 - 16.50; Jan-10 - 21.70; Apr-10 - 22.70; Aug-10 - 29.50; Dec-10 - 55.10; May-11 - 95.90; Aug-11 - 186.00. | T17: 7775-1317-3171 (1418) transfer manifest NHSBAC CTA
A18: 2190/07 B | B18: 7102190 | C18: 2190/07 B | E18: Prostate TURP (Chips) | F18: - | G18: - | H18: - | I18: - | J18: - | K18: - | L18: - | M18: - | Q18: - | R18: - | S18: Dec-06 - 37.00; Feb-07 - 35.0; Mar-07 - 15.10; Apr-07 - 29.20; Jun-07 - 7.30; Aug-07 - 3.70 and 2.00; Jan-08 - 0.60; May-08 - 1.10; Oct-08 - 3.80; Jan-09 - 6.40; Mar-09 - 8.70. | T18: 7775-1317-3171 (1418) transfer manifest NHSBAC CTA
A19: NO-SKU | B19: 7108760 | C19: 8760/07 B | E19: Prostate TURP (Chips) | F19: - | G19: - | H19: - | I19: - | J19: - | K19: - | L19: - | M19: - | Q19: - | R19: - | S19: May-96 - 101.0; Jul-96 - 0.4; Oct-96 - 0.1; Apr-97 - 0.1; Oct-97 - 0.1; Jul-98 - 0.1; Apr-99 - <0.1; Oct-99 - <0.1; Apr-00 - <0.1; May-01 - 0.8; Oct-06 - 6.80; Apr-07 - 9.80; Jul-07 - 6.60; Sep-07 - 7.50; Dec-07 - 9.70; May-08 - 12.30; Aug-08 - 14.30; Nov-08 - 13.10; Dec-08 - 16.90; Apr-09 - 22.00; Oct-10 - 62.90; May-11 - 33.50; Feb-12 - 266.00; Jun-12 - 441.00; Jul-12 - 680.00; Sep-12 - 1441.00. | T19: 7775-1317-3171 (1418) transfer manifest NHSBAC CTA
A20: 5746/07 B | B20: 7105746 | C20: 5746/07 B | E20: Prostate TURP (Chips) | F20: - | G20: - | H20: - | I20: - | J20: - | K20: - | L20: - | M20: - | Q20: - | R20: - | S20: Nov-06 - 47.90; Apr-08 - 3.10; Aug-08 - 2.30; Apr-09 - 2.30; Oct-09 - 1.70; Apr-10 - 1.50; Oct-10 - 1.60; Jun-11 - 2.30; Mar-12 - 14.10; Aug-12 - 27.80; Nov-12 - 12.70; Feb-13 - 10.30; May-13 - 8.00; Aug-13 - 3.80; Nov-13 - 10.70; Dec-13 - 6.60; Jan-14 - 8.80; Jan-14 - 15.10; Feb-14 - 8.30; Mar-14 - 3.30; Apr-14 - 2.40; May-14 - 1.90; Jun-14 - 1.60; Jul-14 - 1.40; Aug-14 - 1.40; Sep-14 - 1.20; Oct-14 - 1.20; Nov-14 - 1.10; Dec-14 - 0.96; Jan-15 - 0.90; Feb-15 - 0.89; Mar-15 - 1.30; Apr-15 - 1.30; May-15 - 1.30; Jun-15 - 1.50; Jul-15 - 1.20; Aug-15 - 1.40; Sep-15 - 1.60; Oct-15 - 2.00; Nov-15 - 2.30; Dec-15 - 2.50; Jan-16 - 2.90; Feb-16 - 4.40; Mar-16 - 4.20; Jun-16 - 2.40. | T20: 7775-1317-3171 (1418) transfer manifest NHSBAC CTA
A21: 3802/07 B | B21: 7103802 | C21: 3802/07 B | E21: Prostate TURP (Chips) | F21: - | G21: - | H21: - | I21: - | J21: - | K21: - | L21: - | M21: - | Q21: - | R21: - | S21: Nov-96 - 217.0; Jan-97 - 174.0; May-97 - 14.0; Sep-97 - 3.2; Dec-97 - 1.3; Mar-98 - 0.9; Jul-98 - 0.8; Jan-99 - 0.7; Apr-99 - 12.6; Jun-99 - 3.6; Aug-99 - 2.0; Nov-99 - 5.7; Feb-00 - 2.8; Aug-00 - 17.4; Dec-00 - 5.2; Mar-01 - 7.5; Apr-01 - 6.9; Jul-01 - 6.0; Oct-01 - 4.0; Oct-01 - 5.10; Feb-02 - 6.10; Aug-02 - 7.20; Oct-02 - 6.40; Feb-03 - 20.00 and 22.60; May-03 - 19.40; Aug-03 - 17.10; Jan-04 - 14.90; Mar-04 - 33.40; Apr-04 - 36.70; Jun-04 - 26.00; Sep-04 - 21.80; Dec-04 - 20.50; Jun-05 - 15.20; Jan-06 - 29.50; Apr-06 - 38.40; May-06 - 68.60; Jun-06 - 56.70; Aug-06 - 67.80; Sep-06 - 88.10; Oct-06 - 73.20; Jan-07 - 80.70; Jun-07 - 104.00; Aug-07 - 153.00; Nov-07 - 182.00; Jan-08 - 213.00; Feb-08 - 189.00; Apr-08 - 200.00; Jul-08 - 175.00; Aug-08 - 260.00; Oct-08 - 417.00; Jan-09 - 1566.00. | T21: 7775-1317-3171 (1418) transfer manifest NHSBAC CTA
A22: 2550/07 A | B22: 7102550 | C22: 2550/07 A | E22: Prostate TURP (Chips) | F22: - | G22: - | H22: - | I22: - | J22: - | K22: - | L22: - | M22: - | Q22: - | R22: - | S22: Jul-04 - 137.00; Feb-06 - 13.60; Aug-06 - 70.50; Nov-06 - 192.00. | T22: 7775-1317-3171 (1418) transfer manifest NHSBAC CTA
... A71: NO-SKU | B71: 6109597 | C71: 9497/06 D | E71: Prostate TURP (Chips) | F71: - | G71: - | H71: - | I71: - | J71: - | K71: - | L71: - | M71: - | Q71: - | R71: - | S71: Sep-06 - 79.20; Nov-06 - 146.00; Mar-07 - 1.60; Jul-07 - 1.20; Oct-07 - 1.20; Nov-07 - 1.00; Jan-08 - 1.40; Apr-08 - 1.20; Jul-08 - 1.60; Oct-08 - 2.20; Jan-09 - 2.80; Apr-09 - 6.00; Jul-09 - 7.40; Aug-09 - 6.90; Nov-09 - 8.10; Feb-10 - 23.70; Jun-10 - 17.20; Sep-10 - 22.00; Jan-11 - 34.50; May-11 - 49.70; Jul-11 - 25.10; Sep-11 - 30.00; Jan-12 - 76.50; May-12 - 44.40; Aug-12 - 30.30; Sep-12 - 28.10; Jan-13 - 45.70; Feb-13 - 44.30; Jun-13 - 50.00; Sep-13 - 58.30; Dec-13 - 68.50; Jul-14 - 157.00; Sep-14 - 184.00; Dec-14 - 323.00; Mar-16 - 2217.00. | T71: 7775-1317-3171 (1418) transfer manifest NHSBAC CTA
A72: TS-16 - 0868 | B72: 08A012588 | C72: 08A12588 A2 | E72: TURP | F72: 39826 | G72: 40057 | H72: mCRPC | I72: 60 | J72: 40 | K72: >30% | L72: No | M72: No | R72: mainly T | S72: - | T72: 7771 6591 7537 (1433-01) transfer manifest NHSBAC CTA LM QC-2
A73: TS-16 - 0869 | B73: 08A015508 | C73: 08A15508 A2 | E73: TURP | F73: 39468 | G73: 39898 | H73: mCRPC | I73: 50 | J73: 50 | K73: >30% | L73: No | M73: No | P73: Poor | R73: mainly T | S73: - | T73: 7771 6591 7537 (1433-01) transfer manifest NHSBAC CTA LM QC-2
A74: TS-16 - 0870 | B74: 08A018815 | C74: 08A18815 A3 | E74: TURP | F74: 39849 | G74: 39828 | H74: mHSPC | I74: 70 | J74: 30 | K74: >30% | L74: No | M74: No | Q74: - | R74: mainly T | S74: - | T74: 7771 6591 7537 (1433-01) transfer manifest NHSBAC CTA LM QC-2
A75: TS-16 - 0871 | B75: 08A007174 | C75: 08A7174 A3 | E75: TURP | F75: 39979 | G75: 40000 | H75: mCRPC | I75: 70 | J75: 30 | K75: >30% | L75: No | M75: No | Q75: - | R75: mainly T | S75: - | T75: 7771 6591 7537 (1433-01) transfer manifest NHSBAC CTA LM QC-2
A76: TS-16 - 0873 | B76: 08A007593 | C76: 08A7593 A2 | E76: TURP | F76: 39657 | G76: 39647 | H76: mCRPC | I76: 60-65 | J76: 35-40 | K76: >30% | L76: No | M76: No | Q76: - | R76: mainly T | S76: - | T76: 7771 6591 7537 (1433-01) transfer manifest NHSBAC CTA LM QC-2
A77: TS-16 - 0878 | B77: 09A000352 | C77: 09A352 A1 | E77: TURP | F77: 40330 | G77: 40317 | H77: mCRPC | I77: 40 | J77: 60 | K77: >30% | L77: No | M77: No | Q77: - | R77: mainly T | S77: - | T77: 7771 6591 7537 (1433-01) transfer manifest NHSBAC CTA LM QC-2
A78: TS-16 - 0881 | B78: 10A015316 | C78: 10A15316 A2 | E78: TURP | F78: 38642 | G78: 41376 | H78: mCRPC | I78: 75-80 | J78: 20-25 | K78: >30% | L78: No | M78: No | Q78: - | R78: mainly T | S78: - | T78: 7771 6591 7537 (1433-01) transfer manifest NHSBAC CTA LM QC-2
A79: TS-16 - 0883 | B79: 11A006982 | C79: 11A6982 A3 | E79: TURP | F79: 39148 | G79: 40841 | H79: mHSPC | I79: 50 | J79: 50 | K79: >30% | L79: No | M79: No | Q79: - | R79: mainly T | S79: - | T79: 7771 6591 7537 (1433-01) transfer manifest NHSBAC CTA LM QC-2
A80: TS-16 - 0886 | B80: 12D001927 | C80: 12D1927 A6 | E80: TURP | F80: 40976 | G80: 40950 | H80: mHSPC | I80: 65 | J80: 35 | K80: >30% | L80: No | M80: No | P80: Focally positive for CD56 and chromogranin, indicative of neuroendocrine differentiation | Q80: 1 cycle carboplatin and etoposide chemotherapy 2 months after TURP | R80: mainly T | S80: - | T80: 7771 6591 7537 (1433-01) transfer manifest NHSBAC CTA LM QC-2
A81: TS-16 - 0885 | B81: 12D052368 | C81: 12D52368 A3 | E81: TURP | F81: 42118 | G81: 42123 | H81: mCRPC | I81: 50 | J81: 50 | K81: >30% | L81: No | M81: No | Q81: - | R81: mainly T | S81: - | T81: 7771 6591 7537 (1433-01) transfer manifest NHSBAC CTA LM QC-2
A82: TS-16 - 0888 | B82: 13D052750 | C82: 13D052750 A2 | E82: TURP | F82: 41418 | G82: 41403 | H82: mCRPC | I82: 65 | J82: 35 | K82: >30% | L82: No | M82: No | Q82: - | R82: mainly T | S82: - | T82: 7771 6591 7537 (1433-01) transfer manifest NHSBAC CTA LM QC-2
A83: TS-16 - 0891 | B83: 3102763 | C83: 2763/03 C | E83: TURP | F83: 37875 | G83: 37861 | H83: mCRPC | I83: 60 | J83: 40 | K83: >30% | L83: No | M83: No | Q83: - | R83: mainly T | S83: - | T83: 7771 6591 7537 (1433-01) transfer manifest NHSBAC CTA LM QC-2
A84: TS-16 - 0892 | B84: 3108477 | C84: 8477/03 D | E84: TURP | F84: 39294 | G84: 39421 | H84: mCRPC | I84: 45 | J84: 55 | K84: >30% | L84: No | M84: No | Q84: - | R84: mainly T | S84: - | T84: 7771 6591 7537 (1433-01) transfer manifest NHSBAC CTA LM QC-2
A85: TS-16 - 0867 | B85: 08A011715 | C85: 08A11715 A2 | E85: TURP | F85: 39709 | G85: 39693 | H85: mCRPC | I85: 50-60 | J85: 40-50 | K85: >30% | L85: No | M85: No | Q85: - | R85: T+N | S85: - | T85: 7771 6591 7537 (1433-01) transfer manifest NHSBAC CTA LM QC-2
A86: TS-16 - 0872 | B86: 08A007457 | C86: 08A7457 A4 | E86: TURP | F86: 39686 | G86: 39639 | H86: mCRPC | I86: 60 | J86: 40 | K86: >30% | L86: No | M86: No | Q86: - | R86: T+N | S86: - | T86: 7771 6591 7537 (1433-01) transfer manifest NHSBAC CTA LM QC-2
A87: TS-16 - 0877 | B87: 09A016464 | C87: 09A16464 A4 | E87: TURP | F87: 40129 | G87: 40145 | H87: mCRPC | I87: 60-70 | J87: 30-40 | K87: >30% | L87: No | M87: No | Q87: - | R87: T+N | S87: - | T87: 7771 6591 7537 (1433-01) transfer manifest NHSBAC CTA LM QC-2
A88: TS-16 - 0879 | B88: 09A000709 | C88: 09A709 A6 | E88: Radical Prostatcetomy | F88: 41968 | G88: 42018 | H88: mCRPC | I88: 50-60 | J88: 50-60 | K88: >30% | L88: No | M88: No | Q88: - | R88: T+N | S88: - | T88: 7771 6591 7537 (1433-01) transfer manifest NHSBAC CTA LM QC-2
A89: TS-16 - 0874 | B89: 09A011240 | C89: 09A11240 A2 | E89: TURP | F89: 38328 | G89: 40193 | H89: mCRPC | I89: 50-55 | J89: 20-55 | K89: >30% | L89: No | M89: No | Q89: - | R89: T+N | S89: - | T89: 7771 6591 7537 (1433-01) transfer manifest NHSBAC CTA LM QC-2
A90: TS-16 - 0875 | B90: 09A012358 | C90: 09A12358 A4 | E90: TURP | F90: 41251 | G90: 41106 | H90: mCRPC | I90: 50-60 | J90: 40-50 | K90: >30% | L90: No | M90: No | Q90: - | R90: T+N | S90: - | T90: 7771 6591 7537 (1433-01) transfer manifest NHSBAC CTA LM QC-2
A91: TS-16 - 0876 | B91: 09A012828 | C91: 09A12828 A4 | E91: TURP | F91: 40122 | G91: 40101 | H91: mCRPC | I91: 50-60 | J91: 50-60 | K91: >30% | L91: No | M91: No | Q91: - | R91: T+N | S91: - | T91: 7771 6591 7537 (1433-01) transfer manifest NHSBAC CTA LM QC-2
A92: TS-16 - 0880 | B92: 10A012532 | C92: 10A12532 A2 | E92: TURP | F92: 40358 | G92: 41739 | H92: mHSPC | I92: 50 | J92: 50 | K92: >30% | L92: No | M92: No | Q92: - | R92: T+N | S92: - | T92: 7771 6591 7537 (1433-01) transfer manifest NHSBAC CTA LM QC-2
A93: TS-16 - 0882 | B93: 11A010227 | C93: 11A10227 A3 | E93: TURP | F93: 40787 | G93: 40752 | H93: mCRPC | I93: 30 | J93: 70 | K93: >30% | L93: No | M93: No | Q93: - | R93: T+N | S93: - | T93: 7771 6591 7537 (1433-01) transfer manifest NHSBAC CTA LM QC-2
A94: TS-16 - 0884 | B94: 12D013320 | C94: 12D013320 A1 | E94: TURP | F94: 38943 | G94: 42090 | H94: mCRPC | I94: 50-70 | J94: 30-50 | K94: >30% | L94: No | M94: No | Q94: - | R94: T+N | S94: - | T94: 7771 6591 7537 (1433-01) transfer manifest NHSBAC CTA LM QC-2
A95: TS-16 - 0887 | B95: 13D005415 | C95: 13D005415 A3 | E95: TURP | F95: 41330 | G95: 41339 | H95: mCRPC | I95: 60 | J95: 40 | K95: >30% | L95: No | M95: No | Q95: - | R95: T+N | S95: - | T95: 7771 6591 7537 (1433-01) transfer manifest NHSBAC CTA LM QC-2
A96: TS-16 - 0889 | B96: 14D026292 | C96: 14D26292 A3 | E96: TURP | F96: 41684 | G96: 41722 | H96: mHSPC | I96: 50 | J96: 50 | K96: >30% | L96: No | M96: No | Q96: Intraepidermal carcinoma -- is this in-situ skin cancer? | R96: T+N | S96: - | T96: 7771 6591 7537 (1433-01) transfer manifest NHSBAC CTA LM QC-2
A97: TS-16 - 0890 | B97: 3102036 | C97: 2036/03 A | E97: TURP | F97: 37910 | G97: 37783 | H97: mCRPC | I97: 50 | J97: 50 | K97: >30% | L97: No | M97: No | Q97: - | R97: T+N | S97: - | T97: 7771 6591 7537 (1433-01) transfer manifest NHSBAC CTA LM QC-2
A98: =VLOOKUP(C98,Samples!$A$2:$B$5282,1,FALSE) -> 19304/98 D | B98: 98119304 | C98: 19304/98 D | E98: Prostate TURP (Chips) | F98: - | G98: - | H98: - | I98: - | J98: - | K98: - | L98: - | M98: - | S98: Dec-98 - 33.3; Nov-99 - 72.4; Feb-00 - 72.8; Mar-00 - 0.3; May-01 - 6.2; Jun-01 - 3.4; May-02 - 89.90. | T98: 7771-2094-2900 (21036) tr manifest NHSBAC CTA
A99: =VLOOKUP(C99,Samples!$A$2:$B$5282,1,FALSE) -> 16003/97 D | B99: 97116003 | C99: 16003/97 D | E99: Prostate TURP (Chips) | F99: - | G99: - | H99: - | I99: - | J99: - | K99: - | L99: - | M99: - | Q99: Primary 1993 | S99: Dec-96 - 27.6; Feb-98 - 27.0; Feb-99 - 28.7; May-99 - 46.0 and 53.6; Feb-00 - 48.2; Mar-00 - 51.9; Oct-00 - <1.0; Nov-01 - 0.10; Apr-02 - <0.1; Oct-02 - <1.0; Apr-03 - 1.7; Sep-03 - 3.0; Jan-04 - 8.40; Dec-04 - 319.00. | T99: 7771-2094-2900 (21036) tr manifest NHSBAC CTA
A100: =VLOOKUP(C100,Samples!$A$2:$B$5282,1,FALSE) -> 5106/02 B | B100: 2105106 | C100: 5106/02 B | E100: Prostate TURP (Chips) | F100: - | G100: - | H100: - | I100: - | J100: - | K100: - | L100: - | M100: - | Q100: Primary 2000 | S100: Apr-00 - 74.0; Jun-00 - 4.0; Jun-01 - 12.8; Dec-01 - 111.10; Mar-02 - 465.40; Jun-02 - 865.00. | T100: 7771-2094-2900 (21036) tr manifest NHSBAC CTA
A101: =VLOOKUP(C101,Samples!$A$2:$B$5282,1,FALSE) -> 7961/00 3H | B101: 107961 | C101: 7961/00 3H | E101: Prostate gland | F101: - | G101: - | H101: - | I101: - | J101: - | K101: - | L101: - | M101: - | S101: Jan-00 - 9.2; Mar-00 - 13.3; May-00 - 9.8; Aug-00 - <0.1; Nov-00 - <0.1; May-01 - 0.1; Nov-01 - 0.60; Mar-02 - 0.60; Nov-02 - 0.70; Jul-03 - 1.80; Jan-04 - 0.60; Mar-04 - 0.60; Jul-04 - 0.20; Jan-05 - 0.20; Jul-05 - 0.20; Jan-06 - 0.30; Mar-06 - 0.30; Aug-06 - 0.90; Mar-07 - 1.00; Sep-07 - 1.60; Mar-08 - 3.80; Oct-08 - 8.10; Dec-08 - 11.30 and 13.30; Apr-09 - 19.60; Aug-09 - 26.20; Nov-09 - 33.20; Apr-10 - 56.00. | T101: 7771-2094-2900 (21036) tr manifest NHSBAC CTA
A102: =VLOOKUP(C102,Samples!$A$2:$B$5282,1,FALSE) -> 10A18285 A4 | B102: 10A018285 | C102: 10A18285 A4 | E102: Prostate TURP (Chips) | F102: - | G102: - | H102: - | I102: - | J102: - | K102: - | L102: - | M102: - | Q102: Doesn't go into acceptable range but follows profile | S102: May-09 - 100.00; Jun-09 - 99.80; Aug-09 - 31.60; Sep-09 - 22.40; Mar-10 - 21.10; Aug-10 - 35.70; Oct-10 - 45.40 and 67.10; Dec-10 - 59.60; Mar-11 - 81.40; Apr-11 - 66.50 and 74.60; May-11 - 78.40; Jun-11 - 73.10 and 76.80; Jul-11 - 78.80; Nov-11 - 237.00 and 287.00; Jan-12 - 676.00 and 725.00; Feb-12 - 940.00; Mar-12 - 1081.00; May-12 - 2452.00 and 3857.00; Jun-12 - 4617.00; Jul-12 - 5407.00 and 5297.00; Aug-12 - 3247.00. | T102: 7771-2094-2900 (21036) tr manifest NHSBAC CTA
A103: =VLOOKUP(C103,Samples!$A$2:$B$5282,1,FALSE) -> 7092/00 B | B103: 107092 | C103: 7092/00 B | E103: Prostate TURP (Chips) | F103: - | G103: - | H103: - | I103: - | J103: - | K103: - | L103: - | M103: - | S103: May-99 - 9.5; Aug-99 - 8.0; Jun-00 - 2.4; Sep-00 - 2.0; Mar-01 - 2.8; Sep-01 - 3.0; Mar-02 - 3.90; Sep-02 - 3.80; Mar-03 - 4.50; Jul-03 - 3.90; Dec-03 - 4.60; Jul-04 - 4.90; Jul-05 - 5.70; Jul-06 - 7.00; Jan-07 - 7.40; Jul-07 - 8.40; Jul-08 - 10.80; Apr-10 - 10.20; Feb-11 - 14.90; Sep-11 - 12.30; Mar-12 - 16.20; Feb-13 - 16.30; May-13 - 18.40; Nov-13 - 18.70; Sep-14 - 18.30; Mar-15 - 20.50; Sep-15 - 22.10; Dec-15 - 25.20; Apr-16 - 25.30; Jul-16 - 24.20. | T103: 7771-2094-2900 (21036) tr manifest NHSBAC CTA
A104: =VLOOKUP(C104,Samples!$A$2:$B$5282,1,FALSE) -> 11665/04 B | B104: 4111665 | C104: 11665/04 B | E104: Prostate TURP (Chips) | F104: - | G104: - | H104: - | I104: - | J104: - | K104: - | L104: - | M104: - | Q104: Primary 2000 | S104: Mar-00 - 34.9; Sep-00 - 1.1; Oct-01 - 0.90; Oct-02 - 1.50; Aug-05 - 1252.00. | T104: 7771-2094-2900 (21036) tr manifest NHSBAC CTA
A105: =VLOOKUP(C105,Samples!$A$2:$B$5282,1,FALSE) -> 8995/00 B | B105: 108995 | C105: 8995/00 B | E105: Prostate TURP (Chips) | F105: - | G105: - | H105: - | I105: - | J105: - | K105: - | L105: - | M105: - | S105: Jun-00 - 62.4 and 18.5; Sep-00 - 2.1; Mar-01 - 1.1; Nov-02 - 2.60; Jul-03 - 3.20; Dec-13 - 3.80; Jun-04 - 4.10; Dec-04 - 6.20; Jun-05 - 11.90; Sep-05 - 18.40; Mar-06 - 17.40; Jul-06 - 137.40; Oct-06 - 132.00; Jan-07 - 317.00; Feb-07 - 359.00; Apr-07 - 456.00; May-07 - 602.00; Aug-07 - 492.00; Dec-07 - 642.00; Feb-08 - 718.00. | T105: 7771-2094-2900 (21036) tr manifest NHSBAC CTA
A106: =VLOOKUP(C106,Samples!$A$2:$B$5282,1,FALSE) -> 8550/00 C BB1 | B106: 108550 | C106: 8550/00 C BB1 | E106: Prostate TURP (Chips) | F106: - | G106: - | H106: - | I106: - | J106: - | K106: - | L106: - | M106: - | S106: Jan-99 - 1008.0; Mar-99 - 60.1; Jul-99 - 20.5; Oct-99 - 22.4; Jan-00 - 41.4; Apr-00 - 66.4; Aug-00 - 158.0; Sep-00 - 173.0; Nov-00 - 219.0; Nov-00 - 137.0. | T106: 7771-2094-2900 (21036) tr manifest NHSBAC CTA
A107: =VLOOKUP(C107,Samples!$A$2:$B$5282,1,FALSE) -> 8721/00 A | B107: 108721 | C107: 8721/00 A | E107: Prostate TURP (Chips) | F107: - | G107: - | H107: - | I107: - | J107: - | K107: - | L107: - | M107: - | S107: Nov-99 - 20.3; Jan-01 - 125.0; Jun-01 - 0.2; Feb-02 - 22.90; Jan-03 - 431.00; Jun-03 - 1030.00. | T107: 7771-2094-2900 (21036) tr manifest NHSBAC CTA
A108: =VLOOKUP(C108,Samples!$A$2:$B$5282,1,FALSE) -> 5024/06 S | B108: 6105024 | C108: 5024/06 S | E108: Prostate gland | F108: - | G108: - | H108: - | I108: - | J108: - | K108: - | L108: - | M108: - | Q108: Primary 2000 | S108: Mar-00 - 11.4; Jun-00 - 9.1; Oct-00 - 11.5; Nov-00 - 9.8; Apr-01 - 1.9; Oct-01 - 0.70; Apr-02 - 0.60; Oct-02 - 0.50; May-03 - 0.60; Feb-04 - 0.90; Nov-04 - 1.50; Oct-05 - 2.70; Mar-06 - 3.00; May-06 - 0.10; Sep-06 - <0.10; Jun-07 - <0.10; Jan-08 - 0.10; Jun-08 - 0.10; Dec-08 - 0.10; Jun-09 - 0.06; Nov-09 - 0.09; Nov-10 - 0.32; Feb-12 - 0.53; Mar-12 - 0.62; Aug-12 - 0.61; Feb-13 - 0.80; Sep-13 - 1.60; Dec-13 - 1.20; Apr-14 - 1.50; Jun-14 - 1.40; Jan-15 - 2.00; Jul-15 - 3.60; Mar-16 - 10.10; Apr-16 - 10.30; Jun-16 - 12.40. | T108: 7771-2094-2900 (21036) tr manifest NHSBAC CTA
A109: =VLOOKUP(C109,Samples!$A$2:$B$5282,1,FALSE) -> 9202/00 C | B109: 109202 | C109: 9202/00 C | E109: Prostate TURP (Chips) | F109: - | G109: - | H109: - | I109: - | J109: - | K109: - | L109: - | M109: - | Q109: Primary 1997, follows profile twice | S109: Jul-97 - 30.4; Dec-97 - 31.2; Jan-99 - 19.1; Feb-99 - 21.6; Jan-00 - 36.4; Mar-00 - 40.1; Aug-00 - 0.1; Apr-01 - 0.5; May-01 - 0.4; Oct-01 - 0.80; Apr-02 - 1.90; Oct-02 - 2.80; Apr-03 - 5.30; Nov-03 - 8.20; Nov-04 - 18.00; Jan-05 - 3.00; Jul-05 - 5.50; Nov-05 - 2.70; Jul-06 - 3.70; Dec-06 - 7.40; Apr-07 - 10.00; Jun-07 - 13.60; Jan-08 - 17.90; Dec-08 - 26.80. | T109: 7771-2094-2900 (21036) tr manifest NHSBAC CTA
A110: =VLOOKUP(C110,Samples!$A$2:$B$5282,1,FALSE) -> 10213/00 1B | B110: 110213 | C110: 10213/00 1B | E110: Prostate TURP (Chips) | F110: - | G110: - | H110: - | I110: - | J110: - | K110: - | L110: - | M110: - | S110: Jun-00 - 16.1; Aug-00 - 2.3; Sep-00 - 0.8; Jan-01 - 10.6. | T110: 7771-2094-2900 (21036) tr manifest NHSBAC CTA
A111: =VLOOKUP(C111,Samples!$A$2:$B$5282,1,FALSE) -> 11050/00 C | B111: 111050 | C111: 11050/00 C | E111: Prostate TURP (Chips) | F111: - | G111: - | H111: - | I111: - | J111: - | K111: - | L111: - | M111: - | S111: May-00 - 23.3; Oct-00 - 15.3; Jun-01 - 18.7; Nov-01 - 20.40; Nov-01 - 20.0; Apr-02 - 1.90; Oct-02 - 9.20; Nov-02 - 40.40; Dec-02 - 77.10; Jan-03 - 60.30; May-03 - 404.00. | T111: 7771-2094-2900 (21036) tr manifest NHSBAC CTA
A112: =VLOOKUP(C112,Samples!$A$2:$B$5282,1,FALSE) -> 11576/00 G | B112: 111576 | C112: 11576/00 G | E112: Prostate TURP (Chips) | F112: - | G112: - | H112: - | I112: - | J112: - | K112: - | L112: - | M112: - | S112: Feb-00 - 36.8; Mar-00 - 3.3; May-00 - 3.7; Jun-00 - 6.3; Nov-00 - 8.4; Feb-01 - 2.8; Mar-01 - 5.3; Mar-01 - 3.6; May-01 - 7.3; Jun-01 - 11.9 and 16.8; Jul-01 - 25.8. | T112: 7771-2094-2900 (21036) tr manifest NHSBAC CTA
A113: =VLOOKUP(C113,Samples!$A$2:$B$5282,1,FALSE) -> 11964/00 2C | B113: 111964 | C113: 11964/00 2C | E113: Prostate TURP (Chips) | F113: - | G113: - | H113: - | I113: - | J113: - | K113: - | L113: - | M113: - | S113: Jul-00 - 134.0; May-01 - 24.7; Nov-01 - 31.60; Nov-01 - 30.5; May-02 - 37.70; Nov-02 - 36.00; May-03 - 42.20; Aug-03 - 35.60; Jan-04 - 39.70; Jul-04 - 35.70; Jan-05 - 37.50; Jun-05 - 34.70; Jan-06 - 55.60; Feb-06 - 48.30; May-06 - 41.00; May-07 - 70.70; Jul-07 - 80.40; Jan-08 - 3.50; Jul-08 - 0.20; Jan-09 - 0.20; Jul-09 - 0.14; Nov-09 - 0.14; Jan-10 - 0.19; Jun-10 - 0.23; Dec-10 - 0.15; Jun-11 - 0.26; Dec-11 - 0.43; Jun-12 - 0.66; Dec-12 - 1.10; Aug-13 - 2.10; Jan-14 - 3.70; Jul-14 - 5.50; Jun-15 - 12.40 and 12.80. | T113: 7771-2094-2900 (21036) tr manifest NHSBAC CTA
A114: =VLOOKUP(C114,Samples!$A$2:$B$5282,1,FALSE) -> 20109/00 A | B114: 120109 | C114: 20109/00 A | E114: Prostate TURP (Chips) | F114: - | G114: - | H114: - | I114: - | J114: - | K114: - | L114: - | M114: - | S114: Apr-97 - 24.6; May-00 - 42.8; Oct-00 - 45.5; Dec-00 - 43.0; Jan-01 - 44.9; May-01 - 6.6; Nov-01 - 0.60; May-02 - 0.40; Jun-02 - 0.40; Jul-02 - 0.40; Aug-02 - 0.30; Nov-02 - 0.30; Apr-03 - 0.20; Apr-03 - 0.20; Oct-03 - 0.20; Aug-04 - 0.30; Sep-04 - 0.40; Jul-07 - 10.20. | T114: 7771-2094-2900 (21036) tr manifest NHSBAC CTA
A115: =VLOOKUP(C115,Samples!$A$2:$B$5282,1,FALSE) -> 12168/04 E | B115: 4112168 | C115: 12168/04 E | E115: Prostate TURP (Chips) | F115: - | G115: - | H115: - | I115: - | J115: - | K115: - | L115: - | M115: - | Q115: Primary 2000 | S115: Jul-00 - 2818.0; Jul-00 - 2451.0; Sep-00 - 1043.0; Oct-00 - 1681.0; Apr-01 - 2776.0; Jul-01 - 184.0; Sep-01 - 10.80; Oct-01 - 5.80; Nov-01 - 5.40; Jan-02 - 4.00; Apr-02 - 3.50; Aug-02 - 2.70; Mar-03 - 6.30; Jul-03 - 10.90; Aug-03 - 16.40; Nov-03 - 48.00; Feb-04 - 295.00; May-04 - 709.00; Oct-04 - 1613.00; Jan-05 - 2019.00 and 2137.00. | T115: 7771-2094-2900 (21036) tr manifest NHSBAC CTA
A116: =VLOOKUP(C116,Samples!$A$2:$B$5282,1,FALSE) -> 13090/00 A | B116: 113090 | C116: 13090/00 A | E116: Prostate TURP (Chips) | F116: - | G116: - | H116: - | I116: - | J116: - | K116: - | L116: - | M116: - | S116: Sep-00 - 37.7; Oct-00 - 13.1; Apr-01 - 0.5; Oct-01 - 1.80; Mar-02 - 25.70; Jul-02 - 12.40; Jan-03 - 98.90 and 105.00; Mar-03 - 233.00 and 249.00. | T116: 7771-2094-2900 (21036) tr manifest NHSBAC CTA
A117: =VLOOKUP(C117,Samples!$A$2:$B$5282,1,FALSE) -> 16731/04 A | B117: 4116731 | C117: 16731/04 A | E117: Prostate TURP (Chips) | F117: - | G117: - | H117: - | I117: - | J117: - | K117: - | L117: - | M117: - | S117: Jul-00 - 26.7; Sep-00 - 32.7; Jan-01 - 33.8; Aug-01 - 44.8; Nov-01 - 54.90; May-02 - 53.80; Jan-03 - 53.40; Oct-04 - 101.00; Dec-06 - 119.7; Jun-08 - 150.00; May-10 - 0.07; Jan-15 - 108.00; Jul-15 - 81.70 | T117: 7771-2094-2900 (21036) tr manifest NHSBAC CTA
A118: =VLOOKUP(C118,Samples!$A$2:$B$5282,1,FALSE) -> 760/07 B | B118: 7100760 | C118: 760/07 B | E118: Prostate TURP (Chips) | F118: - | G118: - | H118: - | I118: - | J118: - | K118: - | L118: - | M118: - | Q118: Primary 2004 | S118: Dec-02 - 6.80; Aug-04 - 40.0; Jan-05 - <1.0; Jun-05 - 0.10; Jan-06 - 0.70; Jul-06 - 11.20; Jan-07 - 142.00; Feb-07 - 140.90; Mar-07 - 232.00 and 274.00. | T118: 7771-2094-2900 (21036) tr manifest NHSBAC CTA
A119: =VLOOKUP(C119,Samples!$A$2:$B$5282,1,FALSE) -> 1330/07 A2 | B119: 7113330 | C119: 1330/07 A2 | E119: Prostate TURP (Chips) | F119: - | G119: - | H119: - | I119: - | J119: - | K119: - | L119: - | M119: - | Q119: Primary 2004 | S119: Dec-02 - 21.80; Feb-03 - 33.20; Sep-03 - 25.10; Jan-04 - 42.70; Feb-04 - 46.30; Jul-04 - 0.70; Oct-04 - 0.70; May-05 - 0.90; May-06 - 8.60; Jun-06 - 9.60; Aug-06 - 11.70; Nov-06 - 19.70; Dec-06 - 21.30; Apr-07 - 99.20; Jul-07 - 163.00; Sep-07 - 153.00; Jan-08 - 167.00; May-08 - 218.00. | T119: 7771-2094-2900 (21036) tr manifest NHSBAC CTA
A120: =VLOOKUP(C120,Samples!$A$2:$B$5282,1,FALSE) -> 13675/07 A6 | B120: 7113675 | C120: 13675/07 A6 | E120: Prostate gland | F120: - | G120: - | H120: - | I120: - | J120: - | K120: - | L120: - | M120: - | Q120: - | R120: - | S120: Jun-07 - 7.40; Aug-07 - 8.90; Sep-07 - 9.30; Jun-08 - 0.10; Aug-08 - <0.10; Dec-08 - 0.10; Apr-09 - 0.20; Jun-09 - 0.18; Oct-09 - 0.30; Mar-10 - 0.50; Jun-10 - 0.74; Nov-10 - 1.00; Feb-11 - 1.60; Jul-11 - 4.60; Nov-11 - 1.70; Feb-12 - 1.10; May-12 - 1.60; Aug-12 - 2.50; Nov-12 - 3.40; Jan-13 - 6.00; Feb-13 - 4.10; Mar-13 - 4.20; Apr-13 - 4.20; May-13 - 3.80; Jun-13 - 3.60; Jul-13 - 2.00; Aug-13 - 1.80; Sep-13 - 1.60; Oct-13 - 2.40; Nov-13 - 2.00; Dec-13 - 2.30; Feb-14 - 8.20. | T120: 7771-2094-2900 (21036) tr manifest NHSBAC CTA
A121: =VLOOKUP(C121,Samples!$A$2:$B$5282,1,FALSE) -> 14543/07 A3 | B121: 7114543 | C121: 14543/07 A3 | E121: Prostate TURP (Chips) | F121: - | G121: - | H121: - | I121: - | J121: - | K121: - | L121: - | M121: - | Q121: Primary 1992 | S121: May-96 - 47.9; Nov-96 - 44.0; Sep-97 - 51.4; Sep-98 - 50.7; Mar-99 - 30.6; Aug-99 - 25.2; Aug-00 - 25.9; Aug-01 - 32.4; Aug-02 - 30.00; Sep-04 - 49.50; Jun-05 - 44.20; Jan-06 - 89.70 and 81.20; Feb-06 - 44.10; Jun-06 - 8.60; Sep-06 - 4.40; Mar-07 - 6.90; Jul-07 - 10.60; Aug-07 - 11.20; Sep-07 - 13.10; Dec-07 - 6.30; Mar-08 - 24.20; May-08 - 20.10; Jun-08 - 21.30; Aug-08 - 26.50; Oct-08 - 30.60 and 38.30; Feb-09 - 51.40 and 69.00; May-09 - 81.50; Jun-09 - 81.10; Jul-09 - 80.10; Sep-09 - 70.70; Oct-09 - 75.50 and 89.60; Dec-09 - 67.50; Jan-10 - 62.80; Apr-10 - 87.70. | T121: 7771-2094-2900 (21036) tr manifest NHSBAC CTA
A122: TS-16 - 0901 | B122: 03114353 | C122: 14353/03 B | E122: TURP | F122: 37790 | G122: 37792 | H122: mHSPC | I122: 0.5 | J122: 0.5 | K122: >30% | L122: No | M122: No | Q122: - | R122: NOT DIVIDED | S122: - | T122: 7771-7650-1843 (1433-02) transfer manifest NHSBAC CTA LM QC
A123: TS-16 - 0902 | B123: 03111724 | C123: 11724/03 B | E123: TURP | F123: 36265 | G123: 39476 | H123: mCRPC | I123: - | J123: - | K123: >30% | L123: No | M123: No | Q123: - | R123: NOT DIVIDED | S123: - | T123: 7771-7650-1843 (1433-02) transfer manifest NHSBAC CTA LM QC
A124: TS-16 - 0914 | B124: 06106657 | C124: 6657/06 C | E124: TURP | F124: 38644 | G124: 39888 | H124: mCRPC | I124: 0.4 | J124: 0.6 | K124: >30% | L124: No | M124: No | Q124: - | R124: NOT DIVIDED | S124: - | T124: 7771-7650-1843 (1433-02) transfer manifest NHSBAC CTA LM QC
A125: TS-16 - 0918 | B125: 07102182 | C125: 2182/07 B | E125: TURP | F125: 38964 | G125: 39003 | H125: mCRPC | I125: 0.3 | J125: 0.7 | K125: >30% | L125: No | M125: No | Q125: - | R125: NOT DIVIDED | S125: - | T125: 7771-7650-1843 (1433-02) transfer manifest NHSBAC CTA LM QC
A126: TS-16 - 0893 | B126: 06103689 | C126: 3689/06 D | E126: TURP | F126: Bilateral orchidectomy 02/03/2006 but no hormones | G126: 38210 | H126: NA | I126: 0.5 | J126: 0.5 | K126: >30% | L126: No | M126: No | Q126: No hormones given, only Alfuzosin for symptom relief, not suitable for NHSB 242 | R126: T+N | S126: - | T126: 7771-7650-1843 (1433-02) transfer manifest NHSBAC CTA LM QC
A127: TS-16 - 0895 | B127: 06105020 | C127: 5020/06 C | E127: TURP | F127: 40423 | G127: 40967 | H127: mCRPC | I127: 0.25 | J127: 0.75 | K127: >30% | L127: No | M127: No | Q127: - | R127: T+N | S127: - | T127: 7771-7650-1843 (1433-02) transfer manifest NHSBAC CTA LM QC
A128: TS-16 - 0896 | B128: 06107551 | C128: 7551/06 B | E128: TURP | F128: 39114 | G128: 39876 | H128: mCRPC | I128: 0.6 | J128: 0.4 | K128: >30% | L128: No | M128: No | Q128: - | R128: T+N | S128: - | T128: 7771-7650-1843 (1433-02) transfer manifest NHSBAC CTA LM QC
A129: TS-16 - 0898 | B129: 06110886 | C129: 10886/06 3B | E129: TURP | F129: 39203 | G129: 40417 | H129: mCRPC | I129: 0.3 | J129: 0.7 | K129: >30% | L129: No | M129: No | Q129: - | R129: T+N | S129: - | T129: 7771-7650-1843 (1433-02) transfer manifest NHSBAC CTA LM QC
A130: TS-16 - 0900 | B130: 06112038 | C130: 12038/06 A | E130: TURP | F130: 39202 | G130: 40395 | H130: mCRPC | I130: 0.5 | J130: 0.5 | K130: >30% | L130: No | M130: No | Q130: - | R130: T+N | S130: - | T130: 7771-7650-1843 (1433-02) transfer manifest NHSBAC CTA LM QC
A131: TS-16 - 0904 | B131: 03113210 | C131: 13210/03 D | E131: TURP | F131: 37834 | G131: 39624 | H131: mCRPC | I131: 0.5 | J131: 0.5 | K131: >30% | L131: No | M131: No | Q131: - | R131: T+N | S131: - | T131: 7771-7650-1843 (1433-02) transfer manifest NHSBAC CTA LM QC
A132: TS-16 - 0905 | B132: 03114651 | C132: 14651/03 E | E132: TURP | F132: 38070 | G132: 38331 | H132: mCRPC | I132: 0.45 | J132: 0.55 | K132: >30% | L132: No | M132: No | Q132: - | R132: T+N | S132: - | T132: 7771-7650-1843 (1433-02) transfer manifest NHSBAC CTA LM QC
A133: TS-16 - 0909 | B133: 03117926 | C133: 17926/03 B | E133: TURP | F133: 39253 | G133: 39220 | H133: mCRPC | I133: 0.6 | J133: 0.4 | K133: >30% | L133: No | M133: No | Q133: - | R133: T+N | S133: - | T133: 7771-7650-1843 (1433-02) transfer manifest NHSBAC CTA LM QC
A134: TS-16 - 0920 | B134: 05118397 | C134: 18397/05 A2 | E134: TURP | F134: 39826 | G134: 41019 | H134: mCRPC | I134: 0.4 | J134: 0.6 | K134: >30% | L134: No | M134: No | Q134: - | R134: T+N | S134: - | T134: 7771-7650-1843 (1433-02) transfer manifest NHSBAC CTA LM QC
A135: TS-16 - 0921 | B135: 09A019530 | C135: 09A19530 A4 | E135: TURP | F135: 40483 | G135: 40437 | H135: mCRPC | I135: 0.5 | J135: 0.5 | K135: >30% | L135: No | M135: No | Q135: - | R135: T+N | S135: - | T135: 7771-7650-1843 (1433-02) transfer manifest NHSBAC CTA LM QC
A136: TS-16 - 0894 | B136: 06104757 | C136: 4757/06 F | E136: TURP | F136: 39293 | G136: 41654 | H136: mCRPC | I136: 0.3 | J136: 0.7 | K136: >30% | L136: No | M136: No | Q136: - | R136: to be divided | S136: - | T136: 7771-7650-1843 (1433-02) transfer manifest NHSBAC CTA LM QC
A137: TS-16 - 0897 | B137: 06110343 | C137: 10343/06 D | E137: TURP | F137: 38848 | G137: 40698 | H137: mCRPC | I137: 0.6 | J137: 0.4 | K137: >30% | L137: No | M137: No | Q137: - | R137: to be divided | S137: - | T137: 7771-7650-1843 (1433-02) transfer manifest NHSBAC CTA LM QC
A138: TS-16 - 0899 | B138: 06111461 | C138: 11461/06 B | E138: TURP | F138: 38331 | G138: 38938 | H138: mCRPC | I138: 0.4 | J138: 0.6 | K138: >30% | L138: No | M138: No | Q138: - | R138: to be divided | S138: - | T138: 7771-7650-1843 (1433-02) transfer manifest NHSBAC CTA LM QC
A139: TS-16 - 0903 | B139: 03113144 | C139: 13144/03 F | E139: TURP | F139: 37985 | G139: 39378 | H139: mCRPC | I139: - | J139: - | K139: >30% | L139: No | M139: No | Q139: - | R139: to be divided | S139: - | T139: 7771-7650-1843 (1433-02) transfer manifest NHSBAC CTA LM QC
A140: TS-16 - 0906 | B140: 03114711 | C140: 14711/03 B | E140: TURP | F140: 38187 | G140: 38848 | H140: mCRPC | I140: 0.5 | J140: 0.5 | K140: >30% | L140: No | M140: No | Q140: - | R140: to be divided | S140: - | T140: 7771-7650-1843 (1433-02) transfer manifest NHSBAC CTA LM QC
A141: TS-16 - 0907 | B141: 03116395 | C141: 16395/03 C | E141: TURP | F141: 37369 | G141: 38812 | H141: mCRPC | I141: 0.6 | J141: 0.4 | K141: >30% | L141: No | M141: No | Q141: - | R141: to be divided | S141: - | T141: 7771-7650-1843 (1433-02) transfer manifest NHSBAC CTA LM QC
A142: TS-16 - 0908 | B142: 03116861 | C142: 16861/03 D | E142: TURP | F142: 37916 | G142: 37131 | H142: mCRPC | I142: 0.75 | J142: 0.25 | K142: >30% | L142: No | M142: No | Q142: - | R142: to be divided | S142: - | T142: 7771-7650-1843 (1433-02) transfer manifest NHSBAC CTA LM QC
A143: TS-16 - 0910 | B143: 07115330 | C143: 15330/07 A* | E143: TURP | F143: 39895 | G143: 39689 | H143: mCRPC | I143: 0.8 | J143: 0.2 | K143: >30% | L143: No | M143: No | Q143: - | R143: to be divided | S143: - | T143: 7771-7650-1843 (1433-02) transfer manifest NHSBAC CTA LM QC
A144: TS-16 - 0911 | B144: 05100374 | C144: 374/05 D | E144: TURP | F144: 37316 | G144: 38681 | H144: mCRPC | I144: 0.6 | J144: 0.4 | K144: >30% | L144: No | M144: No | Q144: - | R144: to be divided | S144: - | T144: 7771-7650-1843 (1433-02) transfer manifest NHSBAC CTA LM QC
A145: TS-16 - 0912 | B145: 06110329 | C145: 10329/06 C | E145: TURP | F145: 38582 | G145: 39652 | H145: mCRPC | I145: 0.65 | J145: 0.35 | K145: >30% | L145: No | M145: No | Q145: - | R145: to be divided | S145: - | T145: 7771-7650-1843 (1433-02) transfer manifest NHSBAC CTA LM QC
A146: TS-16 - 0913 | B146: 05110947 | C146: 10947/05 C | E146: TURP | F146: 37343 | G146: 39212 | H146: mCRPC | I146: 0.65 | J146: 0.35 | K146: >30% | L146: No | M146: No | Q146: - | R146: to be divided | S146: - | T146: 7771-7650-1843 (1433-02) transfer manifest NHSBAC CTA LM QC
A147: TS-16 - 0915 | B147: 06109703 | C147: 9703/06 A | E147: TURP | F147: 37350 | G147: 38698 | H147: mCRPC | I147: 0.3 | J147: 0.7 | K147: >30% | L147: No | M147: No | Q147: - | R147: to be divided | S147: - | T147: 7771-7650-1843 (1433-02) transfer manifest NHSBAC CTA LM QC
A148: TS-16 - 0916 | B148: 05116850 | C148: 16850/05 B | E148: TURP | F148: 36220 | G148: 39414 | H148: mCRPC | I148: 0.27 | J148: 0.75 | K148: >30% | L148: No | M148: No | Q148: - | R148: to be divided | S148: - | T148: 7771-7650-1843 (1433-02) transfer manifest NHSBAC CTA LM QC
...

Sheet FISH
A1: TriStar ID | B1: Case | C1: Date of Procedure | D1: 4/1 (GR) | E1: 4/2 (GR) | F1: 3/2 (GR) | G1: 3/1 (GR) | H1: 1/0 (GR) | I1: 2/0 (GR) | J1: 2/1 (GR) | K1: 2/2 (GR) | L1: 1/2 (GR) | M1: 1/1 (GR) | N1: Total N Cells Count | O1: Total N Cells for Statistics | P1: Status | Q1: HRPC Status confirmed | R1: Manifest
A2: 09A16464 A3 | B2: 09A16464 A3 | C2: 42632 | D2: 0 (0%) | E2: 0 (0%) | F2: 6 (7%) | G2: 3 (3%) | H2: 3 (3%) | I2: 2 (2%) | J2: 14 (15%) | K2: 62 (67%) | L2: 2 (2%) | M2: 8 | N2: 100 | O2: 92 | P2: Negative | Q2: Yes | R2: 7773-9327-9932 (1397) transfer manifest NHSBAC CTA
A3: TS-16 - 1019 | B3: 08A12967 A6 | C3: 42632 | D3: 0 (0%) | E3: 0 (0%) | F3: 5 (5%) | G3: 20 (21%) | H3: 5 (5%) | I3: 6 (6%) | J3: 45 (48%) | K3: 11 (12%) | L3: 2 (2%) | M3: 10 | N3: 104 | O3: 94 | P3: PTEN Depleted | Q3: Yes | R3: 7773-9327-9932 (1397) transfer manifest NHSBAC CTA
A4: 09A709 A7 | B4: 09A709 A7 | C4: 42632 | D4: 0 (0%) | E4: 0 (0%) | F4: 1 (1%) | G4: 8 (8%) | H4: 1 (1%) | I4: 1 (1%) | J4: 49 (48%) | K4: 37 (36%) | L4: 7 (7%) | M4: 15 | N4: 117 | O4: 102 | P4: PTEN Depleted | Q4: Yes | R4: 7773-9327-9932 (1397) transfer manifest NHSBAC CTA
A5: 08A13674 A4 | B5: 08A13674 A4 | C5: 42632 | D5: 0 (0%) | E5: 0 (0%) | F5: 5 (4%) | G5: 3 (2%) | H5: 2 (2%) | I5: 4 (3%) | J5: 54 (42%) | K5: 38 (30%) | L5: 23 (18%) | M5: 8 | N5: 137 | O5: 129 | P5: Negative | Q5: Yes | R5: 7773-9327-9932 (1397) transfer manifest NHSBAC CTA
A6: 10A17124 A3 | B6: 10A17124 A3 | C6: 42632 | D6: 0 (0%) | E6: 0 (0%) | F6: 3 (3%) | G6: 3 (3%) | H6: 5 (4%) | I6: 2 (2%) | J6: 7 (6%) | K6: 83 (72%) | L6: 4 (3%) | M6: 9 | N6: 116 | O6: 107 | P6: Negative | Q6: Yes | R6: 7773-9327-9932 (1397) transfer manifest NHSBAC CTA
A7: 08A7457 A2 | B7: 08A7457 A2 | C7: 42632 | D7: 0 (0%) | E7: 0 (0%) | F7: 2 (2%) | G7: 20 (16%) | H7: 10 (9%) | I7: 12 (11%) | J7: 61 (57%) | K7: 9 (8%) | L7: 3 (3%) | M7: 12 | N7: 107 | O7: 95 | P7: PTEN Depleted | Q7: Yes | R7: 7773-9327-9932 (1397) transfer manifest NHSBAC CTA
A8: 593/02 D | B8: 593/02 D | C8: 42577 | D8: 2 (1%) | E8: 1 (≈ 0.0%) | F8: 5 (5%) | G8: 4 (4%) | H8: 4 (4%) | I8: 7 (7%) | J8: 55 (57%) | K8: 15 (15%) | L8: 2 (2%) | M8: 10 | N8: 105 | O8: 95 | P8: PTEN Depleted | Q8: Yes | R8: 7773-9327-9932 (1397) transfer manifest NHSBAC CTA
A9: 20718/02 B | B9: 20718/02 B | C9: 42597 | D9: 0 (0%) | E9: 0 (0%) | F9: 7 (8%) | G9: 3 (3%) | H9: 1 (1%) | I9: 5 (5%) | J9: 23 (26%) | K9: 45 (52%) | L9: 2 (2%) | M9: 23 | N9: 109 | O9: 86 | P9: Negative | Q9: Yes | R9: 7773-9327-9932 (1397) transfer manifest NHSBAC CTA
A10: 5391/02 C | B10: 5391/02 C | C10: 42597 | D10: 0 (0%) | E10: 3 (3%) | F10: 2 (2%) | G10: 20 (22%) | H10: 0 (0%) | I10: 0 (0%) | J10: 50 (56%) | K10: 11 (12%) | L10: 2 (2%) | M10: 41 | N10: 129 | O10: 88 | P10: PTEN Depleted | Q10: Yes | R10: 7773-9327-9932 (1397) transfer manifest NHSBAC CTA
A11: 17572/02 C | B11: 17572/02 C | C11: 42597 | D11: 0 (0%) | E11: 5 (3%) | F11: 4 (2%) | G11: 9 (6%) | H11: 6 (4%) | I11: 4 (2%) | J11: 36 (25%) | K11: 73 (51%) | L11: 6 (4%) | M11: 20 | N11: 163 | O11: 143 | P11: Negative | Q11: Yes | R11: 7773-9327-9932 (1397) transfer manifest NHSBAC CTA

Sheet Sheet4
A1: Original ID | B1: TriStar ID
A2: 08A13674 A4 | B2: 08A13674 A4
A3: 08A7021 A1 | B3: 08A7021 A1
A4: 08A7457 A2 | B4: 08A7457 A2
A5: 09A10605 A8 | B5: 09A10605 A8
A6: 09A15013 B10 | B6: 09A15013 B10
A7: 09A16004 A3 | B7: 09A16004 A3
A8: 09A16464 A3 | B8: 09A16464 A3
A9: 09A17429 A4 | B9: 09A17429 A4
A10: 09A4009 A4 | B10: 09A4009 A4
A11: 09A709 A7 | B11: 09A709 A7
A12: 09A7173 A14 | B12: 09A7173 A14
... A1065: 9479/98 | B1065: TS-15 - 0052
A1066: 14 | B1066: TS-15 - 0053
A1067: 40 | B1067: TS-15 - 0054
A1068: 49 | B1068: TS-15 - 0055
A1069: 55 | B1069: TS-15 - 0056
A1070: 60 | B1070: TS-15 - 0057
A1071: 68 | B1071: TS-15 - 0058
A1072: 71 | B1072: TS-15 - 0059
A1073: 75 | B1073: TS-15 - 0060
A1074: 88 | B1074: TS-15 - 0061
A1075: 94 | B1075: TS-15 - 0062
A1076: 96 | B1076: TS-15 - 0063
A1077: 97 | B1077: TS-15 - 0064
... A1090: 161 | B1090: TS-15 - 0077
A1091: 164 A | B1091: TS-15 - 0078
A1092: 164 B | B1092: TS-15 - 0079
A1093: 172 | B1093: TS-15 - 0080
A1094: 229 | B1094: TS-15 - 0081
A1095: 232 | B1095: TS-15 - 0082
A1096: 233 | B1096: TS-15 - 0083
A1097: 239 | B1097: TS-15 - 0084
A1098: 244 | B1098: TS-15 - 0085
A1099: 249 | B1099: TS-15 - 0086
A1100: 250 | B1100: TS-15 - 0087
A1101: 259 | B1101: TS-15 - 0088
A1102: 261 | B1102: TS-15 - 0089
A1103: 264 | B1103: TS-15 - 0090
A1104: 265 | B1104: TS-15 - 0091
... A1107: 278 | B1107: TS-15 - 0094
A1108: 12D9600 C3 | B1108: TS-15 - 0095
A1109: 12D8078 C3 | B1109: TS-15 - 0096
A1110: 12D13505 D2 | B1110: TS-15 - 0097
A1111: 12D5740 A7 | B1111: TS-15 - 0098
A1112: 12D8788 A5 | B1112: TS-15 - 0099
A1113: 11D28829 A2 | B1113: TS-15 - 0100
A1114: 11D25090 A1 | B1114: TS-15 - 0101
A1115: 11D39281 C7 | B1115: TS-15 - 0102
A1116: 11D26642 F4 | B1116: TS-15 - 0103
A1117: 11D25921 A7 | B1117: TS-15 - 0104
A1118: 12D8938 A3 | B1118: TS-15 - 0105
A1119: 12D8946 A1 | B1119: TS-15 - 0106
... A1237: 14D046822 A1 | B1237: TS-15 - 0224
A1238: 288 | B1238: TS-15 - 0225
A1239: 294 | B1239: TS-15 - 0226
A1240: 300 | B1240: TS-15 - 0227
A1241: 313 | B1241: TS-15 - 0228
A1242: 315 | B1242: TS-15 - 0229
A1243: 316 | B1243: TS-15 - 0230
A1244: 5 | B1244: TS-15 - 0231
A1245: 21 | B1245: TS-15 - 0232
A1246: 41 | B1246: TS-15 - 0233
A1247: 44 | B1247: TS-15 - 0234
A1248: 47 | B1248: TS-15 - 0235
A1249: 48 | B1249: TS-15 - 0236
... A1408: 646 | B1408: TS-15 - 0395
A1409: CC-1 | B1409: TS-15 - 0396
A1410: CC-2 | B1410: TS-15 - 0397
A1411: CC-3 | B1411: TS-15 - 0398
A1412: CC-4 | B1412: TS-15 - 0399
A1413: CC-5 | B1413: TS-15 - 0400
A1414: CC-6 | B1414: TS-15 - 0401
A1415: CC-7 | B1415: TS-15 - 0402
A1416: CC-8 | B1416: TS-15 - 0403
A1417: CC-9 | B1417: TS-15 - 0404
A1418: CC-10 | B1418: TS-15 - 0405
A1419: CC-11 | B1419: TS-15 - 0406
A1420: CC-12 | B1420: TS-15 - 0407
... A1426: CC-18 | B1426: TS-15 - 0413
A1427: 510306 | B1427: TS-15 - 0414
A1428: 08A15918 | B1428: TS-15 - 0415
A1429: 8492/00 | B1429: TS-15 - 0416
A1430: 11824/98 | B1430: TS-15 - 0417
A1431: 11A4431 | B1431: TS-15 - 0418
A1432: 19206/03 | B1432: TS-15 - 0419
A1433: 10A10435 | B1433: TS-15 - 0420
A1434: 03/11219 | B1434: TS-15 - 0421
A1435: 10049/05 | B1435: TS-15 - 0422
A1436: 12991/97 | B1436: TS-15 - 0423
A1437: 19691/99 | B1437: TS-15 - 0424
A1438: 15010/96 | B1438: TS-15 - 0425
A1439: 3062/01 | B1439: TS-15 - 0426
... A1451: 08A15896 | B1451: TS-15 - 0438
A1452: 81145 | B1452: TS-15 - 0439
A1453: 10A17316 | B1453: TS-15 - 0440
A1454: 06/15376 | B1454: TS-15 - 0441
A1455: 04/17873 | B1455: TS-15 - 0442
A1456: 739/98 | B1456: TS-15 - 0443
A1457: 10D20720 B8 | B1457: TS-15 - 0444
...

Sheet Sheet2
A1: SAMPLE ID# | B1: Original ID | C1: Gender | D1: Age | E1: T | F1: N | G1: M | H1: Grade | I1: Stage | J1: Type | K1: Sub-Type | L1: KRAS Mutation | M1: EGFR Mutation
A2: 276H001 | B2: 276H001 | C2: M | D2: 66-70 | E2: 3 | F2: 2a | G2: 0 | H2: / | I2: / | J2: HeN Pri. | K2: SCC | L2: / | M2: /
A3: 276H002 | B3: 276H002 | C3: M | D3: 51-55 | E3: 4 | F3: 0 | G3: 0 | H3: / | I3: / | J3: HeN Pri. | K3: SCC | L3: / | M3: /
A4: 276H003 | B4: 276H003 | C4: M | D4: 65-70 | E4: 4 | F4: 0 | G4: 0 | H4: / | I4: / | J4: HeN Pri. | K4: SCC | L4: / | M4: /
A5: 276H004 | B5: 276H004 | C5: M | D5: 56-60 | E5: 2 | F5: 2 | G5: 0 | H5: / | I5: / | J5: HeN Pri. and Nodal Met. | K5: SCC | L5: / | M5: /
A6: 276H005 | B6: 276H005 | C6: M | D6: 71-73 | E6: 1 | F6: 2 | G6: 0 | H6: / | I6: / | J6: HeN Pri. | K6: SCC | L6: / | M6: /
A7: 276H006 | B7: 276H006 | C7: M | D7: 61-65 | E7: / | F7: / | G7: / | H7: / | I7: / | J7: HeN Nodal Met. | K7: SCC | L7: / | M7: /
A8: 276H008 | B8: 276H008 | C8: M | D8: 81-85 | E8: 2 | F8: 1 | G8: 0 | H8: / | I8: / | J8: HeN Pri. | K8: SCC | L8: / | M8: /
A9: 276H009 | B9: 276H009 | C9: M | D9: 76-80 | E9: 4 | F9: 0 | G9: 0 | H9: / | I9: / | J9: HeN Pri. | K9: SCC | L9: / | M9: /
A10: 276H011 | B10: 276H011 | C10: M | D10: 51-55 | E10: 4 | F10: 2 | G10: 0 | H10: / | I10: / | J10: HeN Pri. and Nodal Met. | K10: SCC | L10: / | M10: /
A11: 276H013 | B11: 276H013 | C11: M | D11: 53-60 | E11: 4 | F11: 0 | G11: 0 | H11: / | I11: / | J11: HeN Pri. | K11: SCC | L11: / | M11: /
A12: 276H014 | B12: 276H014 | C12: M | D12: 46-50 | E12: / | F12: / | G12: / | H12: / | I12: / | J12: HeN Pri. and Nodal Met. | K12: SCC | L12: / | M12: /
A13: 276H015 | B13: 276H015 | C13: M | D13: 51-55 | E13: 2 | F13: 2b | G13: 0 | H13: / | I13: / | J13: HeN Pri. and Nodal Met. | K13: SCC | L13: / | M13: /
A14: 276H016 | B14: 276H016 | C14: No Data Received | D14: No Data Received | E14: No Data Received | F14: No Data Received | G14: No Data Received | H14: No Data Received | I14: No Data Received | J14: HeN Pri. | K14: SCC | L14: / | M14: /
A15: 276H017 | B15: 276H017 | C15: M | D15: 41-45 | E15: / | F15: / | G15: / | H15: / | I15: / | J15: HeN Pri. | K15: SCC | L15: / | M15: /
A16: 276H018 | B16: 276H018 | C16: M | D16: 61-65 | E16: / | F16: / | G16: / | H16: / | I16: / | J16: HeN Pri. | K16: SCC | L16: / | M16: /
A17: 276H019 | B17: 276H019 | C17: F | D17: 71-75 | E17: 4 | F17: 0 | G17: 0 | H17: / | I17: / | J17: HeN Pri. | K17: SCC | L17: / | M17: /
A18: 276H020 | B18: 276H020 | C18: M | D18: 36-40 | E18: / | F18: / | G18: / | H18: / | I18: / | J18: HeN Pri. | K18: SCC | L18: / | M18: /
A19: 276H021 | B19: 276H021 | C19: M | D19: 51-55 | E19: 4 | F19: 2b | G19: x | H19: / | I19: / | J19: HeN Pri. and Nodal Met. | K19: SCC | L19: / | M19: /
A20: 276H022 | B20: 276H022 | C20: M | D20: 56-60 | E20: / | F20: / | G20: / | H20: / | I20: / | J20: HeN Pri. | K20: SCC | L20: / | M20: /
A21: 276H023 | B21: 276H023 | C21: M | D21: 61-65 | E21: 4 | F21: 2b | G21: 0 | H21: / | I21: / | J21: HeN Pri. and Nodal Met. | K21: SCC | L21: / | M21: /
A22: 276H024 | B22: 276H024 | C22: F | D22: 66-70 | E22: 4 | F22: 1 | G22: 0 | H22: / | I22: / | J22: HeN Pri. | K22: SCC | L22: / | M22: /
A23: 276H025 | B23: 276H025 | C23: M | D23: 61-65 | E23: 3 | F23: HD (nodular sclerosis) | G23: 0 | H23: / | I23: / | J23: HeN Pri. and Nodal Met. | K23: SCC | L23: / | M23: /
A24: 276H027 | B24: 276H027 | C24: M | D24: 76-80 | E24: 2 | F24: 2b | G24: 0 | H24: / | I24: / | J24: HeN Pri. | K24: SCC | L24: / | M24: /
A25: 276H028 | B25: 276H028 | C25: F | D25: 51-55 | E25: 4 | F25: 1a | G25: 0 | H25: / | I25: / | J25: HeN Pri. | K25: SCC | L25: / | M25: /
A26: 276H031 | B26: 276H031 | C26: M | D26: 46-50 | E26: 3 | F26: 2 | G26: 1 | H26: / | I26: / | J26: HeN Pri. and Nodal Met. | K26: SCC | L26: / | M26: /
A27: 276H032 | B27: 276H032 | C27: M | D27: 46-50 | E27: 4 | F27: 2 | G27: 0 | H27: / | I27: / | J27: HeN Pri. | K27: SCC | L27: / | M27: /
A28: 276H033 | B28: 276H033 | C28: M | D28: 66-70 | E28: 4 | F28: 2b | G28: 0 | H28: / | I28: / | J28: HeN Pri. and Nodal Met. | K28: SCC | L28: / | M28: /
A29: 276H034 | B29: 276H034 | C29: M | D29: 41-45 | E29: 2 | F29: 1 | G29: 0 | H29: / | I29: / | J29: HeN Pri. and Nodal Met. | K29: SCC | L29: / | M29: /
A30: 276H035 | B30: 276H035 | C30: F | D30: 66-70 | E30: 2 | F30: 0 | G30: 0 | H30: / | I30: / | J30: HeN Pri. | K30: SCC | L30: / | M30: /
A31: 276H036 | B31: 276H036 | C31: M | D31: 46-80 | E31: / | F31: / | G31: / | H31: / | I31: / | J31: HeN Pri. | K31: SCC | L31: / | M31: /
A32: 276H037 | B32: 276H037 | C32: M | D32: 51-55 | E32: 4 | F32: 2b | G32: 0 | H32: / | I32: / | J32: HeN Pri. and Nodal Met. | K32: SCC | L32: / | M32: /
A33: 276H038 | B33: 276H038 | C33: M | D33: 61-65 | E33: 4 | F33: 0 | G33: 0 | H33: / | I33: / | J33: HeN Pri. | K33: SCC | L33: / | M33: /
A34: 276H039 | B34: 276H039 | C34: M | D34: 66-70 | E34: / | F34: / | G34: / | H34: / | I34: / | J34: HeN Pri. | K34: SCC | L34: / | M34: /
A35: 276H040 | B35: 276H040 | C35: M | D35: 51-55 | E35: 3 | F35: 0 | G35: 0 | H35: / | I35: / | J35: HeN Pri. | K35: SCC | L35: / | M35: /
A36: 276H041 | B36: 276H041 | C36: M | D36: 56-60 | E36: 3 | F36: 2 | G36: 0 | H36: / | I36: / | J36: HeN Pri. and Nodal Met. | K36: SCC | L36: / | M36: /
A37: 276H042 | B37: 276H042 | C37: M | D37: 56-60 | E37: / | F37: / | G37: / | H37: / | I37: / | J37: HeN Pri. | K37: SCC | L37: / | M37: /
A38: 276H043 | B38: 276H043 | C38: / | D38: 56-60 | E38: 1 | F38: 0 | G38: 0 | H38: / | I38: / | J38: HeN Pri. | K38: SCC | L38: / | M38: /
A39: 276H044 | B39: 276H044 | C39: M | D39: 41-45 | E39: 2 | F39: 0 | G39: 0 | H39: / | I39: / | J39: HeN Pri. | K39: SCC | L39: / | M39: /
A40: 276H045 | B40: 276H045 | C40: / | D40: 61-65 | E40: / | F40: / | G40: / | H40: / | I40: / | J40: HeN Pri. | K40: SCC | L40: / | M40: /
A41: 276H046 | B41: 276H046 | C41: / | D41: 56-60 | E41: 2 | F41: 1a | G41: 0 | H41: / | I41: / | J41: HeN Pri. | K41: SCC | L41: / | M41: /
A42: 276H047 | B42: 276H047 | C42: M | D42: 81-85 | E42: 2 | F42: 2 | G42: 0 | H42: / | I42: / | J42: HeN Pri. and Nodal Met. | K42: SCC | L42: / | M42: /
A43: 276H048 | B43: 276H048 | C43: No Data Received | D43: No Data Received | E43: No Data Received | F43: No Data Received | G43: No Data Received | H43: No Data Received | I43: No Data Received | J43: HeN Pri. | K43: SCC | L43: / | M43: /
A44: 276H049 | B44: 276H049 | C44: M | D44: 71-75 | E44: 2 | F44: 2c | G44: 0 | H44: / | I44: / | J44: HeN Pri. and Nodal Met. | K44: SCC | L44: / | M44: /
A45: 276H050 | B45: 276H050 | C45: M | D45: 66-70 | E45: 3 | F45: 2b | G45: 0 | H45: / | I45: / | J45: HeN Nodal Met. | K45: SCC | L45: / | M45: /
A46: 276H051 | B46: 276H051 | C46: M | D46: 61-65 | E46: 2 | F46: 2 | G46: 0 | H46: / | I46: / | J46: HeN Nodal Met. | K46: SCC | L46: / | M46: /
A47: 276H052 | B47: 276H052 | C47: F | D47: 66-70 | E47: 2 | F47: 2b | G47: 0 | H47: / | I47: / | J47: HeN Pri. and Nodal Met. | K47: SCC | L47: / | M47: /
A48: 276H053 | B48: 276H053 | C48: F | D48: 71-75 | E48: 2 | F48: 2b | G48: 0 | H48: / | I48: / | J48: HeN Pri. and Nodal Met. | K48: SCC | L48: / | M48: /
A49: 276H054 | B49: 276H054 | C49: / | D49: 71-75 | E49: 2 | F49: 2b | G49: 0 | H49: / | I49: / | J49: HeN Pri. | K49: SCC | L49: / | M49: /
A50: 276H055 | B50: 276H055 | C50: M | D50: 46-50 | E50: / | F50: / | G50: / | H50: / | I50: / | J50: HeN Pri. and Nodal Met. | K50: SCC | L50: / | M50: /
A51: 276H056 | B51: 276H056 | C51: / | D51: 46-50 | E51: / | F51: / | G51: / | H51: / | I51: / | J51: HeN Pri. | K51: SCC | L51: / | M51: /
A52: 276H057 | B52: 276H057 | C52: / | D52: 71-75 | E52: 4 | F52: 0 | G52: 0 | H52: / | I52: / | J52: HeN Pri. | K52: SCC | L52: / | M52: /
A53: 276H058 | B53: 276H058 | C53: / | D53: 71-75 | E53: / | F53: / | G53: / | H53: / | I53: / | J53: HeN Pri. | K53: SCC | L53: / | M53: /
A54: 276H059 | B54: 276H059 | C54: / | D54: 46-50 | E54: 4 | F54: 2 | G54: 0 | H54: / | I54: / | J54: HeN Pri. | K54: SCC | L54: / | M54: /
A55: 276H060 | B55: 276H060 | C55: F | D55: 46-50 | E55: / | F55: / | G55: / | H55: / | I55: / | J55: HeN Pri. and Nodal Met. | K55: SCC | L55: / | M55: /
A56: 276H061 | B56: 276H061 | C56: / | D56: 46-50 | E56: / | F56: / | G56: / | H56: / | I56: / | J56: HeN Pri. | K56: SCC | L56: / | M56: /
A57: 276H062 | B57: 276H062 | C57: M | D57: 61-65 | E57: 2 | F57: 2b | G57: 0 | H57: / | I57: / | J57: HeN Nodal Met. | K57: SCC | L57: / | M57: /
A58: 276H064 | B58: 276H064 | C58: / | D58: 36-40 | E58: / | F58: / | G58: / | H58: / | I58: / | J58: HeN Pri. | K58: SCC | L58: / | M58: /
A59: 276H065 | B59: 276H065 | C59: M | D59: 61-65 | E59: 2 | F59: 2 | G59: 0 | H59: / | I59: / | J59: HeN Pri. | K59: SCC | L59: / | M59: /
A60: 276H066 | B60: 276H066 | C60: M | D60: 41-45 | E60: 4 | F60: 1 | G60: 0 | H60: / | I60: / | J60: HeN Pri. | K60: SCC | L60: / | M60: /
A61: 276H068 | B61: 276H068 | C61: M | D61: 66-70 | E61: 3 | F61: 2c | G61: 0 | H61: / | I61: / | J61: HeN Pri. and Nodal Met. | K61: SCC | L61: / | M61: /
A62: 276H069 | B62: 276H069 | C62: M | D62: 61-65 | E62: 4 | F62: x | G62: x | H62: / | I62: / | J62: HeN Pri. | K62: SCC | L62: / | M62: /
A63: 276H070 | B63: 276H070 | C63: M | D63: 46-50 | E63: 3 | F63: 0 | G63: 0 | H63: / | I63: / | J63: HeN Pri. | K63: SCC | L63: / | M63: /
A64: 276H071 | B64: 276H071 | C64: M | D64: 56-60 | E64: 3 | F64: 2b | G64: 0 | H64: / | I64: / | J64: HeN Pri. and Nodal Met. | K64: SCC | L64: / | M64: /
A65: 276H072 | B65: 276H072 | C65: M | D65: 51-55 | E65: 3 | F65: 2b | G65: 0 | H65: / | I65: / | J65: HeN Pri. and Nodal Met. | K65: SCC | L65: / | M65: /
A66: 276H073 | B66: 276H073 | C66: M | D66: 56-60 | E66: 2 | F66: 2 | G66: 0 | H66: / | I66: / | J66: HeN Pri. | K66: SCC | L66: / | M66: /
A67: 276H074 | B67: 276H074 | C67: M | D67: 56-60 | E67: 2 | F67: 1 | G67: 0 | H67: / | I67: / | J67: HeN Pri. | K67: SCC | L67: / | M67: /
A68: 276H075 | B68: 276H075 | C68: M | D68: 61-65 | E68: 3 | F68: 0 | G68: 0 | H68: / | I68: / | J68: HeN Pri. | K68: SCC | L68: / | M68: /
A69: 276H076 | B69: 276H076 | C69: M | D69: 71-75 | E69: 4 | F69: 2 | G69: 0 | H69: / | I69: / | J69: HeN Pri. | K69: SCC | L69: / | M69: /
A70: 276H077 | B70: 276H077 | C70: M | D70: 76-80 | E70: 4 | F70: 2b | G70: 0 | H70: / | I70: / | J70: HeN Pri. and Nodal Met. | K70: SCC | L70: / | M70: /
A71: 276H078 | B71: 276H078 | C71: M | D71: 66-70 | E71: 4 | F71: 0 | G71: 0 | H71: / | I71: / | J71: HeN Pri. | K71: SCC | L71: / | M71: /
A72: 276H080 | B72: 276H080 | C72: M | D72: 81-85 | E72: 4 | F72: 0 | G72: 0 | H72: / | I72: / | J72: HeN Pri. | K72: SCC | L72: / | M72: /
A73: 276H081 | B73: 276H081 | C73: M | D73: 36-40 | E73: 2 | F73: 0 | G73: 0 | H73: / | I73: / | J73: HeN Pri. | K73: SCC | L73: / | M73: /
A74: 276H082 | B74: 276H082 | C74: M | D74: 61-65 | E74: / | F74: / | G74: / | H74: / | I74: / | J74: HeN Pri. | K74: SCC | L74: / | M74: /
A75: 276H083 | B75: 276H083 | C75: M | D75: 56-60 | E75: 4 | F75: 0 | G75: 0 | H75: / | I75: / | J75: HeN Pri. | K75: SCC | L75: / | M75: /
A76: 276H084 | B76: 276H084 | C76: M | D76: 30-35 | E76: 3 | F76: 1 | G76: 0 | H76: / | I76: / | J76: HeN Pri. | K76: SCC | L76: / | M76: /
A77: 276H086 | B77: 276H086 | C77: M | D77: 51-55 | E77: / | F77: / | G77: / | H77: / | I77: / | J77: HeN Pri. | K77: SCC | L77: / | M77: /
A78: 276H087 | B78: 276H087 | C78: F | D78: 51-55 | E78: / | F78: / | G78: / | H78: / | I78: / | J78: HeN Pri. | K78: SCC | L78: / | M78: /
A79: 276H088 | B79: 276H088 | C79: F | D79: 76-80 | E79: / | F79: / | G79: / | H79: / | I79: / | J79: HeN Pri. | K79: SCC | L79: / | M79: /
A80: 276H089 | B80: 276H089 | C80: M | D80: 71-75 | E80: / | F80: / | G80: / | H80: / | I80: / | J80: HeN Pri. and Nodal Met. | K80: SCC | L80: / | M80: /
A81: 276H090 | B81: 276H090 | C81: F | D81: 76-80 | E81: / | F81: / | G81: / | H81: / | I81: / | J81: HeN Nodal Met. | K81: SCC | L81: / | M81: /
A82: 276H091 | B82: 276H091 | C82: F | D82: 91-95 | E82: 2 | F82: 0 | G82: 0 | H82: / | I82: / | J82: HeN Pri. | K82: SCC | L82: / | M82: /
A83: 276H092 | B83: 276H092 | C83: F | D83: 81-85 | E83: / | F83: / | G83: / | H83: / | I83: / | J83: HeN Pri. | K83: SCC | L83: / | M83: /
A84: 276H093 | B84: 276H093 | C84: M | D84: 71-75 | E84: / | F84: / | G84: / | H84: / | I84: / | J84: HeN Pri. | K84: SCC | L84: / | M84: /
A85: 276H094 | B85: 276H094 | C85: M | D85: 61-65 | E85: 2 | F85: 1 | G85: 0 | H85: / | I85: / | J85: HeN Pri. | K85: SCC | L85: / | M85: /
A86: 276H095 | B86: 276H095 | C86: F | D86: 66-70 | E86: / | F86: / | G86: / | H86: / | I86: / | J86: HeN Pri. | K86: SCC | L86: / | M86: /
A87: 276H096 | B87: 276H096 | C87: M | D87: 46-50 | E87: 4 | F87: 0 | G87: 0 | H87: / | I87: / | J87: HeN Pri. | K87: SCC | L87: / | M87: /
A88: 276H097 | B88: 276H097 | C88: M | D88: 86-90 | E88: / | F88: / | G88: / | H88: / | I88: / | J88: HeN Pri. | K88: SCC | L88: / | M88: /
A89: 276H098 | B89: 276H098 | C89: F | D89: 76-80 | E89: / | F89: / | G89: / | H89: / | I89: / | J89: HeN Pri. | K89: SCC | L89: / | M89: /
A90: 276H099 | B90: 276H099 | C90: M | D90: 56-60 | E90: / | F90: / | G90: / | H90: / | I90: / | J90: HeN Pri. | K90: SCC | L90: / | M90: /
A91: 276H101 | B91: 276H101 | C91: M | D91: 76-80 | E91: / | F91: / | G91: / | H91: / | I91: / | J91: HeN Pri. | K91: SCC | L91: / | M91: /
A92: 276H103 | B92: 276H103 | C92: F | D92: 71-75 | E92: / | F92: / | G92: / | H92: / | I92: / | J92: HeN Pri. | K92: SCC | L92: / | M92: /
A93: 276H104 | B93: 276H104 | C93: M | D93: 66-70 | E93: / | F93: / | G93: / | H93: / | I93: / | J93: HeN Pri. and Nodal Met. | K93: SCC | L93: / | M93: /
A94: 276H105 | B94: 276H105 | C94: M | D94: / | E94: / | F94: / | G94: / | H94: / | I94: / | J94: HeN Pri. | K94: SCC | L94: / | M94: /
A95: 276H108 | B95: 276H108 | C95: M | D95: 61-65 | E95: / | F95: / | G95: / | H95: / | I95: / | J95: HeN Pri. | K95: SCC | L95: / | M95: /
A96: 276H109 | B96: 276H109 | C96: F | D96: 61-65 | E96: / | F96: / | G96: / | H96: / | I96: / | J96: HeN Pri. | K96: SCC | L96: / | M96: /
A97: 276H110 | B97: 276H110 | C97: M | D97: / | E97: / | F97: / | G97: / | H97: / | I97: / | J97: HeN Pri. | K97: SCC | L97: / | M97: /
A98: 276H111 | B98: 276H111 | C98: M | D98: 71-75 | E98: 2 | F98: 1 | G98: 0 | H98: / | I98: / | J98: HeN Pri. | K98: SCC | L98: / | M98: /
A99: 276H118 | B99: 276H118 | C99: F | D99: 91-95 | E99: / | F99: / | G99: / | H99: / | I99: / | J99: HeN Pri. and Nodal Met. | K99: SCC | L99: / | M99: /
A100: 276H122 | B100: 276H122 | C100: M | D100: 21-25 | E100: / | F100: / | G100: / | H100: / | I100: / | J100: HeN Pri. and Nodal Met. | K100: SCC | L100: / | M100: /
...
