Workbook

Sheet MMR proficient
A1: PLEASE BE AWARE COLUMNS MAY BE 'HIDDEN' OR 'COLLAPSED'
F2: Not in path report
A3: NHS number | B3: Any Immunotherapy | C3: Specimen treatment subgrouping | D3: Specimen is a recurrence | E3: Selected specimen Anonymised ID | F3: Specimen Block number 1 | G3: Specimen Block number 2 | H3: Specimen surgery date | I3: Specimen surgery | J3: Specimen tumour site | K3: Primary Surgery date | L3: Primary tumour site | M3: Anonymized ID Matched met 1 | N3: Matched met 1 Block Number | O3: Matched met 1 Site | P3: Matched met 1 Surgery Date | Q3: Matched met 1 treatment subgrouping | R3: Anonymized ID Matched met 2 | S3: Matched met 2 Block Number | T3: Matched met 2 Site | U3: Matched met 2 Surgery Date | V3: Matched met 2 treatment subgrouping | W3: Anonymized ID Normal tissue | X3: Matched Normal tissue Block Number | Y3: Matched Normal tissue Site | Z3: Matched Normal tissue Surgery Date | AA3: Matched Normal treatment subgrouping | AB3: Gender | AC3: DOB | AD3: Date of DX | AE3: Age at Diagnosis | AF3: Specimen Histological Diagnosis | AG3: Staging/grading info provided for: | AH3: Resection margins clear | AI3: pT | AJ3: pN | AK3: pM | AL3: cM | AM3: TNM stage | AN3: Grade | AO3: Stage at DX (AJCC) | AP3: Any Neoadjuvant therapy | AQ3: Response to neoadjuvant therapy (TRS score) | AR3: Neoadjuvant Tx1 | AS3: Neoadjuvant Tx1 Agent | AT3: Neoadjuvant Tx1 Start Date | AU3: Neoadjuvant Tx1 End Date | AV3: Tumour response Neoadjuvant Tx1 | AW3: Neoadjuvant Tx2 | AX3: Neoadjuvant Tx2 Agent | AY3: Neoadjuvant Tx2 Start Date | AZ3: Neoadjuvant Tx2 End Date | BA3: Tumour response Neoadjuvant Tx2 | BB3: Neoadjuvant Tx3 | BC3: Neoadjuvant Tx3 Agent | BD3: Neoadjuvant Tx3 Start Date | BE3: Neoadjuvant Tx3 End Date | BF3: Tumour response Neoadjuvant Tx3 | BG3: Neoadjuvant Tx4 | BH3: Neoadjuvant Tx4 Agent | BI3: Neoadjuvant Tx4 Start Date | BJ3: Neoadjuvant Tx4 End Date | BK3: Tumour response Neoadjuvant Tx4 | BL3: Neoadjuvant Tx5 | BM3: Neoadjuvant Tx5 Agent | BN3: Neoadjuvant Tx5 Start Date | BO3: Neoadjuvant Tx5 End Date | BP3: Tumour response Neoadjuvant Tx5 | BQ3: Neoadjuvant Tx6 | BR3: Neoadjuvant Tx6 Agent | BS3: Neoadjuvant Tx6 Start Date | BT3: Neoadjuvant Tx6 End Date | BU3: Tumour response Neoadjuvant Tx6 | BV3: Neoadjuvant Tx7 | BW3: Neoadjuvant Tx7 Agent | BX3: Neoadjuvant Tx7 Start Date | BY3: Neoadjuvant Tx7 End Date | BZ3: Tumour response Neoadjuvant Tx7 | CA3: Neoadjuvant Tx8 | CB3: Neoadjuvant Tx8 Agent | CC3: Neoadjuvant Tx8 Start Date | CD3: Neoadjuvant Tx8 End Date | CE3: Tumour response Neoadjuvant Tx8 | CF3: Neoadjuvant Tx9 | CG3: Neoadjuvant Tx9 Agent | CH3: Neoadjuvant Tx9 Start Date | CI3: Neoadjuvant Tx9 End Date | CJ3: Tumour response Neoadjuvant Tx9 | CK3: Neoadjuvant Tx10 | CL3: Neoadjuvant Tx10 Agent | CM3: Neoadjuvant Tx10 Start Date | CN3: Neoadjuvant Tx10 End Date | CO3: Tumour response Neoadjuvant Tx10 | CP3: Adjuvant Tx1 | CQ3: Adjuvant Tx1 Agent | CR3: Adjuvant Tx1 Start Date | CS3: Adjuvant Tx1 End Date | CT3: Tumour response Adjuvant Tx1 | CU3: Adjuvant Tx2 | CV3: Adjuvant Tx2 Agent | CW3: Adjuvant Tx2 Start Date | CX3: Adjuvant Tx2 End Date | CY3: Tumour response Adjuvant Tx2 | CZ3: Adjuvant Tx3 | DA3: Adjuvant Tx3 Agent | DB3: Adjuvant Tx3 Start Date | DC3: Adjuvant Tx3 End Date | DD3: Tumour response Adjuvant Tx3 | DE3: Adjuvant Tx4 | DF3: Adjuvant Tx4 Agent | DG3: Adjuvant Tx4 Start Date | DH3: Adjuvant Tx4 End Date | DI3: Tumour response Adjuvant Tx4 | DJ3: Adjuvant Tx5 | DK3: Adjuvant Tx5 Agent | DL3: Adjuvant Tx5 Start Date | DM3: Adjuvant Tx5 End Date | DN3: Tumour response Adjuvant Tx5 | DO3: Adjuvant Tx6 | DP3: Adjuvant Tx6 Agent | DQ3: Adjuvant Tx6 Start Date | DR3: Adjuvant Tx6 End Date | DS3: Tumour response Adjuvant Tx6 | DT3: Adjuvant Tx7 | DU3: Adjuvant Tx7 Agent | DV3: Adjuvant Tx7 Start Date | DW3: Adjuvant Tx7 End Date | DX3: Tumour response Adjuvant Tx7 | DY3: Adjuvant Tx8 | DZ3: Adjuvant Tx8 Agent | EA3: Adjuvant Tx8 Start Date | EB3: Adjuvant Tx8 End Date | EC3: Tumour response Adjuvant Tx8 | ED3: Adjuvant Tx9 | EE3: Adjuvant Tx9 Agent | EF3: Adjuvant Tx9 Start Date | EG3: Adjuvant Tx9 End Date | EH3: Tumour response Adjuvant Tx9 | EI3: Adjuvant Tx10 | EJ3: Adjuvant Tx10 Agent | EK3: Adjuvant Tx10 Start Date | EL3: Adjuvant Tx10 End Date | EM3: Tumour response Adjuvant Tx10 | EN3: Adjuvant Tx11 | EO3: Adjuvant Tx11 Agent | EP3: Adjuvant Tx11 Start Date | EQ3: Adjuvant Tx11 End Date | ER3: Tumour response Adjuvant Tx11 | ES3: Adjuvant Tx12 | ET3: Adjuvant Tx12 Agent | EU3: Adjuvant Tx12 Start Date | EV3: Adjuvant Tx12 End Date | EW3: Tumour response Adjuvant Tx12 | EX3: Adjuvant Tx13 | EY3: Adjuvant Tx13 Agent | EZ3: Adjuvant Tx13 Start Date | FA3: Adjuvant Tx13 End Date | FB3: Tumour response Adjuvant Tx13 | FC3: Adjuvant Tx14 | FD3: Adjuvant Tx14 Agent | FE3: Adjuvant Tx14 Start Date | FF3: Adjuvant Tx14 End Date | FG3: Tumour response Adjuvant Tx14 | FH3: Adjuvant Tx15 | FI3: Adjuvant Tx15 Agent | FJ3: Adjuvant Tx15 Start Date | FK3: Adjuvant Tx15 End Date | FL3: Date recurrence/ progression 1 | FM3: Sites recurrence/ progression 1 | FN3: Date recurrence/ progression 2 | FO3: Sites recurrence/ progression 2 | FP3: Date recurrence/ progression 3 | FQ3: Sites recurrence/ progression 3 | FR3: Date recurrence/ progression 4 | FS3: Sites recurrence/ progression 4 | FT3: Date recurrence/ progression 5 | FU3: Sites recurrence/ progression 5 | FV3: Date recurrence/ progression 6 | FW3: Sites recurrence/ progression 6 | FX3: Date recurrence/ progression 7 | FY3: Sites recurrence/ progression 7 | FZ3: Date recurrence/ progression 8 | GA3: Sites recurrence/ progression 8 | GB3: Date recurrence/ progression 9 | GC3: Sites recurrence/ progression 9 | GD3: Date recurrence/ progression 10 | GE3: Sites recurrence/ progression 10 | GF3: Date recurrence/ progression 11 | GG3: Sites recurrence/ progression 11 | GH3: Date recurrence/ progression 12 | GI3: Sites recurrence/ progression 12 | GJ3: Date recurrence/ progression 13 | GK3: Sites recurrence/ progression 13 | GL3: Date recurrence/ progression 14 | GM3: Sites recurrence/ progression 14 | GN3: Date recurrence/ progression 15 | GO3: Sites recurrence/ progression 15 | GP3: Subsequent Tx1 | GQ3: Subsequent Tx1 Agent | GR3: Subsequent Tx1 Start Date | GS3: Subsequent Tx1 Finish Date | GT3: Tumour response to Subsequent Tx1 | GU3: Subsequent Tx2 | GV3: Subsequent Tx2 Agent | GW3: Subsequent Tx2 Start Date | GX3: Subsequent Tx2 Finish Date | GY3: Tumour response to Subsequent Tx2 | GZ3: Subsequent Tx3 | HA3: Subsequent Tx3 Agent | HB3: Subsequent Tx3 Start Date | HC3: Subsequent Tx3 Finish Date | HD3: Tumour response to Subsequent Tx3 | HE3: Subsequent Tx4 | HF3: Subsequent Tx4 Agent | HG3: Subsequent Tx4 Start Date | HH3: Subsequent Tx4 Finish Date | HI3: Tumour response to Subsequent Tx4 | HJ3: Subsequent Tx5 | HK3: Subsequent Tx5 Agent | HL3: Subsequent Tx5 Start Date | HM3: Subsequent Tx5 Finish Date | HN3: Tumour response to Subsequent Tx5 | HO3: Subsequent Tx6 | HP3: Subsequent Tx6 Agent | HQ3: Subsequent Tx6 Start Date | HR3: Subsequent Tx6 Finish Date | HS3: Tumour response to Subsequent Tx6 | HT3: Subsequent Tx7 | HU3: Subsequent Tx7 Agent | HV3: Subsequent Tx7 Start Date | HW3: Subsequent Tx7 Finish Date | HX3: Tumour response to Subsequent Tx7 | HY3: Subsequent Tx8 | HZ3: Subsequent Tx8 Agent | IA3: Subsequent Tx8 Start Date | IB3: Subsequent Tx8 Finish Date | IC3: Tumour response to Subsequent Tx8 | ID3: Subsequent Tx9 | IE3: Subsequent Tx9 Agent | IF3: Subsequent Tx9 Start Date | IG3: Subsequent Tx9 Finish Date | IH3: Tumour response to Subsequent Tx9 | II3: Subsequent Tx10 | IJ3: Subsequent Tx10 Agent | IK3: Subsequent Tx10 Start Date | IL3: Subsequent Tx10 Finish Date | IM3: Tumour response to Subsequent Tx10 | IN3: Subsequent Tx11 | IO3: Subsequent Tx11 Agent | IP3: Subsequent Tx11 Start Date | IQ3: Subsequent Tx11 Finish Date | IR3: Tumour response to Subsequent Tx11 | IS3: Subsequent Tx12 | IT3: Subsequent Tx12 Agent | IU3: Subsequent Tx12 Start Date | IV3: Subsequent Tx12 Finish Date | IW3: Tumour response to Subsequent Tx12 | IX3: Subsequent Tx13 | IY3: Subsequent Tx13 Agent | IZ3: Subsequent Tx13 Start Date | JA3: Subsequent Tx13 Finish Date | JB3: Tumour response to Subsequent Tx13 | JC3: Subsequent Tx14 | JD3: Subsequent Tx14 Agent | JE3: Subsequent Tx14 Start Date | JF3: Subsequent Tx14 Finish Date | JG3: Tumour response to Subsequent Tx14 | JH3: Subsequent Tx15 | JI3: Subsequent Tx15 Agent | JJ3: Subsequent Tx15 Start Date | JK3: Subsequent Tx15 Finish Date | JL3: Tumour response to Subsequent Tx15 | JM3: Current Status | JN3: Death date | JO3: Death tumour related | JP3: Cause of death | JQ3: Date last follow-up | JR3: Date Last Seen | JS3: Concurrent Medical Conditions | JT3: Comments from clinical team | JU3: TTE Neoadjuvant Tx1 Start Date | JV3: TTE Neoadjuvant Tx1 End Date | JW3: TTE Neoadjuvant Tx2 Start Date | JX3: TTE Neoadjuvant Tx2 End Date | JY3: TTE Neoadjuvant Tx3 Start Date | JZ3: TTE Neoadjuvant Tx3 End Date | KA3: TTE Neoadjuvant Tx4 Start Date | KB3: TTE Neoadjuvant Tx4 End Date | KC3: TTE Neoadjuvant Tx5 Start Date | KD3: TTE Neoadjuvant Tx5 End Date | KE3: TTE Neoadjuvant Tx6 Start Date | KF3: TTE Neoadjuvant Tx6 End Date | KG3: TTE Neoadjuvant Tx7 Start Date | KH3: TTE Neoadjuvant Tx7 End Date | KI3: TTE Neoadjuvant Tx8 Start Date | KJ3: TTE Neoadjuvant Tx8 End Date | KK3: TTE Neoadjuvant Tx9 Start Date | KL3: TTE Neoadjuvant Tx9 End Date | KM3: TTE Neoadjuvant Tx10 Start Date | KN3: TTE Neoadjuvant Tx10 End Date | KO3: TTE Specimen surgery date | KP3: TTE Primary Surgery date | KQ3: TTE Matched met 1 Surgery Date | KR3: TTE Matched met 2 Surgery Date | KS3: TTE Matched Normal tissue Surgery Date | KT3: TTE Adjuvant Tx1 Start Date | KU3: TTE Adjuvant Tx1 End Date | KV3: TTE Adjuvant Tx2 Start Date | KW3: TTE Adjuvant Tx2 End Date | KX3: TTE Adjuvant Tx3 Start Date | KY3: TTE Adjuvant Tx3 End Date | KZ3: TTE Adjuvant Tx4 Start Date | LA3: TTE Adjuvant Tx4 End Date | LB3: TTE Adjuvant Tx5 Start Date | LC3: TTE Adjuvant Tx5 End Date | LD3: TTE Adjuvant Tx6 Start Date | LE3: TTE Adjuvant Tx6 End Date | LF3: TTE Adjuvant Tx7 Start Date | LG3: TTE Adjuvant Tx7 End Date | LH3: TTE Adjuvant Tx8 Start Date | LI3: TTE Adjuvant Tx8 End Date | LJ3: TTE Adjuvant Tx9 Start Date | LK3: TTE Adjuvant Tx9 End Date | LL3: TTE Adjuvant Tx10 Start Date | LM3: TTE Adjuvant Tx10 End Date | LN3: TTE Adjuvant Tx11 Start Date | LO3: TTE Adjuvant Tx11 End Date | LP3: TTE Adjuvant Tx12 Start Date | LQ3: TTE Adjuvant Tx12 End Date | LR3: TTE Adjuvant Tx13 Start Date | LS3: TTE Adjuvant Tx13 End Date | LT3: TTE Adjuvant Tx14 Start Date | LU3: TTE Adjuvant Tx14 End Date | LV3: TTE Adjuvant Tx15 Start Date | LW3: TTE Adjuvant Tx15 End Date | LX3: TTE Date recurrence/ progression 1 | LY3: TTE Date recurrence/ progression 2 | LZ3: TTE Date recurrence/ progression 3 | MA3: TTE Date recurrence/ progression 4 | MB3: TTE Date recurrence/ progression 5 | MC3: TTE Date recurrence/ progression 6 | MD3: TTE Date recurrence/ progression 7 | ME3: TTE Date recurrence/ progression 8 | MF3: TTE Date recurrence/ progression 9 | MG3: TTE Date recurrence/ progression 10 | MH3: TTE Date recurrence/ progression 11 | MI3: TTE Date recurrence/ progression 12 | MJ3: TTE Date recurrence/ progression 13 | MK3: TTE Date recurrence/ progression 14 | ML3: TTE Date recurrence/ progression 15 | MM3: TTE Subsequent Tx1 Start Date | MN3: TTE Subsequent Tx1 Finish Date | MO3: TTE Subsequent Tx2 Start Date | MP3: TTE Subsequent Tx2 Finish Date | MQ3: TTE Subsequent Tx3 Start Date | MR3: TTE Subsequent Tx3 Finish Date | MS3: TTE Subsequent Tx4 Start Date | MT3: TTE Subsequent Tx4 Finish Date | MU3: TTE Subsequent Tx5 Start Date | MV3: TTE Subsequent Tx5 Finish Date | MW3: TTE Subsequent Tx6 Start Date | MX3: TTE Subsequent Tx6 Finish Date | MY3: TTE Subsequent Tx7 Start Date | MZ3: TTE Subsequent Tx7 Finish Date | NA3: TTE Subsequent Tx8 Start Date | NB3: TTE Subsequent Tx8 Finish Date | NC3: TTE Subsequent Tx9 Start Date | ND3: TTE Subsequent Tx9 Finish Date | NE3: TTE Subsequent Tx10 Start Date | NF3: TTE Subsequent Tx10 Finish Date | NG3: TTE Subsequent Tx11 Start Date | NH3: TTE Subsequent Tx11 Finish Date | NI3: TTE Subsequent Tx12 Start Date | NJ3: TTE Subsequent Tx12 Finish Date | NK3: TTE Subsequent Tx13 Start Date | NL3: TTE Subsequent Tx13 Finish Date | NM3: TTE Subsequent Tx14 Start Date | NN3: TTE Subsequent Tx14 Finish Date | NO3: TTE Subsequent Tx15 Start Date | NP3: TTE Subsequent Tx15 Finish Date | NQ3: TTE Recurrence (PFS) | NR3: TTE Death (OS and PFS) | NS3: TTE Date last follow-up (PFS) | NT3: TTE Date last seen (OS) | NU3: TTE Overall survival (OS) in months | NV3: TTE Progression free survival (PFS) in months | NW3: Event (recurrence/progression) | NX3: Event (cancer death) | NY3: Event (death; all causes) | NZ3: Event (recurrence or cancer death)
A4: 4849515096 | B4: No | C4: Treatment naïve | D4: No | E4: LH15-23319 | F4: C10 | G4: C7 | H4: 42159 | I4: Laparotomy with total abdominal hysterectomy, bilateral salpingo-oophorectomy, peritoneal washings and bilateral pelvic lymphadenectomy | J4: Uterine corpus | K4: N/A | L4: N/A | M4: N/A | N4: N/A | O4: N/A | P4: N/A | Q4: N/A | R4: N/A | S4: N/A | T4: N/A | U4: N/A | V4: N/A | W4: N/A | X4: N/A | Y4: N/A | Z4: N/A | AA4: N/A | AB4: F | AC4: 22788 | AD4: 42129 | AE4: =DATEDIF(AC4, AD4,"Y") -> 52 | AF4: Endometrioid adenocarcinoma | AG4: Specimen | AH4: Yes | AI4: 1A | AJ4: 0 | AK4: NR | AL4: 0 | AM4: T1AN0M0 | AN4: 2 | AO4: N/A
A5: 4760475672 | B5: No | C5: Treatment naïve | D5: No | E5: LH16-14222 | F5: A4 | G5: A11 | H5: 42464 | I5: Laparotomy with total abdominal hysterectomy, bilateral salpingo-oophorectomy, supracolic omentectomy, bilateral pelvic lymphadenectomy and para-aortic lymph node sampling | J5: Uterine corpus | K5: N/A | L5: N/A | M5: N/A | N5: N/A | O5: N/A | P5: N/A | Q5: N/A | R5: N/A | S5: N/A | T5: N/A | U5: N/A | V5: N/A | W5: N/A | X5: N/A | Y5: N/A | Z5: N/A | AA5: N/A | AB5: F | AC5: 23553 | AD5: 42409 | AE5: =DATEDIF(AC5, AD5,"Y") -> 51 | AF5: Endometrioid adenocarcinoma | AG5: Specimen | AH5: NR | AI5: 3B | AJ5: 0 | AK5: NR | AL5: 0 | AM5: T3BN0M0 | AN5: 1 | AO5: N/A | JT5: Synchronous IIA endometrioid adenocarcinoma in ovary (grade 1)
A6: 4363568348 | B6: No | C6: Treatment naïve | D6: No | E6: LH17-12064 | F6: A8 | G6: A9 | H6: 42815 | I6: Total laparoscopic hysterectomy, bilateral salpingo-oophorectomy, adhesiolysis, peritoneal washings and bilateral pelvic lymphadenectomy | J6: Uterine corpus | K6: N/A | L6: N/A | M6: N/A | N6: N/A | O6: N/A | P6: N/A | Q6: N/A | R6: N/A | S6: N/A | T6: N/A | U6: N/A | V6: N/A | W6: N/A | X6: N/A | Y6: N/A | Z6: N/A | AA6: N/A | AB6: F | AC6: 13593 | AD6: 42815 | AE6: =DATEDIF(AC6, AD6,"Y") -> 80 | AF6: Endometrioid adenocarcinoma | AG6: Specimen | AH6: Yes | AI6: 1B | AJ6: 0 | AK6: NR | AL6: 0 | AM6: T1BN0M0 | AN6: 1 | AO6: N/A
A7: 4862097049 | B7: No | C7: Treatment naïve | D7: No | E7: LH17-18561 | F7: A8 | G7: A4 | H7: 42858 | I7: Adhesiolysis, Total laparoscopic hysterectomy, bilateral salpingo-oophorectomy, pelvic lymphnode dissection, Para-aortal lymphnode dissection, paracaval lymphnode sampling | J7: Cervix, upper endocervical canal (tumour arising in lower uterine segment) | K7: N/A | L7: N/A | M7: N/A | N7: N/A | O7: N/A | P7: N/A | Q7: N/A | R7: N/A | S7: N/A | T7: N/A | U7: N/A | V7: N/A | W7: N/A | X7: N/A | Y7: N/A | Z7: N/A | AA7: N/A | AB7: F | AC7: 23118 | AD7: 42810 | AE7: =DATEDIF(AC7, AD7,"Y") -> 53 | AF7: Endometrioid adenocarcinoma | AG7: Specimen | AH7: Yes | AI7: 2 | AJ7: 0 | AK7: NR | AL7: 0 | AM7: T2N0M0 | AN7: 2 | AO7: N/A
A8: 4124075219 | B8: No | C8: Treatment naïve | D8: No | E8: LH17-31445 | F8: A5 | G8: A6 | H8: 42941 | I8: Total laparoscopic hysterectomy, bilateral salpingo-oophorectomy, adhesiolysis | J8: Uterine corpus | K8: N/A | L8: N/A | M8: N/A | N8: N/A | O8: N/A | P8: N/A | Q8: N/A | R8: N/A | S8: N/A | T8: N/A | U8: N/A | V8: N/A | W8: N/A | X8: N/A | Y8: N/A | Z8: N/A | AA8: N/A | AB8: F | AC8: 25388 | AD8: 42880 | AE8: =DATEDIF(AC8, AD8,"Y") -> 47 | AF8: Endometrioid adenocarcinoma | AG8: Specimen | AH8: Yes | AI8: 1A | AJ8: NR | AK8: NR | AL8: 0 | AM8: T1AN0M0 | AN8: 1 | AO8: N/A
A9: 4120037274 | B9: No | C9: Treatment naïve | D9: No | E9: LH18-18494 | F9: A27 | G9: A8 | H9: 43220 | I9: Total laparoscopic hysterectomy/Bilateral salpingo-oophorectomy | J9: Uterine corpus | K9: N/A | L9: N/A | M9: N/A | N9: N/A | O9: N/A | P9: N/A | Q9: N/A | R9: N/A | S9: N/A | T9: N/A | U9: N/A | V9: N/A | W9: N/A | X9: N/A | Y9: N/A | Z9: N/A | AA9: N/A | AB9: F | AC9: 25795 | AD9: 43133 | AE9: =DATEDIF(AC9, AD9,"Y") -> 47 | AF9: Endometrioid adenocarcinoma | AG9: Specimen | AH9: Yes | AI9: 1B | AJ9: NR | AK9: NR | AL9: 0 | AM9: T1BN0M0 | AN9: 1 | AO9: N/A | JU9: =IFERROR((YEARFRAC($AD9,$AT9)*12),"N/A") -> 1417.0667 | JV9: =IFERROR((YEARFRAC($AD9,$AU9)*12),"N/A") -> 1417.0667 | JW9: =IFERROR((YEARFRAC($AD9,$AY9)*12),"N/A") -> 1417.0667 | JX9: =IFERROR((YEARFRAC($AD9,$AZ9)*12),"N/A") -> 1417.0667 | JY9: =IFERROR((YEARFRAC($AD9,$BD9)*12),"N/A") -> 1417.0667 | JZ9: =IFERROR((YEARFRAC($AD9,$BE9)*12),"N/A") -> 1417.0667 | KA9: =IFERROR((YEARFRAC($AD9,$BI9)*12),"N/A") -> 1417.0667 | KB9: =IFERROR((YEARFRAC($AD9,$BJ9)*12),"N/A") -> 1417.0667 | KC9: =IFERROR((YEARFRAC($AD9,$BN9)*12),"N/A") -> 1417.0667 | KD9: =IFERROR((YEARFRAC($AD9,$BO9)*12),"N/A") -> 1417.0667 | KE9: =IFERROR((YEARFRAC($AD9,$BS9)*12),"N/A") -> 1417.0667 | KF9: =IFERROR((YEARFRAC($AD9,$BT9)*12),"N/A") -> 1417.0667 | KG9: =IFERROR((YEARFRAC($AD9,$BX9)*12),"N/A") -> 1417.0667 | KH9: =IFERROR((YEARFRAC($AD9,$BY9)*12),"N/A") -> 1417.0667 | KI9: =IFERROR((YEARFRAC($AD9,$CC9)*12),"N/A") -> 1417.0667 | KJ9: =IFERROR((YEARFRAC($AD9,$CD9)*12),"N/A") -> 1417.0667 | KK9: =IFERROR((YEARFRAC($AD9,$CH9)*12),"N/A") -> 1417.0667 | KL9: =IFERROR((YEARFRAC($AD9,$CI9)*12),"N/A") -> 1417.0667 | KM9: =IFERROR((YEARFRAC($AD9,$CM9)*12),"N/A") -> 1417.0667 | KN9: =IFERROR((YEARFRAC($AD9,$CN9)*12),"N/A") -> 1417.0667 | KO9: =IFERROR((YEARFRAC($AD9,$H9)*12),"N/A") -> 2.9333333 | KP9: =IFERROR((YEARFRAC($AD9,$K9)*12),"N/A") -> N/A | KQ9: =IFERROR((YEARFRAC($AD9,$P9)*12),"N/A") -> N/A | KR9: =IFERROR((YEARFRAC($AD9,$U9)*12),"N/A") -> N/A | KS9: =IFERROR((YEARFRAC($AD9,$Z9)*12),"N/A") -> N/A | KT9: =IFERROR((YEARFRAC($AD9,$CR9)*12),"N/A") -> 1417.0667 | KU9: =IFERROR((YEARFRAC($AD9,$CS9)*12),"N/A") -> 1417.0667 | KV9: =IFERROR((YEARFRAC($AD9,$CW9)*12),"N/A") -> 1417.0667 | KW9: =IFERROR((YEARFRAC($AD9,$CX9)*12),"N/A") -> 1417.0667 | KX9: =IFERROR((YEARFRAC($AD9,$DB9)*12),"N/A") -> 1417.0667 | KY9: =IFERROR((YEARFRAC($AD9,$DC9)*12),"N/A") -> 1417.0667 | KZ9: =IFERROR((YEARFRAC($AD9,$DG9)*12),"N/A") -> 1417.0667 | LA9: =IFERROR((YEARFRAC($AD9,$DH9)*12),"N/A") -> 1417.0667 | LB9: =IFERROR((YEARFRAC($AD9,$DL9)*12),"N/A") -> 1417.0667 | LC9: =IFERROR((YEARFRAC($AD9,$DM9)*12),"N/A") -> 1417.0667 | LD9: =IFERROR((YEARFRAC($AD9,$DQ9)*12),"N/A") -> 1417.0667 | LE9: =IFERROR((YEARFRAC($AD9,$DR9)*12),"N/A") -> 1417.0667 | LF9: =IFERROR((YEARFRAC($AD9,$DV9)*12),"N/A") -> 1417.0667 | LG9: =IFERROR((YEARFRAC($AD9,$DW9)*12),"N/A") -> 1417.0667 | LH9: =IFERROR((YEARFRAC($AD9,$EA9)*12),"N/A") -> 1417.0667 | LI9: =IFERROR((YEARFRAC($AD9,$EB9)*12),"N/A") -> 1417.0667 | LJ9: =IFERROR((YEARFRAC($AD9,$EF9)*12),"N/A") -> 1417.0667 | LK9: =IFERROR((YEARFRAC($AD9,$EG9)*12),"N/A") -> 1417.0667 | LL9: =IFERROR((YEARFRAC($AD9,$EK9)*12),"N/A") -> 1417.0667 | LM9: =IFERROR((YEARFRAC($AD9,$EL9)*12),"N/A") -> 1417.0667 | LN9: =IFERROR((YEARFRAC($AD9,$EP9)*12),"N/A") -> 1417.0667 | LO9: =IFERROR((YEARFRAC($AD9,$EQ9)*12),"N/A") -> 1417.0667 | LP9: =IFERROR((YEARFRAC($AD9,$EU9)*12),"N/A") -> 1417.0667 | LQ9: =IFERROR((YEARFRAC($AD9,$EV9)*12),"N/A") -> 1417.0667 | LR9: =IFERROR((YEARFRAC($AD9,$EZ9)*12),"N/A") -> 1417.0667 | LS9: =IFERROR((YEARFRAC($AD9,$FA9)*12),"N/A") -> 1417.0667 | LT9: =IFERROR((YEARFRAC($AD9,$EE9)*12),"N/A") -> 1417.0667 | LU9: =IFERROR((YEARFRAC($AD9,$EF9)*12),"N/A") -> 1417.0667 | LV9: =IFERROR((YEARFRAC($AD9,$FJ9)*12),"N/A") -> 1417.0667 | LW9: =IFERROR((YEARFRAC($AD9,$FK9)*12),"N/A") -> 1417.0667 | LX9: =IFERROR((YEARFRAC($AD9,$FL9)*12),"N/A") -> 1417.0667 | LY9: =IFERROR((YEARFRAC($AD9,$FN9)*12),"N/A") -> 1417.0667 | LZ9: =IFERROR((YEARFRAC($AD9,$FP9)*12),"N/A") -> 1417.0667 | MA9: =IFERROR((YEARFRAC($AD9,$FR9)*12),"N/A") -> 1417.0667 | MB9: =IFERROR((YEARFRAC($AD9,$FT9)*12),"N/A") -> 1417.0667 | MC9: =IFERROR((YEARFRAC($AD9,$FV9)*12),"N/A") -> 1417.0667 | MD9: =IFERROR((YEARFRAC($AD9,$FX9)*12),"N/A") -> 1417.0667 | ME9: =IFERROR((YEARFRAC($AD9,$FZ9)*12),"N/A") -> 1417.0667 | MF9: =IFERROR((YEARFRAC($AD9,$GB9)*12),"N/A") -> 1417.0667 | MG9: =IFERROR((YEARFRAC($AD9,$GD9)*12),"N/A") -> 1417.0667 | MH9: =IFERROR((YEARFRAC($AD9,$GF9)*12),"N/A") -> 1417.0667 | MI9: =IFERROR((YEARFRAC($AD9,$GH9)*12),"N/A") -> 1417.0667 | MJ9: =IFERROR((YEARFRAC($AD9,$GJ9)*12),"N/A") -> 1417.0667 | MK9: =IFERROR((YEARFRAC($AD9,$GL9)*12),"N/A") -> 1417.0667 | ML9: =IFERROR((YEARFRAC($AD9,$GN9)*12),"N/A") -> 1417.0667 | MM9: =IFERROR((YEARFRAC($AD9,$GR9)*12),"N/A") -> 1417.0667 | MN9: =IFERROR((YEARFRAC($AD9,$GS9)*12),"N/A") -> 1417.0667 | MO9: =IFERROR((YEARFRAC($AD9,$GW9)*12),"N/A") -> 1417.0667 | MP9: =IFERROR((YEARFRAC($AD9,$GX9)*12),"N/A") -> 1417.0667 | MQ9: =IFERROR((YEARFRAC($AD9,$HB9)*12),"N/A") -> 1417.0667 | MR9: =IFERROR((YEARFRAC($AD9,$HC9)*12),"N/A") -> 1417.0667 | MS9: =IFERROR((YEARFRAC($AD9,$HG9)*12),"N/A") -> 1417.0667 | MT9: =IFERROR((YEARFRAC($AD9,$HH9)*12),"N/A") -> 1417.0667 | MU9: =IFERROR((YEARFRAC($AD9,$HL9)*12),"N/A") -> 1417.0667 | MV9: =IFERROR((YEARFRAC($AD9,$HM9)*12),"N/A") -> 1417.0667 | MW9: =IFERROR((YEARFRAC($AD9,$HQ9)*12),"N/A") -> 1417.0667 | MX9: =IFERROR((YEARFRAC($AD9,$HR9)*12),"N/A") -> 1417.0667 | MY9: =IFERROR((YEARFRAC($AD9,$HV9)*12),"N/A") -> 1417.0667 | MZ9: =IFERROR((YEARFRAC($AD9,$HW9)*12),"N/A") -> 1417.0667 | NA9: =IFERROR((YEARFRAC($AD9,$IA9)*12),"N/A") -> 1417.0667 | NB9: =IFERROR((YEARFRAC($AD9,$IB9)*12),"N/A") -> 1417.0667 | NC9: =IFERROR((YEARFRAC($AD9,$IF9)*12),"N/A") -> 1417.0667 | ND9: =IFERROR((YEARFRAC($AD9,$IG9)*12),"N/A") -> 1417.0667 | NE9: =IFERROR((YEARFRAC($AD9,$IK9)*12),"N/A") -> 1417.0667 | NF9: =IFERROR((YEARFRAC($AD9,$IL9)*12),"N/A") -> 1417.0667 | NG9: =IFERROR((YEARFRAC($AD9,$IP9)*12),"N/A") -> 1417.0667 | NH9: =IFERROR((YEARFRAC($AD9,$IQ9)*12),"N/A") -> 1417.0667 | NI9: =IFERROR((YEARFRAC($AD9,$IU9)*12),"N/A") -> 1417.0667 | NJ9: =IFERROR((YEARFRAC($AD9,$IV9)*12),"N/A") -> 1417.0667 | NK9: =IFERROR((YEARFRAC($AD9,$IZ9)*12),"N/A") -> 1417.0667 | NL9: =IFERROR((YEARFRAC($AD9,$JA9)*12),"N/A") -> 1417.0667 | NM9: =IFERROR((YEARFRAC($AD9,$JE9)*12),"N/A") -> 1417.0667 | NN9: =IFERROR((YEARFRAC($AD9,$JF9)*12),"N/A") -> 1417.0667 | NO9: =IFERROR((YEARFRAC($AD9,$JJ9)*12),"N/A") -> 1417.0667 | NP9: =IFERROR((YEARFRAC($AD9,$JK9)*12),"N/A") -> 1417.0667 | NQ9: =$LX9 -> 1417.0667 | NR9: =IFERROR((YEARFRAC($AD9,$JN9)*12),"N/A") -> 1417.0667 | NS9: =IFERROR((YEARFRAC($AD9,$JQ9)*12),"N/A") -> 1417.0667 | NT9: =IFERROR((YEARFRAC($AD9,$JR9)*12),"N/A") -> 1417.0667 | NU9: =SUM($NR9,$NT9) -> 2834.1333 | NV9: {=INDEX($NQ9:$NS9,MATCH(TRUE,INDEX(ISNUMBER($NQ9:$NS9),0),0))} -> 1417.0667 | NW9: =IF($NQ9="N/A",0,1) -> 1 | NX9: =IF($JO9="Yes",1,0) -> 0 | NY9: =IF($NR9="N/A",0,1) -> 1 | NZ9: =IF(OR($NW9=1,$NX9=1),"1","0") -> 1
A10: 4582887899 | B10: No | C10: Treatment naïve | D10: No | E10: LH19-15431 | F10: A16 | G10: A18 | H10: 43560 | I10: Total Robotic Hysterectomy/Bilateral salpingo-oophorectomy/Pelvic Lymphadenectomy | J10: Uterine corpus | K10: N/A | L10: N/A | M10: N/A | N10: N/A | O10: N/A | P10: N/A | Q10: N/A | R10: N/A | S10: N/A | T10: N/A | U10: N/A | V10: N/A | W10: N/A | X10: N/A | Y10: N/A | Z10: N/A | AA10: N/A | AB10: F | AC10: 21867 | AD10: 43515 | AE10: =DATEDIF(AC10, AD10,"Y") -> 59 | AF10: Endometrioid carcinoma | AG10: Specimen | AH10: Yes | AI10: NR | AJ10: 1 | AK10: NR | AL10: 0 | AM10: N/A | AN10: 2 | AO10: N/A
A11: 4862084389 | B11: No | C11: Treatment naïve | D11: No | E11: LH19-26760 | F11: A10(L) | G11: A12(L) | H11: 43636 | I11: Total Laparoscopic Hysterectomy; Bilateral Salpingo-oophorectomy; Bilateral Pelvic Node Sampling; Peritoneal washings | J11: Uterine corpus | K11: N/A | L11: N/A | M11: N/A | N11: N/A | O11: N/A | P11: N/A | Q11: N/A | R11: N/A | S11: N/A | T11: N/A | U11: N/A | V11: N/A | W11: N/A | X11: N/A | Y11: N/A | Z11: N/A | AA11: N/A | AB11: F | AC11: 23329 | AD11: 43566 | AE11: =DATEDIF(AC11, AD11,"Y") -> 55 | AF11: Endometrioid adenocarcinoma | AG11: Specimen | AH11: Yes | AI11: 1B | AJ11: 0 | AK11: NR | AL11: 0 | AM11: T1BN0M0 | AN11: 1 | AO11: N/A
A12: 4505997235 | B12: No | C12: Treatment naïve | D12: No | E12: LH19-26931 | F12: A12 | G12: N/A | H12: 43637 | I12: Total laparoscopic hysterectomy/Bilateral salpingo-oophorectomy | J12: Uterine corpus | K12: N/A | L12: N/A | M12: N/A | N12: N/A | O12: N/A | P12: N/A | Q12: N/A | R12: N/A | S12: N/A | T12: N/A | U12: N/A | V12: N/A | W12: N/A | X12: N/A | Y12: N/A | Z12: N/A | AA12: N/A | AB12: F | AC12: 21498 | AD12: 43598 | AE12: =DATEDIF(AC12, AD12,"Y") -> 60 | AF12: Endometrioid adenocarcinoma | AG12: Specimen | AH12: Yes | AI12: 1A | AJ12: NR | AK12: NR | AL12: 0 | AM12: T1AN0M0 | AN12: 1 | AO12: N/A
A13: 4800798418 | B13: No | C13: Treatment naïve | D13: No | E13: LH19-34016 | F13: A15 | G13: A12 | H13: 43683 | I13: Total abdominal hysterectomy, Bilateral salpingo-ophorectomy, Omentectomy, Pelvic lymph node sampling, Paraaortic lymph node sampling | J13: Uterine corpus | K13: N/A | L13: N/A | M13: N/A | N13: N/A | O13: N/A | P13: N/A | Q13: N/A | R13: N/A | S13: N/A | T13: N/A | U13: N/A | V13: N/A | W13: N/A | X13: N/A | Y13: N/A | Z13: N/A | AA13: N/A | AB13: F | AC13: 22802 | AD13: 43696 | AE13: =DATEDIF(AC13, AD13,"Y") -> 57 | AF13: Endometrioid adenocarcinoma | AG13: Specimen | AH13: Yes | AI13: 3A | AJ13: 0 | AK13: NR | AL13: 0 | AM13: T3AN0M0 | AN13: 1 | AO13: N/A
A14: 4860443551 | B14: No | C14: Treatment naïve | D14: No | E14: LH19-34659 | F14: A8 | G14: A7 | H14: 43686 | I14: Total robotic hysterectomy, bilateral salpingo-oophorectomy and bilateral pelvic lymphadenectomy | J14: Uterine corpus | K14: N/A | L14: N/A | M14: N/A | N14: N/A | O14: N/A | P14: N/A | Q14: N/A | R14: N/A | S14: N/A | T14: N/A | U14: N/A | V14: N/A | W14: N/A | X14: N/A | Y14: N/A | Z14: N/A | AA14: N/A | AB14: F | AC14: 21371 | AD14: 43668 | AE14: =DATEDIF(AC14, AD14,"Y") -> 61 | AF14: Endometrioid adenocarcinoma | AG14: Specimen | AH14: No | AI14: 1B | AJ14: 0 | AK14: NR | AL14: 0 | AM14: T1BN0M0 | AN14: 3 | AO14: N/A
A15: 6163514831 | B15: No | C15: Treatment naïve | D15: No | E15: LH19-47908 | F15: A15 | G15: A10 | H15: 43773 | I15: Total laparoscopic hysterectomy, bilateral salpingo-oophorectomy and bilateral pelvic lymphadenectomy | J15: Uterine corpus | K15: N/A | L15: N/A | M15: N/A | N15: N/A | O15: N/A | P15: N/A | Q15: N/A | R15: N/A | S15: N/A | T15: N/A | U15: N/A | V15: N/A | W15: N/A | X15: N/A | Y15: N/A | Z15: N/A | AA15: N/A | AB15: F | AC15: 16253 | AD15: 43739 | AE15: =DATEDIF(AC15, AD15,"Y") -> 75 | AF15: Endometrioid adenocarcinoma | AG15: Specimen | AH15: Yes | AI15: 2 | AJ15: 0 | AK15: NR | AL15: 0 | AM15: T2N0M0 | AN15: 3 | AO15: N/A
A16: 4807687875 | B16: No | C16: Treatment naïve | D16: No | E16: LH19-50535 | F16: A14(L) | G16: N/A | H16: 43788 | I16: Total laparoscopic hysterectomy/Bilateral salpingo-oophorectomy | J16: Uterine corpus | K16: N/A | L16: N/A | M16: N/A | N16: N/A | O16: N/A | P16: N/A | Q16: N/A | R16: N/A | S16: N/A | T16: N/A | U16: N/A | V16: N/A | W16: N/A | X16: N/A | Y16: N/A | Z16: N/A | AA16: N/A | AB16: F | AC16: 23149 | AD16: 43739 | AE16: =DATEDIF(AC16, AD16,"Y") -> 56 | AF16: Endometrioid adenocarcinoma | AG16: Specimen | AH16: Yes | AI16: 1A | AJ16: NR | AK16: NR | AL16: 0 | AM16: T1AN0M0 | AN16: 1 | AO16: N/A
A17: 4109356563 | B17: No | C17: Treatment naïve | D17: No | E17: LH19-55935 | F17: A6 | G17: A5 | H17: 43819 | I17: Laparotomy/Total abdominal hysterectomy/Bilateral salpingo-oophorectomy/Omentectomy/Pelvic and para-aortic lymphadenectomy | J17: Uterine corpus | K17: N/A | L17: N/A | M17: N/A | N17: N/A | O17: N/A | P17: N/A | Q17: N/A | R17: N/A | S17: N/A | T17: N/A | U17: N/A | V17: N/A | W17: N/A | X17: N/A | Y17: N/A | Z17: N/A | AA17: N/A | AB17: F | AC17: 24603 | AD17: 43788 | AE17: =DATEDIF(AC17, AD17,"Y") -> 52 | AF17: Endometrioid adenocarcinoma | AG17: Specimen | AH17: Yes | AI17: NR | AJ17: 2 | AK17: NR | AL17: 0 | AM17: N/A | AN17: 3 | AO17: N/A
A18: 6289334077 | B18: No | C18: Treatment naïve | D18: No | E18: LH20-05949 | F18: A7 | G18: A17 | H18: 43867 | I18: Total laparoscopic hysterectomy/Bilateral salpingo-oophorectomy | J18: Uterine corpus | K18: N/A | L18: N/A | M18: N/A | N18: N/A | O18: N/A | P18: N/A | Q18: N/A | R18: N/A | S18: N/A | T18: N/A | U18: N/A | V18: N/A | W18: N/A | X18: N/A | Y18: N/A | Z18: N/A | AA18: N/A | AB18: F | AC18: 20012 | AD18: 43822 | AE18: =DATEDIF(AC18, AD18,"Y") -> 65 | AF18: Endometrioid adenocarcinoma | AG18: Specimen | AH18: Yes | AI18: 1A | AJ18: NR | AK18: NR | AL18: 0 | AM18: T1AN0M0 | AN18: 1 | AO18: N/A
A19: 4506314042 | B19: No | C19: Treatment naïve | D19: No | E19: LH20-05951 | F19: A9 | G19: A8 | H19: 43867 | I19: laparoscopically assisted total hysterectomy, bilateral salpingo-oophorectomy | J19: Uterine corpus | K19: N/A | L19: N/A | M19: N/A | N19: N/A | O19: N/A | P19: N/A | Q19: N/A | R19: N/A | S19: N/A | T19: N/A | U19: N/A | V19: N/A | W19: N/A | X19: N/A | Y19: N/A | Z19: N/A | AA19: N/A | AB19: F | AC19: 21295 | AD19: 43867 | AE19: =DATEDIF(AC19, AD19,"Y") -> 61 | AF19: Endometrioid adenocarcinoma | AG19: Specimen | AH19: Yes | AI19: 1B | AJ19: NR | AK19: NR | AL19: 0 | AM19: T1BN0M0 | AN19: 1 | AO19: N/A
A20: 4364284998 | B20: No | C20: Treatment naïve | D20: No | E20: LH20-10372 | F20: A6 | G20: A7 | H20: 43895 | I20: Total Laparoscopic Hysterectomy; Bilateral Salpingo-oophorectomy. | J20: Uterine corpus | K20: N/A | L20: N/A | M20: N/A | N20: N/A | O20: N/A | P20: N/A | Q20: N/A | R20: N/A | S20: N/A | T20: N/A | U20: N/A | V20: N/A | W20: N/A | X20: N/A | Y20: N/A | Z20: N/A | AA20: N/A | AB20: F | AC20: 13734 | AD20: 43823 | AE20: =DATEDIF(AC20, AD20,"Y") -> 82 | AF20: Endometrioid adenocarcinoma | AG20: Specimen | AH20: Yes | AI20: 2 | AJ20: NR | AK20: NR | AL20: 0 | AM20: T2N0M0 | AN20: 2 | AO20: N/A
A21: 4583302967 | B21: No | C21: Treatment naïve | D21: No | E21: LH20-10590 | F21: A17 | G21: A9 | H21: 43896 | I21: Total laparoscopic hysterectomy/Bilateral salpingo-oophorectomy | J21: Uterine corpus | K21: N/A | L21: N/A | M21: N/A | N21: N/A | O21: N/A | P21: N/A | Q21: N/A | R21: N/A | S21: N/A | T21: N/A | U21: N/A | V21: N/A | W21: N/A | X21: N/A | Y21: N/A | Z21: N/A | AA21: N/A | AB21: F | AC21: 20193 | AD21: 43864 | AE21: =DATEDIF(AC21, AD21,"Y") -> 64 | AF21: Endometrioid adenocarcinoma | AG21: Specimen | AH21: Yes | AI21: 1A | AJ21: NR | AK21: NR | AL21: 0 | AM21: T1AN0M0 | AN21: 2 | AO21: N/A
A22: 4086856999 | B22: No | C22: Treatment naïve | D22: No | E22: LH20-14746 | F22: A16 | G22: A12 | H22: 43950 | I22: Total Abdominal Hysterectomy; Bilateral Salpingo-oophorectomy; Bilateral Pelvic Node Sampling; Peritoneal washings. | J22: Uterine corpus | K22: N/A | L22: N/A | M22: N/A | N22: N/A | O22: N/A | P22: N/A | Q22: N/A | R22: N/A | S22: N/A | T22: N/A | U22: N/A | V22: N/A | W22: N/A | X22: N/A | Y22: N/A | Z22: N/A | AA22: N/A | AB22: F | AC22: 24070 | AD22: 43922 | AE22: =DATEDIF(AC22, AD22,"Y") -> 54 | AF22: Endometrioid adenocarcinoma | AG22: Specimen | AH22: NR | AI22: 2 | AJ22: 0 | AK22: NR | AL22: 0 | AM22: T2N0M0 | AN22: 2 | AO22: N/A
A23: 4087362620 | B23: No | C23: Treatment naïve | D23: No | E23: LH20-16019 | F23: A26 | G23: A15 | H23: 43978 | I23: Total laparoscopic hysterectomy/Bilateral salpingo-oophorectomy | J23: Uterine corpus | K23: N/A | L23: N/A | M23: N/A | N23: N/A | O23: N/A | P23: N/A | Q23: N/A | R23: N/A | S23: N/A | T23: N/A | U23: N/A | V23: N/A | W23: N/A | X23: N/A | Y23: N/A | Z23: N/A | AA23: N/A | AB23: F | AC23: 27734 | AD23: 43700 | AE23: =DATEDIF(AC23, AD23,"Y") -> 43 | AF23: Endometrioid adenocarcinoma | AG23: Specimen | AH23: Yes | AI23: 1A | AJ23: NR | AK23: NR | AL23: 0 | AM23: T1AN0M0 | AN23: 2 | AO23: N/A
A24: 4387969776 | B24: No | C24: Treatment naïve | D24: No | E24: LH20-20082 | F24: A10 | G24: A9 | H24: 44025 | I24: Laparoscopic converted to open Adhesiolysis/Total abdominal hysterectomy/Bilateral salpingo-oophorectomy/Pelvic lymphadenectomy/Omental biopsy | J24: Uterine corpus | K24: N/A | L24: N/A | M24: N/A | N24: N/A | O24: N/A | P24: N/A | Q24: N/A | R24: N/A | S24: N/A | T24: N/A | U24: N/A | V24: N/A | W24: N/A | X24: N/A | Y24: N/A | Z24: N/A | AA24: N/A | AB24: F | AC24: 16948 | AD24: 43990 | AE24: =DATEDIF(AC24, AD24,"Y") -> 74 | AF24: Endometrioid adenocarcinoma | AG24: Specimen | AH24: Yes | AI24: 1A | AJ24: 0 | AK24: NR | AL24: 0 | AM24: T1AN0M0 | AN24: 2 | AO24: N/A
A25: 4382038278 | B25: No | C25: Treatment naïve | D25: No | E25: LH20-24870 | F25: A12 | G25: A15 | H25: 44069 | I25: Total Abdominal Hysterectomy; Bilateral Salpingo-oophorectomy; and washings | J25: Uterine corpus | K25: N/A | L25: N/A | M25: N/A | N25: N/A | O25: N/A | P25: N/A | Q25: N/A | R25: N/A | S25: N/A | T25: N/A | U25: N/A | V25: N/A | W25: N/A | X25: N/A | Y25: N/A | Z25: N/A | AA25: N/A | AB25: F | AC25: 15672 | AD25: 44006 | AE25: =DATEDIF(AC25, AD25,"Y") -> 77 | AF25: Endometrioid adenocarcinoma | AG25: Specimen | AH25: No | AI25: 1B | AJ25: NR | AK25: NR | AL25: 0 | AM25: T1BN0M0 | AN25: 1 | AO25: N/A
A26: 4508985181 | B26: No | C26: Treatment naïve | D26: No | E26: LH20-27121 | F26: A13 | G26: A15 | H26: 44090 | I26: Total laparoscopic hysterectomy, bilateral salpingo-oophorectomy and bilateral pelvic lymphadenectomy | J26: Uterine corpus | K26: N/A | L26: N/A | M26: N/A | N26: N/A | O26: N/A | P26: N/A | Q26: N/A | R26: N/A | S26: N/A | T26: N/A | U26: N/A | V26: N/A | W26: N/A | X26: N/A | Y26: N/A | Z26: N/A | AA26: N/A | AB26: F | AC26: 17760 | AD26: 44041 | AE26: =DATEDIF(AC26, AD26,"Y") -> 71 | AF26: Endometrioid adenocarcinoma | AG26: Specimen | AH26: Yes | AI26: 1B | AJ26: 0 | AK26: NR | AL26: 0 | AM26: T1BN0M0 | AN26: 1 | AO26: N/A
A27: 4581844045 | B27: No | C27: Treatment naïve | D27: No | E27: LH20-29696 | F27: A21 | G27: A18 | H27: 44110 | I27: TAH, BSO, Omentectomy, Pelvic and para-aortal LND | J27: Uterine corpus | K27: N/A | L27: N/A | M27: N/A | N27: N/A | O27: N/A | P27: N/A | Q27: N/A | R27: N/A | S27: N/A | T27: N/A | U27: N/A | V27: N/A | W27: N/A | X27: N/A | Y27: N/A | Z27: N/A | AA27: N/A | AB27: F | AC27: 19269 | AD27: 44056 | AE27: =DATEDIF(AC27, AD27,"Y") -> 67 | AF27: Endometrioid adenocarcinoma | AG27: Specimen | AH27: Yes | AI27: NR | AJ27: 1 | AK27: NR | AL27: 0 | AM27: N/A | AN27: 2 | AO27: N/A
A28: 4125738122 | B28: No | C28: Treatment naïve | D28: No | E28: LH20-30294 | F28: A7 | G28: A8 | H28: 44116 | I28: Total laparoscopic hysterectomy, bilateral salpingo-oophorectomy and bilateral pelvic lymphadenectomy with adhesiolysis | J28: Uterine corpus | K28: N/A | L28: N/A | M28: N/A | N28: N/A | O28: N/A | P28: N/A | Q28: N/A | R28: N/A | S28: N/A | T28: N/A | U28: N/A | V28: N/A | W28: N/A | X28: N/A | Y28: N/A | Z28: N/A | AA28: N/A | AB28: F | AC28: 25385 | AD28: 44081 | AE28: =DATEDIF(AC28, AD28,"Y") -> 51 | AF28: Endometrioid adenocarcinoma | AG28: Specimen | AH28: Yes | AI28: 1A | AJ28: 0 | AK28: NR | AL28: 0 | AM28: T1AN0M0 | AN28: 2 | AO28: N/A
A29: 4083306041 | B29: No | C29: Treatment naïve | D29: No | E29: LH21-05633 | F29: A8 | G29: N/A | H29: 44243 | I29: Laparotomy, total abdominal hysterectomy, bilateral salpingo-oophorectomy, pelvic lymphadenectomy, para-aortic lymph node sampling, infracolic omentectomy | J29: Uterine corpus | K29: N/A | L29: N/A | M29: LH21-05633 | N29: A12 | O29: R Ovary | P29: 44243 | Q29: Treatment naïve | R29: N/A | S29: N/A | T29: N/A | U29: N/A | V29: N/A | W29: N/A | X29: N/A | Y29: N/A | Z29: N/A | AA29: N/A | AB29: F | AC29: 30498 | AD29: 44203 | AE29: =DATEDIF(AC29, AD29,"Y") -> 37 | AF29: Endometrioid carcinoma | AG29: Specimen | AH29: Yes | AI29: 3A | AJ29: 0 | AK29: NR | AL29: 0 | AM29: T3AN0M0 | AN29: 1 | AO29: N/A
A30: 4124649371 | B30: No | C30: Treatment naïve | D30: No | E30: LH21-05989 | F30: A8 | G30: A6 | H30: 44245 | I30: Total Abdominal Hysterectomy; Bilateral Salpingo-oophorectomy; Bilateral Pelvic and Para-aortic Node sampling; Infracolic Omental Biopsy; Peritoneal Washings; Insertion of On-Q pain catheters. | J30: Uterine corpus | K30: N/A | L30: N/A | M30: N/A | N30: N/A | O30: N/A | P30: N/A | Q30: N/A | R30: N/A | S30: N/A | T30: N/A | U30: N/A | V30: N/A | W30: N/A | X30: N/A | Y30: N/A | Z30: N/A | AA30: N/A | AB30: F | AC30: 27482 | AD30: 44188 | AE30: =DATEDIF(AC30, AD30,"Y") -> 45 | AF30: Endometrioid carcinoma | AG30: Specimen | AH30: Yes | AI30: 1A | AJ30: 0 | AK30: NR | AL30: 0 | AM30: T1AN0M0 | AN30: 3 | AO30: N/A
A31: 4382721598 | B31: No | C31: Treatment naïve | D31: No | E31: LH21-09144 | F31: A7 | G31: A10 | H31: 44270 | I31: Laparotomy with total abdominal hysterectomy, bilateral salpingo-oophorectomy, infracolic omentectomy, bilateral pelvic lymphadenectomy and para-aortic lymph node sampling | J31: Uterine corpus | K31: N/A | L31: N/A | M31: N/A | N31: N/A | O31: N/A | P31: N/A | Q31: N/A | R31: N/A | S31: N/A | T31: N/A | U31: N/A | V31: N/A | W31: N/A | X31: N/A | Y31: N/A | Z31: N/A | AA31: N/A | AB31: F | AC31: 17341 | AD31: 44244 | AE31: =DATEDIF(AC31, AD31,"Y") -> 73 | AF31: Endometrioid carcinoma | AG31: Specimen | AH31: No | AI31: 1B | AJ31: 0 | AK31: NR | AL31: 0 | AM31: T1BN0M0 | AN31: 2 | AO31: N/A
A32: 4861789648 | B32: No | C32: Treatment naïve | D32: No | E32: LH21-10715 | F32: A5 | G32: A6 | H32: 44280 | I32: Total laparoscopic hysterectomy, bilateral salpingo-oophorectomy | J32: Uterine corpus | K32: N/A | L32: N/A | M32: N/A | N32: N/A | O32: N/A | P32: N/A | Q32: N/A | R32: N/A | S32: N/A | T32: N/A | U32: N/A | V32: N/A | W32: N/A | X32: N/A | Y32: N/A | Z32: N/A | AA32: N/A | AB32: F | AC32: 22505 | AD32: 44123 | AE32: =DATEDIF(AC32, AD32,"Y") -> 59 | AF32: Endometrioid carcinoma | AG32: Specimen | AH32: Yes | AI32: 1A | AJ32: NR | AK32: NR | AL32: 0 | AM32: T1AN0M0 | AN32: 1 | AO32: N/A
A33: 4848989531 | B33: No | C33: Treatment naïve | D33: No | E33: LH21-16894 | F33: A19 | G33: A21 | H33: 44322 | I33: Total laparoscopic hysterectomy, bilateral salpingo-oophorectomy | J33: Uterine corpus | K33: N/A | L33: N/A | M33: N/A | N33: N/A | O33: N/A | P33: N/A | Q33: N/A | R33: N/A | S33: N/A | T33: N/A | U33: N/A | V33: N/A | W33: N/A | X33: N/A | Y33: N/A | Z33: N/A | AA33: N/A | AB33: F | AC33: 21894 | AD33: 44273 | AE33: =DATEDIF(AC33, AD33,"Y") -> 61 | AF33: Endometrioid carcinoma | AG33: Specimen | AH33: Yes | AI33: 1B | AJ33: NR | AK33: NR | AL33: 0 | AM33: T1BN0M0 | AN33: 1 | AO33: N/A
A34: 6145366486 | B34: No | C34: Treatment naïve | D34: No | E34: LH21-18821 | F34: A13 | G34: A10 | H34: 44336 | I34: Total laparoscopic hysterectomy, bilateral salpingo-oophorectomy, pelvic lymphadenectomy | J34: Uterine corpus | K34: N/A | L34: N/A | M34: N/A | N34: N/A | O34: N/A | P34: N/A | Q34: N/A | R34: N/A | S34: N/A | T34: N/A | U34: N/A | V34: N/A | W34: N/A | X34: N/A | Y34: N/A | Z34: N/A | AA34: N/A | AB34: F | AC34: 27990 | AD34: 44250 | AE34: =DATEDIF(AC34, AD34,"Y") -> 44 | AF34: Endometrioid carcinoma | AG34: Specimen | AH34: Yes | AI34: 3A | AJ34: 0 | AK34: NR | AL34: 0 | AM34: T3AN0M0 | AN34: 2 | AO34: N/A
A35: 4861720087 | B35: No | C35: Treatment naïve | D35: No | E35: LH21-25455 | F35: A15 | G35: A20 | H35: 44384 | I35: Staging TAH, BSO, Lymphadenectomy, infracolic omentectomy, excision hernia, washings | J35: Uterine corpus | K35: N/A | L35: N/A | M35: N/A | N35: N/A | O35: N/A | P35: N/A | Q35: N/A | R35: N/A | S35: N/A | T35: N/A | U35: N/A | V35: N/A | W35: N/A | X35: N/A | Y35: N/A | Z35: N/A | AA35: N/A | AB35: F | AC35: 21798 | AD35: 44320 | AE35: =DATEDIF(AC35, AD35,"Y") -> 61 | AF35: Endometrioid carcinoma | AG35: Specimen | AH35: Yes | AI35: 2 | AJ35: 0 | AK35: NR | AL35: 0 | AM35: T2N0M0 | AN35: 1 | AO35: N/A
A36: 6327986404 | B36: No | C36: Treatment naïve | D36: No | E36: LH21-32594 | F36: A3 | G36: N/A | H36: 44439 | I36: Interval debulking surgery, TAH, BSO, Omentectomy, Bladder peritoneum biopsy | J36: Endometrial polyp | K36: N/A | L36: N/A | M36: N/A | N36: N/A | O36: N/A | P36: N/A | Q36: N/A | R36: N/A | S36: N/A | T36: N/A | U36: N/A | V36: N/A | W36: N/A | X36: N/A | Y36: N/A | Z36: N/A | AA36: N/A | AB36: F | AC36: 17463 | AD36: 44348 | AE36: =DATEDIF(AC36, AD36,"Y") -> 73 | AF36: Endometrioid carcinoma | AG36: Specimen | AH36: Yes | AI36: 1A | AJ36: 0 | AK36: NR | AL36: 0 | AM36: T1AN0M0 | AN36: 1 | AO36: N/A | JT36: Synchronous stage IVB low grade serous ovarian cancer; patient treated with 3 cycles carboplatin plus paclitaxel prior to interval debulking surgery
A37: 4087924513 | B37: No | C37: Immunotherapy naïve | D37: No | E37: LH21-34655 | F37: A1 | G37: N/A | H37: 44454 | I37: Total Abdominal Hysterectomy; Bilateral Salpingo-oophorectomy; Supracolic Omentectomy; Appendicectomy; Peritoneal Biopsies; Removal of Portec drain Left side of abdomen. | J37: Uterine corpus | K37: N/A | L37: N/A | M37: LH21-34655 | N37: B15 | O37: Ovary | P37: 44454 | Q37: Immunotherapy naïve | R37: N/A | S37: N/A | T37: N/A | U37: N/A | V37: N/A | W37: N/A | X37: N/A | Y37: N/A | Z37: N/A | AA37: N/A | AB37: F | AC37: 24683 | AD37: 44215 | AE37: =DATEDIF(AC37, AD37,"Y") -> 53 | AF37: Endometrioid carcinoma with prominent mucinous metaplasia | AG37: Specimen | AH37: No | AI37: 3B | AJ37: NR | AK37: NR | AL37: 0 | AM37: T3BN0M0 | AN37: 2 | AO37: N/A
A38: 6163529707 | B38: No | C38: Treatment naïve | D38: No | E38: LH21-36998 | F38: A5 | G38: A12 | H38: 44470 | I38: Robotic hysterectomy, RSO and pelvic lymphadenectomy | J38: Uterine corpus | K38: N/A | L38: N/A | M38: N/A | N38: N/A | O38: N/A | P38: N/A | Q38: N/A | R38: N/A | S38: N/A | T38: N/A | U38: N/A | V38: N/A | W38: N/A | X38: N/A | Y38: N/A | Z38: N/A | AA38: N/A | AB38: F | AC38: 16431 | AD38: 44435 | AE38: =DATEDIF(AC38, AD38,"Y") -> 76 | AF38: Endometrioid carcinoma | AG38: Specimen | AH38: Yes | AI38: 1B | AJ38: 0 | AK38: NR | AL38: 0 | AM38: T1BN0M0 | AN38: 2 | AO38: N/A
A39: 4861644011 | B39: No | C39: Treatment naïve | D39: No | E39: LH21-42424 | F39: A17(L) | G39: A15 | H39: 44510 | I39: Lap Total Abdominal Hysterectomy; Bilateral Salpingo-oophorectomy | J39: Uterine corpus | K39: N/A | L39: N/A | M39: N/A | N39: N/A | O39: N/A | P39: N/A | Q39: N/A | R39: N/A | S39: N/A | T39: N/A | U39: N/A | V39: N/A | W39: N/A | X39: N/A | Y39: N/A | Z39: N/A | AA39: N/A | AB39: F | AC39: 21539 | AD39: 44461 | AE39: =DATEDIF(AC39, AD39,"Y") -> 62 | AF39: Endometrioid adenocarcinoma | AG39: Specimen | AH39: NR | AI39: 1B | AJ39: 0 | AK39: NR | AL39: 0 | AM39: T1BN0M0 | AN39: 1 | AO39: N/A
A40: 4584217416 | B40: No | C40: Treatment naïve | D40: No | E40: LH21-43784 | F40: A16 | G40: A14 | H40: 44487 | I40: Total laparoscopic hysterectomy, bilateral salpingo-oophorectomy, | J40: Uterine corpus | K40: N/A | L40: N/A | M40: N/A | N40: N/A | O40: N/A | P40: N/A | Q40: N/A | R40: N/A | S40: N/A | T40: N/A | U40: N/A | V40: N/A | W40: N/A | X40: N/A | Y40: N/A | Z40: N/A | AA40: N/A | AB40: F | AC40: 21012 | AD40: 44442 | AE40: =DATEDIF(AC40, AD40,"Y") -> 64 | AF40: Endometrioid adenocarcinoma | AG40: Specimen | AH40: Yes | AI40: 1A | AJ40: 0 | AK40: NR | AL40: 0 | AM40: T1AN0M0 | AN40: 2 | AO40: N/A
A41: 6289443755 | B41: No | C41: Treatment naïve | D41: No | E41: LH22-03117 | F41: A24 | G41: A13 | H41: 44586 | I41: laparoscopic converted to open total abdominal hysterectomy and bilateral salpingo-oopherectomy and pelvic and paraaortic lymphadenectomy and omental biopsy | J41: Uterine corpus | K41: N/A | L41: N/A | M41: N/A | N41: N/A | O41: N/A | P41: N/A | Q41: N/A | R41: N/A | S41: N/A | T41: N/A | U41: N/A | V41: N/A | W41: N/A | X41: N/A | Y41: N/A | Z41: N/A | AA41: N/A | AB41: F | AC41: 19793 | AD41: 44483 | AE41: =DATEDIF(AC41, AD41,"Y") -> 67 | AF41: Endometrioid adenocarcinoma | AG41: Specimen | AH41: Yes | AI41: 1A | AJ41: 0 | AK41: NR | AL41: 0 | AM41: T1AN0M0 | AN41: 3 | AO41: N/A
A42: 4981796587 | B42: No | C42: Treatment naïve | D42: No | E42: LH22-08832 | F42: A13 | G42: A25 | H42: 44624 | I42: Robotic hysterectomy, bilateral salpingo-oophorectomy and pelvic lymphadenectomy | J42: Uterine corpus | K42: N/A | L42: N/A | M42: N/A | N42: N/A | O42: N/A | P42: N/A | Q42: N/A | R42: N/A | S42: N/A | T42: N/A | U42: N/A | V42: N/A | W42: N/A | X42: N/A | Y42: N/A | Z42: N/A | AA42: N/A | AB42: F | AC42: 19745 | AD42: 44567 | AE42: =DATEDIF(AC42, AD42,"Y") -> 67 | AF42: Endometrioid carcinoma | AG42: Specimen | AH42: NR | AI42: NR | AJ42: 1 | AK42: NR | AL42: 0 | AM42: N/A | AN42: 2 | AO42: N/A
A43: 6331698655 | B43: No | C43: Treatment naïve | D43: No | E43: LH22-09726 | F43: A9 | G43: A10 | H43: 44630 | I43: Total laparoscopic hysterectomy, bilateral salpingo-oophorectomy, | J43: Uterine corpus | K43: N/A | L43: N/A | M43: N/A | N43: N/A | O43: N/A | P43: N/A | Q43: N/A | R43: N/A | S43: N/A | T43: N/A | U43: N/A | V43: N/A | W43: N/A | X43: N/A | Y43: N/A | Z43: N/A | AA43: N/A | AB43: F | AC43: 26147 | AD43: 44581 | AE43: =DATEDIF(AC43, AD43,"Y") -> 50 | AF43: Endometrioid adenocarcinoma | AG43: Specimen | AH43: NR | AI43: 1a | AJ43: x | AK43: NR | AL43: 0 | AM43: T1AN0M0 | AN43: 1 | AO43: N/A
A44: 4529305074 | B44: No | C44: Treatment naïve | D44: No | E44: LH22-13156 | F44: A9 | G44: A13 | H44: 44652 | I44: Total robotic hysterectomy, bilateral salpingo-oophorectomy and pelvic lymphadenectomy | J44: Uterine corpus | K44: N/A | L44: N/A | M44: N/A | N44: N/A | O44: N/A | P44: N/A | Q44: N/A | R44: N/A | S44: N/A | T44: N/A | U44: N/A | V44: N/A | W44: N/A | X44: N/A | Y44: N/A | Z44: N/A | AA44: N/A | AB44: F | AC44: 18191 | AD44: 44606 | AE44: =DATEDIF(AC44, AD44,"Y") -> 72 | AF44: Endometrioid adenocarcinoma | AG44: Specimen | AH44: Yes | AI44: 1B | AJ44: 0 | AK44: NR | AL44: 0 | AM44: T1BN0M0 | AN44: 3 | AO44: N/A
A45: 4380839494 | B45: No | C45: Treatment naïve | D45: No | E45: LH22-30932 | F45: A11 | G45: A13 | H45: 44770 | I45: hysterectomy and BSO (removal of tubes and ovaries) | J45: Uterine corpus | K45: N/A | L45: N/A | M45: N/A | N45: N/A | O45: N/A | P45: N/A | Q45: N/A | R45: N/A | S45: N/A | T45: N/A | U45: N/A | V45: N/A | W45: N/A | X45: N/A | Y45: N/A | Z45: N/A | AA45: N/A | AB45: F | AC45: 14907 | AD45: 44691 | AE45: =DATEDIF(AC45, AD45,"Y") -> 81 | AF45: Endometrioid adenocarcinoma | AG45: Specimen | AH45: Yes | AI45: 1A | AJ45: NR | AK45: NR | AL45: 0 | AM45: T1AN0M0 | AN45: 1 | AO45: N/A
A46: 4861661196 | B46: No | C46: Treatment naïve | D46: No | E46: LH22-39796 | F46: A15 | G46: N/A | H46: 44830 | I46: vaginal hysterectomy + BSO | J46: Uterine corpus | K46: N/A | L46: N/A | M46: N/A | N46: N/A | O46: N/A | P46: N/A | Q46: N/A | R46: N/A | S46: N/A | T46: N/A | U46: N/A | V46: N/A | W46: N/A | X46: N/A | Y46: N/A | Z46: N/A | AA46: N/A | AB46: F | AC46: 21810 | AD46: 44769 | AE46: =DATEDIF(AC46, AD46,"Y") -> 62 | AF46: Endometrioid adenocarcinoma | AG46: Specimen | AH46: Yes | AI46: 1B | AJ46: NR | AK46: NR | AL46: 0 | AM46: T1BN0M0 | AN46: 2 | AO46: N/A
A47: 6308241180 | B47: No | C47: Treatment naïve | D47: No | E47: LH22-41745 | F47: A5 | G47: A6 | H47: 44840 | I47: Total laparoscopic hysterectomy | J47: Uterine corpus | K47: N/A | L47: N/A | M47: N/A | N47: N/A | O47: N/A | P47: N/A | Q47: N/A | R47: N/A | S47: N/A | T47: N/A | U47: N/A | V47: N/A | W47: N/A | X47: N/A | Y47: N/A | Z47: N/A | AA47: N/A | AB47: F | AC47: 29711 | AD47: 44693 | AE47: =DATEDIF(AC47, AD47,"Y") -> 41 | AF47: Endometrioid adenocarcinoma | AG47: Specimen | AH47: Yes | AI47: 1a | AJ47: x | AK47: NR | AL47: 0 | AM47: T1AN0M0 | AN47: 1 | AO47: N/A | JT47: Synchronous colorectal cancer
A48: 4380932281 | B48: No | C48: Treatment naïve | D48: No | E48: LH22-41785 | F48: A12 | G48: A13(L) | H48: 44840 | I48: hysterectomy and BSO | J48: Uterine corpus | K48: N/A | L48: N/A | M48: N/A | N48: N/A | O48: N/A | P48: N/A | Q48: N/A | R48: N/A | S48: N/A | T48: N/A | U48: N/A | V48: N/A | W48: N/A | X48: N/A | Y48: N/A | Z48: N/A | AA48: N/A | AB48: F | AC48: 15831 | AD48: 44778 | AE48: =DATEDIF(AC48, AD48,"Y") -> 79 | AF48: Endometrioid adenocarcinoma | AG48: Specimen | AH48: Yes | AI48: 1A | AJ48: NR | AK48: NR | AL48: 0 | AM48: T1AN0M0 | AN48: 1 | AO48: N/A
A49: 4406779205 | B49: No | C49: Treatment naïve | D49: No | E49: LH22-42642 | F49: A2 | G49: A1 | H49: 44846 | I49: Staging laparotomy modified radical hysterectomy + BSO, omentectomy, pelvic and PA lymph node dissection | J49: Cervix (endometrial tumour invades cervical stroma) | K49: N/A | L49: N/A | M49: N/A | N49: N/A | O49: N/A | P49: N/A | Q49: N/A | R49: N/A | S49: N/A | T49: N/A | U49: N/A | V49: N/A | W49: N/A | X49: N/A | Y49: N/A | Z49: N/A | AA49: N/A | AB49: F | AC49: 27176 | AD49: 44768 | AE49: =DATEDIF(AC49, AD49,"Y") -> 48 | AF49: Endometrioid adenocarcinoma | AG49: Specimen | AH49: Yes | AI49: NR | AJ49: 2 | AK49: NR | AL49: 0 | AM49: T2N2M0 | AN49: 2 | AO49: N/A

Sheet Proficient anonymized
A1: Donor ID | B1: Any Immunotherapy | C1: Specimen treatment subgrouping | D1: Specimen is a recurrence | E1: Selected specimen Anonymised ID | F1: Specimen Block number 1 | G1: Specimen Block number 2 | H1: Specimen surgery date | I1: Specimen surgery | J1: Specimen tumour site | K1: Primary Surgery date | L1: Primary tumour site | M1: Anonymized ID Matched met 1 | N1: Matched met 1 Block Number | O1: Matched met 1 Site | P1: Matched met 1 Surgery Date | Q1: Matched met 1 treatment subgrouping | R1: Anonymized ID Matched met 2 | S1: Matched met 2 Block Number | T1: Matched met 2 Site | U1: Matched met 2 Surgery Date | V1: Matched met 2 treatment subgrouping | W1: Anonymized ID Normal tissue | X1: Matched Normal tissue Block Number | Y1: Matched Normal tissue Site | Z1: Matched Normal tissue Surgery Date | AA1: Matched Normal treatment subgrouping | AB1: Gender | AC1: Date of DX | AD1: Age at Diagnosis | AE1: Specimen Histological Diagnosis | AF1: Staging/grading info provided for: | AG1: Resection margins clear | AH1: pT | AI1: pN | AJ1: pM | AK1: cM | AL1: TNM stage | AM1: Grade | AN1: Stage at DX (AJCC) | AO1: Comments from clinical team
A2: LDS0002771 | B2: No | C2: Treatment naïve | D2: No | E2: LH15-23319 | F2: C10 | G2: C7 | H2: =IFERROR("Q" &INT((MONTH('MMR proficient'!H4)+2)/3) & "-" & YEAR('MMR proficient'!H4),"N/A") -> Q2-2015 | I2: Laparotomy with total abdominal hysterectomy, bilateral salpingo-oophorectomy, peritoneal washings and bilateral pelvic lymphadenectomy | J2: Uterine corpus | K2: N/A | L2: N/A | M2: N/A | N2: N/A | O2: N/A | P2: =IFERROR("Q" &INT((MONTH('MMR proficient'!P4)+2)/3) & "-" & YEAR('MMR proficient'!P4),"N/A") -> N/A | Q2: N/A | R2: N/A | S2: N/A | T2: N/A | U2: N/A | V2: N/A | W2: N/A | X2: N/A | Y2: N/A | Z2: N/A | AA2: N/A | AB2: F | AC2: =IFERROR("Q" &INT((MONTH('MMR proficient'!AD4)+2)/3) & "-" & YEAR('MMR proficient'!AD4),"N/A") -> Q2-2015 | AD2: 52 | AE2: Endometrioid adenocarcinoma | AF2: Specimen | AG2: Yes | AH2: 1A | AI2: 0 | AJ2: NR | AK2: 0 | AL2: T1AN0M0 | AM2: 2 | AN2: N/A | AO2: N/A
A3: LDS0002772 | B3: No | C3: Treatment naïve | D3: No | E3: LH16-14222 | F3: A4 | G3: A11 | H3: =IFERROR("Q" &INT((MONTH('MMR proficient'!H5)+2)/3) & "-" & YEAR('MMR proficient'!H5),"N/A") -> Q2-2016 | I3: Laparotomy with total abdominal hysterectomy, bilateral salpingo-oophorectomy, supracolic omentectomy, bilateral pelvic lymphadenectomy and para-aortic lymph node sampling | J3: Uterine corpus | K3: N/A | L3: N/A | M3: N/A | N3: N/A | O3: N/A | P3: =IFERROR("Q" &INT((MONTH('MMR proficient'!P5)+2)/3) & "-" & YEAR('MMR proficient'!P5),"N/A") -> N/A | Q3: N/A | R3: N/A | S3: N/A | T3: N/A | U3: N/A | V3: N/A | W3: N/A | X3: N/A | Y3: N/A | Z3: N/A | AA3: N/A | AB3: F | AC3: =IFERROR("Q" &INT((MONTH('MMR proficient'!AD5)+2)/3) & "-" & YEAR('MMR proficient'!AD5),"N/A") -> Q1-2016 | AD3: 51 | AE3: Endometrioid adenocarcinoma | AF3: Specimen | AG3: NR | AH3: 3B | AI3: 0 | AJ3: NR | AK3: 0 | AL3: T3BN0M0 | AM3: 1 | AN3: N/A | AO3: Synchronous IIA endometrioid adenocarcinoma in ovary (grade 1)
A4: LDS0002773 | B4: No | C4: Treatment naïve | D4: No | E4: LH17-12064 | F4: A8 | G4: A9 | H4: =IFERROR("Q" &INT((MONTH('MMR proficient'!H6)+2)/3) & "-" & YEAR('MMR proficient'!H6),"N/A") -> Q1-2017 | I4: Total laparoscopic hysterectomy, bilateral salpingo-oophorectomy, adhesiolysis, peritoneal washings and bilateral pelvic lymphadenectomy | J4: Uterine corpus | K4: N/A | L4: N/A | M4: N/A | N4: N/A | O4: N/A | P4: =IFERROR("Q" &INT((MONTH('MMR proficient'!P6)+2)/3) & "-" & YEAR('MMR proficient'!P6),"N/A") -> N/A | Q4: N/A | R4: N/A | S4: N/A | T4: N/A | U4: N/A | V4: N/A | W4: N/A | X4: N/A | Y4: N/A | Z4: N/A | AA4: N/A | AB4: F | AC4: =IFERROR("Q" &INT((MONTH('MMR proficient'!AD6)+2)/3) & "-" & YEAR('MMR proficient'!AD6),"N/A") -> Q1-2017 | AD4: 80 | AE4: Endometrioid adenocarcinoma | AF4: Specimen | AG4: Yes | AH4: 1B | AI4: 0 | AJ4: NR | AK4: 0 | AL4: T1BN0M0 | AM4: 1 | AN4: N/A | AO4: N/A
A5: LDS0002774 | B5: No | C5: Treatment naïve | D5: No | E5: LH17-18561 | F5: A8 | G5: A4 | H5: =IFERROR("Q" &INT((MONTH('MMR proficient'!H7)+2)/3) & "-" & YEAR('MMR proficient'!H7),"N/A") -> Q2-2017 | I5: Adhesiolysis, Total laparoscopic hysterectomy, bilateral salpingo-oophorectomy, pelvic lymphnode dissection, Para-aortal lymphnode dissection, paracaval lymphnode sampling | J5: Cervix, upper endocervical canal (tumour arising in lower uterine segment) | K5: N/A | L5: N/A | M5: N/A | N5: N/A | O5: N/A | P5: =IFERROR("Q" &INT((MONTH('MMR proficient'!P7)+2)/3) & "-" & YEAR('MMR proficient'!P7),"N/A") -> N/A | Q5: N/A | R5: N/A | S5: N/A | T5: N/A | U5: N/A | V5: N/A | W5: N/A | X5: N/A | Y5: N/A | Z5: N/A | AA5: N/A | AB5: F | AC5: =IFERROR("Q" &INT((MONTH('MMR proficient'!AD7)+2)/3) & "-" & YEAR('MMR proficient'!AD7),"N/A") -> Q1-2017 | AD5: 53 | AE5: Endometrioid adenocarcinoma | AF5: Specimen | AG5: Yes | AH5: 2 | AI5: 0 | AJ5: NR | AK5: 0 | AL5: T2N0M0 | AM5: 2 | AN5: N/A | AO5: N/A
A6: LDS0002775 | B6: No | C6: Treatment naïve | D6: No | E6: LH17-31445 | F6: A5 | G6: A6 | H6: =IFERROR("Q" &INT((MONTH('MMR proficient'!H8)+2)/3) & "-" & YEAR('MMR proficient'!H8),"N/A") -> Q3-2017 | I6: Total laparoscopic hysterectomy, bilateral salpingo-oophorectomy, adhesiolysis | J6: Uterine corpus | K6: N/A | L6: N/A | M6: N/A | N6: N/A | O6: N/A | P6: =IFERROR("Q" &INT((MONTH('MMR proficient'!P8)+2)/3) & "-" & YEAR('MMR proficient'!P8),"N/A") -> N/A | Q6: N/A | R6: N/A | S6: N/A | T6: N/A | U6: N/A | V6: N/A | W6: N/A | X6: N/A | Y6: N/A | Z6: N/A | AA6: N/A | AB6: F | AC6: =IFERROR("Q" &INT((MONTH('MMR proficient'!AD8)+2)/3) & "-" & YEAR('MMR proficient'!AD8),"N/A") -> Q2-2017 | AD6: 47 | AE6: Endometrioid adenocarcinoma | AF6: Specimen | AG6: Yes | AH6: 1A | AI6: NR | AJ6: NR | AK6: 0 | AL6: T1AN0M0 | AM6: 1 | AN6: N/A | AO6: N/A
A7: LDS0002776 | B7: No | C7: Treatment naïve | D7: No | E7: LH18-18494 | F7: A27 | G7: A8 | H7: =IFERROR("Q" &INT((MONTH('MMR proficient'!H9)+2)/3) & "-" & YEAR('MMR proficient'!H9),"N/A") -> Q2-2018 | I7: Total laparoscopic hysterectomy/Bilateral salpingo-oophorectomy | J7: Uterine corpus | K7: N/A | L7: N/A | M7: N/A | N7: N/A | O7: N/A | P7: =IFERROR("Q" &INT((MONTH('MMR proficient'!P9)+2)/3) & "-" & YEAR('MMR proficient'!P9),"N/A") -> N/A | Q7: N/A | R7: N/A | S7: N/A | T7: N/A | U7: N/A | V7: N/A | W7: N/A | X7: N/A | Y7: N/A | Z7: N/A | AA7: N/A | AB7: F | AC7: =IFERROR("Q" &INT((MONTH('MMR proficient'!AD9)+2)/3) & "-" & YEAR('MMR proficient'!AD9),"N/A") -> Q1-2018 | AD7: 47 | AE7: Endometrioid adenocarcinoma | AF7: Specimen | AG7: Yes | AH7: 1B | AI7: NR | AJ7: NR | AK7: 0 | AL7: T1BN0M0 | AM7: 1 | AN7: N/A | AO7: N/A
A8: LDS0002777 | B8: No | C8: Treatment naïve | D8: No | E8: LH19-15431 | F8: A16 | G8: A18 | H8: =IFERROR("Q" &INT((MONTH('MMR proficient'!H10)+2)/3) & "-" & YEAR('MMR proficient'!H10),"N/A") -> Q2-2019 | I8: Total Robotic Hysterectomy/Bilateral salpingo-oophorectomy/Pelvic Lymphadenectomy | J8: Uterine corpus | K8: N/A | L8: N/A | M8: N/A | N8: N/A | O8: N/A | P8: =IFERROR("Q" &INT((MONTH('MMR proficient'!P10)+2)/3) & "-" & YEAR('MMR proficient'!P10),"N/A") -> N/A | Q8: N/A | R8: N/A | S8: N/A | T8: N/A | U8: N/A | V8: N/A | W8: N/A | X8: N/A | Y8: N/A | Z8: N/A | AA8: N/A | AB8: F | AC8: =IFERROR("Q" &INT((MONTH('MMR proficient'!AD10)+2)/3) & "-" & YEAR('MMR proficient'!AD10),"N/A") -> Q1-2019 | AD8: 59 | AE8: Endometrioid carcinoma | AF8: Specimen | AG8: Yes | AH8: NR | AI8: 1 | AJ8: NR | AK8: 0 | AL8: N/A | AM8: 2 | AN8: N/A | AO8: N/A
A9: LDS0002778 | B9: No | C9: Treatment naïve | D9: No | E9: LH19-26760 | F9: A10(L) | G9: A12(L) | H9: =IFERROR("Q" &INT((MONTH('MMR proficient'!H11)+2)/3) & "-" & YEAR('MMR proficient'!H11),"N/A") -> Q2-2019 | I9: Total Laparoscopic Hysterectomy; Bilateral Salpingo-oophorectomy; Bilateral Pelvic Node Sampling; Peritoneal washings | J9: Uterine corpus | K9: N/A | L9: N/A | M9: N/A | N9: N/A | O9: N/A | P9: =IFERROR("Q" &INT((MONTH('MMR proficient'!P11)+2)/3) & "-" & YEAR('MMR proficient'!P11),"N/A") -> N/A | Q9: N/A | R9: N/A | S9: N/A | T9: N/A | U9: N/A | V9: N/A | W9: N/A | X9: N/A | Y9: N/A | Z9: N/A | AA9: N/A | AB9: F | AC9: =IFERROR("Q" &INT((MONTH('MMR proficient'!AD11)+2)/3) & "-" & YEAR('MMR proficient'!AD11),"N/A") -> Q2-2019 | AD9: 55 | AE9: Endometrioid adenocarcinoma | AF9: Specimen | AG9: Yes | AH9: 1B | AI9: 0 | AJ9: NR | AK9: 0 | AL9: T1BN0M0 | AM9: 1 | AN9: N/A | AO9: N/A
A10: LDS0002779 | B10: No | C10: Treatment naïve | D10: No | E10: LH19-26931 | F10: A12 | G10: N/A | H10: =IFERROR("Q" &INT((MONTH('MMR proficient'!H12)+2)/3) & "-" & YEAR('MMR proficient'!H12),"N/A") -> Q2-2019 | I10: Total laparoscopic hysterectomy/Bilateral salpingo-oophorectomy | J10: Uterine corpus | K10: N/A | L10: N/A | M10: N/A | N10: N/A | O10: N/A | P10: =IFERROR("Q" &INT((MONTH('MMR proficient'!P12)+2)/3) & "-" & YEAR('MMR proficient'!P12),"N/A") -> N/A | Q10: N/A | R10: N/A | S10: N/A | T10: N/A | U10: N/A | V10: N/A | W10: N/A | X10: N/A | Y10: N/A | Z10: N/A | AA10: N/A | AB10: F | AC10: =IFERROR("Q" &INT((MONTH('MMR proficient'!AD12)+2)/3) & "-" & YEAR('MMR proficient'!AD12),"N/A") -> Q2-2019 | AD10: 60 | AE10: Endometrioid adenocarcinoma | AF10: Specimen | AG10: Yes | AH10: 1A | AI10: NR | AJ10: NR | AK10: 0 | AL10: T1AN0M0 | AM10: 1 | AN10: N/A | AO10: N/A
A11: LDS0002780 | B11: No | C11: Treatment naïve | D11: No | E11: LH19-34016 | F11: A15 | G11: A12 | H11: =IFERROR("Q" &INT((MONTH('MMR proficient'!H13)+2)/3) & "-" & YEAR('MMR proficient'!H13),"N/A") -> Q3-2019 | I11: Total abdominal hysterectomy, Bilateral salpingo-ophorectomy, Omentectomy, Pelvic lymph node sampling, Paraaortic lymph node sampling | J11: Uterine corpus | K11: N/A | L11: N/A | M11: N/A | N11: N/A | O11: N/A | P11: =IFERROR("Q" &INT((MONTH('MMR proficient'!P13)+2)/3) & "-" & YEAR('MMR proficient'!P13),"N/A") -> N/A | Q11: N/A | R11: N/A | S11: N/A | T11: N/A | U11: N/A | V11: N/A | W11: N/A | X11: N/A | Y11: N/A | Z11: N/A | AA11: N/A | AB11: F | AC11: =IFERROR("Q" &INT((MONTH('MMR proficient'!AD13)+2)/3) & "-" & YEAR('MMR proficient'!AD13),"N/A") -> Q3-2019 | AD11: 57 | AE11: Endometrioid adenocarcinoma | AF11: Specimen | AG11: Yes | AH11: 3A | AI11: 0 | AJ11: NR | AK11: 0 | AL11: T3AN0M0 | AM11: 1 | AN11: N/A | AO11: N/A
A12: LDS0002781 | B12: No | C12: Treatment naïve | D12: No | E12: LH19-34659 | F12: A8 | G12: A7 | H12: =IFERROR("Q" &INT((MONTH('MMR proficient'!H14)+2)/3) & "-" & YEAR('MMR proficient'!H14),"N/A") -> Q3-2019 | I12: Total robotic hysterectomy, bilateral salpingo-oophorectomy and bilateral pelvic lymphadenectomy | J12: Uterine corpus | K12: N/A | L12: N/A | M12: N/A | N12: N/A | O12: N/A | P12: =IFERROR("Q" &INT((MONTH('MMR proficient'!P14)+2)/3) & "-" & YEAR('MMR proficient'!P14),"N/A") -> N/A | Q12: N/A | R12: N/A | S12: N/A | T12: N/A | U12: N/A | V12: N/A | W12: N/A | X12: N/A | Y12: N/A | Z12: N/A | AA12: N/A | AB12: F | AC12: =IFERROR("Q" &INT((MONTH('MMR proficient'!AD14)+2)/3) & "-" & YEAR('MMR proficient'!AD14),"N/A") -> Q3-2019 | AD12: 61 | AE12: Endometrioid adenocarcinoma | AF12: Specimen | AG12: No | AH12: 1B | AI12: 0 | AJ12: NR | AK12: 0 | AL12: T1BN0M0 | AM12: 3 | AN12: N/A | AO12: N/A
A13: LDS0002782 | B13: No | C13: Treatment naïve | D13: No | E13: LH19-47908 | F13: A15 | G13: A10 | H13: =IFERROR("Q" &INT((MONTH('MMR proficient'!H15)+2)/3) & "-" & YEAR('MMR proficient'!H15),"N/A") -> Q4-2019 | I13: Total laparoscopic hysterectomy, bilateral salpingo-oophorectomy and bilateral pelvic lymphadenectomy | J13: Uterine corpus | K13: N/A | L13: N/A | M13: N/A | N13: N/A | O13: N/A | P13: =IFERROR("Q" &INT((MONTH('MMR proficient'!P15)+2)/3) & "-" & YEAR('MMR proficient'!P15),"N/A") -> N/A | Q13: N/A | R13: N/A | S13: N/A | T13: N/A | U13: N/A | V13: N/A | W13: N/A | X13: N/A | Y13: N/A | Z13: N/A | AA13: N/A | AB13: F | AC13: =IFERROR("Q" &INT((MONTH('MMR proficient'!AD15)+2)/3) & "-" & YEAR('MMR proficient'!AD15),"N/A") -> Q4-2019 | AD13: 75 | AE13: Endometrioid adenocarcinoma | AF13: Specimen | AG13: Yes | AH13: 2 | AI13: 0 | AJ13: NR | AK13: 0 | AL13: T2N0M0 | AM13: 3 | AN13: N/A | AO13: N/A
A14: LDS0002783 | B14: No | C14: Treatment naïve | D14: No | E14: LH19-50535 | F14: A14(L) | G14: N/A | H14: =IFERROR("Q" &INT((MONTH('MMR proficient'!H16)+2)/3) & "-" & YEAR('MMR proficient'!H16),"N/A") -> Q4-2019 | I14: Total laparoscopic hysterectomy/Bilateral salpingo-oophorectomy | J14: Uterine corpus | K14: N/A | L14: N/A | M14: N/A | N14: N/A | O14: N/A | P14: =IFERROR("Q" &INT((MONTH('MMR proficient'!P16)+2)/3) & "-" & YEAR('MMR proficient'!P16),"N/A") -> N/A | Q14: N/A | R14: N/A | S14: N/A | T14: N/A | U14: N/A | V14: N/A | W14: N/A | X14: N/A | Y14: N/A | Z14: N/A | AA14: N/A | AB14: F | AC14: =IFERROR("Q" &INT((MONTH('MMR proficient'!AD16)+2)/3) & "-" & YEAR('MMR proficient'!AD16),"N/A") -> Q4-2019 | AD14: 56 | AE14: Endometrioid adenocarcinoma | AF14: Specimen | AG14: Yes | AH14: 1A | AI14: NR | AJ14: NR | AK14: 0 | AL14: T1AN0M0 | AM14: 1 | AN14: N/A | AO14: N/A
A15: LDS0002784 | B15: No | C15: Treatment naïve | D15: No | E15: LH19-55935 | F15: A6 | G15: A5 | H15: =IFERROR("Q" &INT((MONTH('MMR proficient'!H17)+2)/3) & "-" & YEAR('MMR proficient'!H17),"N/A") -> Q4-2019 | I15: Laparotomy/Total abdominal hysterectomy/Bilateral salpingo-oophorectomy/Omentectomy/Pelvic and para-aortic lymphadenectomy | J15: Uterine corpus | K15: N/A | L15: N/A | M15: N/A | N15: N/A | O15: N/A | P15: =IFERROR("Q" &INT((MONTH('MMR proficient'!P17)+2)/3) & "-" & YEAR('MMR proficient'!P17),"N/A") -> N/A | Q15: N/A | R15: N/A | S15: N/A | T15: N/A | U15: N/A | V15: N/A | W15: N/A | X15: N/A | Y15: N/A | Z15: N/A | AA15: N/A | AB15: F | AC15: =IFERROR("Q" &INT((MONTH('MMR proficient'!AD17)+2)/3) & "-" & YEAR('MMR proficient'!AD17),"N/A") -> Q4-2019 | AD15: 52 | AE15: Endometrioid adenocarcinoma | AF15: Specimen | AG15: Yes | AH15: NR | AI15: 2 | AJ15: NR | AK15: 0 | AL15: N/A | AM15: 3 | AN15: N/A | AO15: N/A
A16: LDS0002785 | B16: No | C16: Treatment naïve | D16: No | E16: LH20-05949 | F16: A7 | G16: A17 | H16: =IFERROR("Q" &INT((MONTH('MMR proficient'!H18)+2)/3) & "-" & YEAR('MMR proficient'!H18),"N/A") -> Q1-2020 | I16: Total laparoscopic hysterectomy/Bilateral salpingo-oophorectomy | J16: Uterine corpus | K16: N/A | L16: N/A | M16: N/A | N16: N/A | O16: N/A | P16: =IFERROR("Q" &INT((MONTH('MMR proficient'!P18)+2)/3) & "-" & YEAR('MMR proficient'!P18),"N/A") -> N/A | Q16: N/A | R16: N/A | S16: N/A | T16: N/A | U16: N/A | V16: N/A | W16: N/A | X16: N/A | Y16: N/A | Z16: N/A | AA16: N/A | AB16: F | AC16: =IFERROR("Q" &INT((MONTH('MMR proficient'!AD18)+2)/3) & "-" & YEAR('MMR proficient'!AD18),"N/A") -> Q4-2019 | AD16: 65 | AE16: Endometrioid adenocarcinoma | AF16: Specimen | AG16: Yes | AH16: 1A | AI16: NR | AJ16: NR | AK16: 0 | AL16: T1AN0M0 | AM16: 1 | AN16: N/A | AO16: N/A
A17: LDS0002786 | B17: No | C17: Treatment naïve | D17: No | E17: LH20-05951 | F17: A9 | G17: A8 | H17: =IFERROR("Q" &INT((MONTH('MMR proficient'!H19)+2)/3) & "-" & YEAR('MMR proficient'!H19),"N/A") -> Q1-2020 | I17: laparoscopically assisted total hysterectomy, bilateral salpingo-oophorectomy | J17: Uterine corpus | K17: N/A | L17: N/A | M17: N/A | N17: N/A | O17: N/A | P17: =IFERROR("Q" &INT((MONTH('MMR proficient'!P19)+2)/3) & "-" & YEAR('MMR proficient'!P19),"N/A") -> N/A | Q17: N/A | R17: N/A | S17: N/A | T17: N/A | U17: N/A | V17: N/A | W17: N/A | X17: N/A | Y17: N/A | Z17: N/A | AA17: N/A | AB17: F | AC17: =IFERROR("Q" &INT((MONTH('MMR proficient'!AD19)+2)/3) & "-" & YEAR('MMR proficient'!AD19),"N/A") -> Q1-2020 | AD17: 61 | AE17: Endometrioid adenocarcinoma | AF17: Specimen | AG17: Yes | AH17: 1B | AI17: NR | AJ17: NR | AK17: 0 | AL17: T1BN0M0 | AM17: 1 | AN17: N/A | AO17: N/A
A18: LDS0002787 | B18: No | C18: Treatment naïve | D18: No | E18: LH20-10372 | F18: A6 | G18: A7 | H18: =IFERROR("Q" &INT((MONTH('MMR proficient'!H20)+2)/3) & "-" & YEAR('MMR proficient'!H20),"N/A") -> Q1-2020 | I18: Total Laparoscopic Hysterectomy; Bilateral Salpingo-oophorectomy. | J18: Uterine corpus | K18: N/A | L18: N/A | M18: N/A | N18: N/A | O18: N/A | P18: =IFERROR("Q" &INT((MONTH('MMR proficient'!P20)+2)/3) & "-" & YEAR('MMR proficient'!P20),"N/A") -> N/A | Q18: N/A | R18: N/A | S18: N/A | T18: N/A | U18: N/A | V18: N/A | W18: N/A | X18: N/A | Y18: N/A | Z18: N/A | AA18: N/A | AB18: F | AC18: =IFERROR("Q" &INT((MONTH('MMR proficient'!AD20)+2)/3) & "-" & YEAR('MMR proficient'!AD20),"N/A") -> Q4-2019 | AD18: 82 | AE18: Endometrioid adenocarcinoma | AF18: Specimen | AG18: Yes | AH18: 2 | AI18: NR | AJ18: NR | AK18: 0 | AL18: T2N0M0 | AM18: 2 | AN18: N/A | AO18: N/A
A19: LDS0002788 | B19: No | C19: Treatment naïve | D19: No | E19: LH20-10590 | F19: A17 | G19: A9 | H19: =IFERROR("Q" &INT((MONTH('MMR proficient'!H21)+2)/3) & "-" & YEAR('MMR proficient'!H21),"N/A") -> Q1-2020 | I19: Total laparoscopic hysterectomy/Bilateral salpingo-oophorectomy | J19: Uterine corpus | K19: N/A | L19: N/A | M19: N/A | N19: N/A | O19: N/A | P19: =IFERROR("Q" &INT((MONTH('MMR proficient'!P21)+2)/3) & "-" & YEAR('MMR proficient'!P21),"N/A") -> N/A | Q19: N/A | R19: N/A | S19: N/A | T19: N/A | U19: N/A | V19: N/A | W19: N/A | X19: N/A | Y19: N/A | Z19: N/A | AA19: N/A | AB19: F | AC19: =IFERROR("Q" &INT((MONTH('MMR proficient'!AD21)+2)/3) & "-" & YEAR('MMR proficient'!AD21),"N/A") -> Q1-2020 | AD19: 64 | AE19: Endometrioid adenocarcinoma | AF19: Specimen | AG19: Yes | AH19: 1A | AI19: NR | AJ19: NR | AK19: 0 | AL19: T1AN0M0 | AM19: 2 | AN19: N/A | AO19: N/A
A20: LDS0002789 | B20: No | C20: Treatment naïve | D20: No | E20: LH20-14746 | F20: A16 | G20: A12 | H20: =IFERROR("Q" &INT((MONTH('MMR proficient'!H22)+2)/3) & "-" & YEAR('MMR proficient'!H22),"N/A") -> Q2-2020 | I20: Total Abdominal Hysterectomy; Bilateral Salpingo-oophorectomy; Bilateral Pelvic Node Sampling; Peritoneal washings. | J20: Uterine corpus | K20: N/A | L20: N/A | M20: N/A | N20: N/A | O20: N/A | P20: =IFERROR("Q" &INT((MONTH('MMR proficient'!P22)+2)/3) & "-" & YEAR('MMR proficient'!P22),"N/A") -> N/A | Q20: N/A | R20: N/A | S20: N/A | T20: N/A | U20: N/A | V20: N/A | W20: N/A | X20: N/A | Y20: N/A | Z20: N/A | AA20: N/A | AB20: F | AC20: =IFERROR("Q" &INT((MONTH('MMR proficient'!AD22)+2)/3) & "-" & YEAR('MMR proficient'!AD22),"N/A") -> Q2-2020 | AD20: 54 | AE20: Endometrioid adenocarcinoma | AF20: Specimen | AG20: NR | AH20: 2 | AI20: 0 | AJ20: NR | AK20: 0 | AL20: T2N0M0 | AM20: 2 | AN20: N/A | AO20: N/A
A21: LDS0002790 | B21: No | C21: Treatment naïve | D21: No | E21: LH20-16019 | F21: A26 | G21: A15 | H21: =IFERROR("Q" &INT((MONTH('MMR proficient'!H23)+2)/3) & "-" & YEAR('MMR proficient'!H23),"N/A") -> Q2-2020 | I21: Total laparoscopic hysterectomy/Bilateral salpingo-oophorectomy | J21: Uterine corpus | K21: N/A | L21: N/A | M21: N/A | N21: N/A | O21: N/A | P21: =IFERROR("Q" &INT((MONTH('MMR proficient'!P23)+2)/3) & "-" & YEAR('MMR proficient'!P23),"N/A") -> N/A | Q21: N/A | R21: N/A | S21: N/A | T21: N/A | U21: N/A | V21: N/A | W21: N/A | X21: N/A | Y21: N/A | Z21: N/A | AA21: N/A | AB21: F | AC21: =IFERROR("Q" &INT((MONTH('MMR proficient'!AD23)+2)/3) & "-" & YEAR('MMR proficient'!AD23),"N/A") -> Q3-2019 | AD21: 43 | AE21: Endometrioid adenocarcinoma | AF21: Specimen | AG21: Yes | AH21: 1A | AI21: NR | AJ21: NR | AK21: 0 | AL21: T1AN0M0 | AM21: 2 | AN21: N/A | AO21: N/A
A22: LDS0002791 | B22: No | C22: Treatment naïve | D22: No | E22: LH20-20082 | F22: A10 | G22: A9 | H22: =IFERROR("Q" &INT((MONTH('MMR proficient'!H24)+2)/3) & "-" & YEAR('MMR proficient'!H24),"N/A") -> Q3-2020 | I22: Laparoscopic converted to open Adhesiolysis/Total abdominal hysterectomy/Bilateral salpingo-oophorectomy/Pelvic lymphadenectomy/Omental biopsy | J22: Uterine corpus | K22: N/A | L22: N/A | M22: N/A | N22: N/A | O22: N/A | P22: =IFERROR("Q" &INT((MONTH('MMR proficient'!P24)+2)/3) & "-" & YEAR('MMR proficient'!P24),"N/A") -> N/A | Q22: N/A | R22: N/A | S22: N/A | T22: N/A | U22: N/A | V22: N/A | W22: N/A | X22: N/A | Y22: N/A | Z22: N/A | AA22: N/A | AB22: F | AC22: =IFERROR("Q" &INT((MONTH('MMR proficient'!AD24)+2)/3) & "-" & YEAR('MMR proficient'!AD24),"N/A") -> Q2-2020 | AD22: 74 | AE22: Endometrioid adenocarcinoma | AF22: Specimen | AG22: Yes | AH22: 1A | AI22: 0 | AJ22: NR | AK22: 0 | AL22: T1AN0M0 | AM22: 2 | AN22: N/A | AO22: N/A
A23: LDS0002792 | B23: No | C23: Treatment naïve | D23: No | E23: LH20-24870 | F23: A12 | G23: A15 | H23: =IFERROR("Q" &INT((MONTH('MMR proficient'!H25)+2)/3) & "-" & YEAR('MMR proficient'!H25),"N/A") -> Q3-2020 | I23: Total Abdominal Hysterectomy; Bilateral Salpingo-oophorectomy; and washings | J23: Uterine corpus | K23: N/A | L23: N/A | M23: N/A | N23: N/A | O23: N/A | P23: =IFERROR("Q" &INT((MONTH('MMR proficient'!P25)+2)/3) & "-" & YEAR('MMR proficient'!P25),"N/A") -> N/A | Q23: N/A | R23: N/A | S23: N/A | T23: N/A | U23: N/A | V23: N/A | W23: N/A | X23: N/A | Y23: N/A | Z23: N/A | AA23: N/A | AB23: F | AC23: =IFERROR("Q" &INT((MONTH('MMR proficient'!AD25)+2)/3) & "-" & YEAR('MMR proficient'!AD25),"N/A") -> Q2-2020 | AD23: 77 | AE23: Endometrioid adenocarcinoma | AF23: Specimen | AG23: No | AH23: 1B | AI23: NR | AJ23: NR | AK23: 0 | AL23: T1BN0M0 | AM23: 1 | AN23: N/A | AO23: N/A
A24: LDS0002793 | B24: No | C24: Treatment naïve | D24: No | E24: LH20-27121 | F24: A13 | G24: A15 | H24: =IFERROR("Q" &INT((MONTH('MMR proficient'!H26)+2)/3) & "-" & YEAR('MMR proficient'!H26),"N/A") -> Q3-2020 | I24: Total laparoscopic hysterectomy, bilateral salpingo-oophorectomy and bilateral pelvic lymphadenectomy | J24: Uterine corpus | K24: N/A | L24: N/A | M24: N/A | N24: N/A | O24: N/A | P24: =IFERROR("Q" &INT((MONTH('MMR proficient'!P26)+2)/3) & "-" & YEAR('MMR proficient'!P26),"N/A") -> N/A | Q24: N/A | R24: N/A | S24: N/A | T24: N/A | U24: N/A | V24: N/A | W24: N/A | X24: N/A | Y24: N/A | Z24: N/A | AA24: N/A | AB24: F | AC24: =IFERROR("Q" &INT((MONTH('MMR proficient'!AD26)+2)/3) & "-" & YEAR('MMR proficient'!AD26),"N/A") -> Q3-2020 | AD24: 71 | AE24: Endometrioid adenocarcinoma | AF24: Specimen | AG24: Yes | AH24: 1B | AI24: 0 | AJ24: NR | AK24: 0 | AL24: T1BN0M0 | AM24: 1 | AN24: N/A | AO24: N/A
A25: LDS0002794 | B25: No | C25: Treatment naïve | D25: No | E25: LH20-29696 | F25: A21 | G25: A18 | H25: =IFERROR("Q" &INT((MONTH('MMR proficient'!H27)+2)/3) & "-" & YEAR('MMR proficient'!H27),"N/A") -> Q4-2020 | I25: TAH, BSO, Omentectomy, Pelvic and para-aortal LND | J25: Uterine corpus | K25: N/A | L25: N/A | M25: N/A | N25: N/A | O25: N/A | P25: =IFERROR("Q" &INT((MONTH('MMR proficient'!P27)+2)/3) & "-" & YEAR('MMR proficient'!P27),"N/A") -> N/A | Q25: N/A | R25: N/A | S25: N/A | T25: N/A | U25: N/A | V25: N/A | W25: N/A | X25: N/A | Y25: N/A | Z25: N/A | AA25: N/A | AB25: F | AC25: =IFERROR("Q" &INT((MONTH('MMR proficient'!AD27)+2)/3) & "-" & YEAR('MMR proficient'!AD27),"N/A") -> Q3-2020 | AD25: 67 | AE25: Endometrioid adenocarcinoma | AF25: Specimen | AG25: Yes | AH25: NR | AI25: 1 | AJ25: NR | AK25: 0 | AL25: N/A | AM25: 2 | AN25: N/A | AO25: N/A
A26: LDS0002795 | B26: No | C26: Treatment naïve | D26: No | E26: LH20-30294 | F26: A7 | G26: A8 | H26: =IFERROR("Q" &INT((MONTH('MMR proficient'!H28)+2)/3) & "-" & YEAR('MMR proficient'!H28),"N/A") -> Q4-2020 | I26: Total laparoscopic hysterectomy, bilateral salpingo-oophorectomy and bilateral pelvic lymphadenectomy with adhesiolysis | J26: Uterine corpus | K26: N/A | L26: N/A | M26: N/A | N26: N/A | O26: N/A | P26: =IFERROR("Q" &INT((MONTH('MMR proficient'!P28)+2)/3) & "-" & YEAR('MMR proficient'!P28),"N/A") -> N/A | Q26: N/A | R26: N/A | S26: N/A | T26: N/A | U26: N/A | V26: N/A | W26: N/A | X26: N/A | Y26: N/A | Z26: N/A | AA26: N/A | AB26: F | AC26: =IFERROR("Q" &INT((MONTH('MMR proficient'!AD28)+2)/3) & "-" & YEAR('MMR proficient'!AD28),"N/A") -> Q3-2020 | AD26: 51 | AE26: Endometrioid adenocarcinoma | AF26: Specimen | AG26: Yes | AH26: 1A | AI26: 0 | AJ26: NR | AK26: 0 | AL26: T1AN0M0 | AM26: 2 | AN26: N/A | AO26: N/A
A27: LDS0002796 | B27: No | C27: Treatment naïve | D27: No | E27: LH21-05633 | F27: A8 | G27: N/A | H27: =IFERROR("Q" &INT((MONTH('MMR proficient'!H29)+2)/3) & "-" & YEAR('MMR proficient'!H29),"N/A") -> Q1-2021 | I27: Laparotomy, total abdominal hysterectomy, bilateral salpingo-oophorectomy, pelvic lymphadenectomy, para-aortic lymph node sampling, infracolic omentectomy | J27: Uterine corpus | K27: N/A | L27: N/A | M27: LH21-05633 | N27: A12 | O27: R Ovary | P27: =IFERROR("Q" &INT((MONTH('MMR proficient'!P29)+2)/3) & "-" & YEAR('MMR proficient'!P29),"N/A") -> Q1-2021 | Q27: Treatment naïve | R27: N/A | S27: N/A | T27: N/A | U27: N/A | V27: N/A | W27: N/A | X27: N/A | Y27: N/A | Z27: N/A | AA27: N/A | AB27: F | AC27: =IFERROR("Q" &INT((MONTH('MMR proficient'!AD29)+2)/3) & "-" & YEAR('MMR proficient'!AD29),"N/A") -> Q1-2021 | AD27: 37 | AE27: Endometrioid carcinoma | AF27: Specimen | AG27: Yes | AH27: 3A | AI27: 0 | AJ27: NR | AK27: 0 | AL27: T3AN0M0 | AM27: 1 | AN27: N/A | AO27: N/A
A28: LDS0002797 | B28: No | C28: Treatment naïve | D28: No | E28: LH21-05989 | F28: A8 | G28: A6 | H28: =IFERROR("Q" &INT((MONTH('MMR proficient'!H30)+2)/3) & "-" & YEAR('MMR proficient'!H30),"N/A") -> Q1-2021 | I28: Total Abdominal Hysterectomy; Bilateral Salpingo-oophorectomy; Bilateral Pelvic and Para-aortic Node sampling; Infracolic Omental Biopsy; Peritoneal Washings; Insertion of On-Q pain catheters. | J28: Uterine corpus | K28: N/A | L28: N/A | M28: N/A | N28: N/A | O28: N/A | P28: =IFERROR("Q" &INT((MONTH('MMR proficient'!P30)+2)/3) & "-" & YEAR('MMR proficient'!P30),"N/A") -> N/A | Q28: N/A | R28: N/A | S28: N/A | T28: N/A | U28: N/A | V28: N/A | W28: N/A | X28: N/A | Y28: N/A | Z28: N/A | AA28: N/A | AB28: F | AC28: =IFERROR("Q" &INT((MONTH('MMR proficient'!AD30)+2)/3) & "-" & YEAR('MMR proficient'!AD30),"N/A") -> Q4-2020 | AD28: 45 | AE28: Endometrioid carcinoma | AF28: Specimen | AG28: Yes | AH28: 1A | AI28: 0 | AJ28: NR | AK28: 0 | AL28: T1AN0M0 | AM28: 3 | AN28: N/A | AO28: N/A
A29: LDS0002798 | B29: No | C29: Treatment naïve | D29: No | E29: LH21-09144 | F29: A7 | G29: A10 | H29: =IFERROR("Q" &INT((MONTH('MMR proficient'!H31)+2)/3) & "-" & YEAR('MMR proficient'!H31),"N/A") -> Q1-2021 | I29: Laparotomy with total abdominal hysterectomy, bilateral salpingo-oophorectomy, infracolic omentectomy, bilateral pelvic lymphadenectomy and para-aortic lymph node sampling | J29: Uterine corpus | K29: N/A | L29: N/A | M29: N/A | N29: N/A | O29: N/A | P29: =IFERROR("Q" &INT((MONTH('MMR proficient'!P31)+2)/3) & "-" & YEAR('MMR proficient'!P31),"N/A") -> N/A | Q29: N/A | R29: N/A | S29: N/A | T29: N/A | U29: N/A | V29: N/A | W29: N/A | X29: N/A | Y29: N/A | Z29: N/A | AA29: N/A | AB29: F | AC29: =IFERROR("Q" &INT((MONTH('MMR proficient'!AD31)+2)/3) & "-" & YEAR('MMR proficient'!AD31),"N/A") -> Q1-2021 | AD29: 73 | AE29: Endometrioid carcinoma | AF29: Specimen | AG29: No | AH29: 1B | AI29: 0 | AJ29: NR | AK29: 0 | AL29: T1BN0M0 | AM29: 2 | AN29: N/A | AO29: N/A
A30: LDS0002799 | B30: No | C30: Treatment naïve | D30: No | E30: LH21-10715 | F30: A5 | G30: A6 | H30: =IFERROR("Q" &INT((MONTH('MMR proficient'!H32)+2)/3) & "-" & YEAR('MMR proficient'!H32),"N/A") -> Q1-2021 | I30: Total laparoscopic hysterectomy, bilateral salpingo-oophorectomy | J30: Uterine corpus | K30: N/A | L30: N/A | M30: N/A | N30: N/A | O30: N/A | P30: =IFERROR("Q" &INT((MONTH('MMR proficient'!P32)+2)/3) & "-" & YEAR('MMR proficient'!P32),"N/A") -> N/A | Q30: N/A | R30: N/A | S30: N/A | T30: N/A | U30: N/A | V30: N/A | W30: N/A | X30: N/A | Y30: N/A | Z30: N/A | AA30: N/A | AB30: F | AC30: =IFERROR("Q" &INT((MONTH('MMR proficient'!AD32)+2)/3) & "-" & YEAR('MMR proficient'!AD32),"N/A") -> Q4-2020 | AD30: 59 | AE30: Endometrioid carcinoma | AF30: Specimen | AG30: Yes | AH30: 1A | AI30: NR | AJ30: NR | AK30: 0 | AL30: T1AN0M0 | AM30: 1 | AN30: N/A | AO30: N/A
A31: LDS0002800 | B31: No | C31: Treatment naïve | D31: No | E31: LH21-16894 | F31: A19 | G31: A21 | H31: =IFERROR("Q" &INT((MONTH('MMR proficient'!H33)+2)/3) & "-" & YEAR('MMR proficient'!H33),"N/A") -> Q2-2021 | I31: Total laparoscopic hysterectomy, bilateral salpingo-oophorectomy | J31: Uterine corpus | K31: N/A | L31: N/A | M31: N/A | N31: N/A | O31: N/A | P31: =IFERROR("Q" &INT((MONTH('MMR proficient'!P33)+2)/3) & "-" & YEAR('MMR proficient'!P33),"N/A") -> N/A | Q31: N/A | R31: N/A | S31: N/A | T31: N/A | U31: N/A | V31: N/A | W31: N/A | X31: N/A | Y31: N/A | Z31: N/A | AA31: N/A | AB31: F | AC31: =IFERROR("Q" &INT((MONTH('MMR proficient'!AD33)+2)/3) & "-" & YEAR('MMR proficient'!AD33),"N/A") -> Q1-2021 | AD31: 61 | AE31: Endometrioid carcinoma | AF31: Specimen | AG31: Yes | AH31: 1B | AI31: NR | AJ31: NR | AK31: 0 | AL31: T1BN0M0 | AM31: 1 | AN31: N/A | AO31: N/A
A32: LDS0002801 | B32: No | C32: Treatment naïve | D32: No | E32: LH21-18821 | F32: A13 | G32: A10 | H32: =IFERROR("Q" &INT((MONTH('MMR proficient'!H34)+2)/3) & "-" & YEAR('MMR proficient'!H34),"N/A") -> Q2-2021 | I32: Total laparoscopic hysterectomy, bilateral salpingo-oophorectomy, pelvic lymphadenectomy | J32: Uterine corpus | K32: N/A | L32: N/A | M32: N/A | N32: N/A | O32: N/A | P32: =IFERROR("Q" &INT((MONTH('MMR proficient'!P34)+2)/3) & "-" & YEAR('MMR proficient'!P34),"N/A") -> N/A | Q32: N/A | R32: N/A | S32: N/A | T32: N/A | U32: N/A | V32: N/A | W32: N/A | X32: N/A | Y32: N/A | Z32: N/A | AA32: N/A | AB32: F | AC32: =IFERROR("Q" &INT((MONTH('MMR proficient'!AD34)+2)/3) & "-" & YEAR('MMR proficient'!AD34),"N/A") -> Q1-2021 | AD32: 44 | AE32: Endometrioid carcinoma | AF32: Specimen | AG32: Yes | AH32: 3A | AI32: 0 | AJ32: NR | AK32: 0 | AL32: T3AN0M0 | AM32: 2 | AN32: N/A | AO32: N/A
A33: LDS0002802 | B33: No | C33: Treatment naïve | D33: No | E33: LH21-25455 | F33: A15 | G33: A20 | H33: =IFERROR("Q" &INT((MONTH('MMR proficient'!H35)+2)/3) & "-" & YEAR('MMR proficient'!H35),"N/A") -> Q3-2021 | I33: Staging TAH, BSO, Lymphadenectomy, infracolic omentectomy, excision hernia, washings | J33: Uterine corpus | K33: N/A | L33: N/A | M33: N/A | N33: N/A | O33: N/A | P33: =IFERROR("Q" &INT((MONTH('MMR proficient'!P35)+2)/3) & "-" & YEAR('MMR proficient'!P35),"N/A") -> N/A | Q33: N/A | R33: N/A | S33: N/A | T33: N/A | U33: N/A | V33: N/A | W33: N/A | X33: N/A | Y33: N/A | Z33: N/A | AA33: N/A | AB33: F | AC33: =IFERROR("Q" &INT((MONTH('MMR proficient'!AD35)+2)/3) & "-" & YEAR('MMR proficient'!AD35),"N/A") -> Q2-2021 | AD33: 61 | AE33: Endometrioid carcinoma | AF33: Specimen | AG33: Yes | AH33: 2 | AI33: 0 | AJ33: NR | AK33: 0 | AL33: T2N0M0 | AM33: 1 | AN33: N/A | AO33: N/A
A34: LDS0002803 | B34: No | C34: Treatment naïve | D34: No | E34: LH21-32594 | F34: A3 | G34: N/A | H34: =IFERROR("Q" &INT((MONTH('MMR proficient'!H36)+2)/3) & "-" & YEAR('MMR proficient'!H36),"N/A") -> Q3-2021 | I34: Interval debulking surgery, TAH, BSO, Omentectomy, Bladder peritoneum biopsy | J34: Endometrial polyp | K34: N/A | L34: N/A | M34: N/A | N34: N/A | O34: N/A | P34: =IFERROR("Q" &INT((MONTH('MMR proficient'!P36)+2)/3) & "-" & YEAR('MMR proficient'!P36),"N/A") -> N/A | Q34: N/A | R34: N/A | S34: N/A | T34: N/A | U34: N/A | V34: N/A | W34: N/A | X34: N/A | Y34: N/A | Z34: N/A | AA34: N/A | AB34: F | AC34: =IFERROR("Q" &INT((MONTH('MMR proficient'!AD36)+2)/3) & "-" & YEAR('MMR proficient'!AD36),"N/A") -> Q2-2021 | AD34: 73 | AE34: Endometrioid carcinoma | AF34: Specimen | AG34: Yes | AH34: 1A | AI34: 0 | AJ34: NR | AK34: 0 | AL34: T1AN0M0 | AM34: 1 | AN34: N/A | AO34: Synchronous stage IVB low grade serous ovarian cancer; patient treated with 3 cycles carboplatin plus paclitaxel prior to interval debulking surgery
A35: LDS0002804 | B35: No | C35: Immunotherapy naïve | D35: No | E35: LH21-34655 | F35: A1 | G35: N/A | H35: =IFERROR("Q" &INT((MONTH('MMR proficient'!H37)+2)/3) & "-" & YEAR('MMR proficient'!H37),"N/A") -> Q3-2021 | I35: Total Abdominal Hysterectomy; Bilateral Salpingo-oophorectomy; Supracolic Omentectomy; Appendicectomy; Peritoneal Biopsies; Removal of Portec drain Left side of abdomen. | J35: Uterine corpus | K35: N/A | L35: N/A | M35: LH21-34655 | N35: B15 | O35: Ovary | P35: =IFERROR("Q" &INT((MONTH('MMR proficient'!P37)+2)/3) & "-" & YEAR('MMR proficient'!P37),"N/A") -> Q3-2021 | Q35: Immunotherapy naïve | R35: N/A | S35: N/A | T35: N/A | U35: N/A | V35: N/A | W35: N/A | X35: N/A | Y35: N/A | Z35: N/A | AA35: N/A | AB35: F | AC35: =IFERROR("Q" &INT((MONTH('MMR proficient'!AD37)+2)/3) & "-" & YEAR('MMR proficient'!AD37),"N/A") -> Q1-2021 | AD35: 53 | AE35: Endometrioid carcinoma with prominent mucinous metaplasia | AF35: Specimen | AG35: No | AH35: 3B | AI35: NR | AJ35: NR | AK35: 0 | AL35: T3BN0M0 | AM35: 2 | AN35: N/A | AO35: N/A
A36: LDS0002805 | B36: No | C36: Treatment naïve | D36: No | E36: LH21-36998 | F36: A5 | G36: A12 | H36: =IFERROR("Q" &INT((MONTH('MMR proficient'!H38)+2)/3) & "-" & YEAR('MMR proficient'!H38),"N/A") -> Q4-2021 | I36: Robotic hysterectomy, RSO and pelvic lymphadenectomy | J36: Uterine corpus | K36: N/A | L36: N/A | M36: N/A | N36: N/A | O36: N/A | P36: =IFERROR("Q" &INT((MONTH('MMR proficient'!P38)+2)/3) & "-" & YEAR('MMR proficient'!P38),"N/A") -> N/A | Q36: N/A | R36: N/A | S36: N/A | T36: N/A | U36: N/A | V36: N/A | W36: N/A | X36: N/A | Y36: N/A | Z36: N/A | AA36: N/A | AB36: F | AC36: =IFERROR("Q" &INT((MONTH('MMR proficient'!AD38)+2)/3) & "-" & YEAR('MMR proficient'!AD38),"N/A") -> Q3-2021 | AD36: 76 | AE36: Endometrioid carcinoma | AF36: Specimen | AG36: Yes | AH36: 1B | AI36: 0 | AJ36: NR | AK36: 0 | AL36: T1BN0M0 | AM36: 2 | AN36: N/A | AO36: N/A
A37: LDS0002806 | B37: No | C37: Treatment naïve | D37: No | E37: LH21-42424 | F37: A17(L) | G37: A15 | H37: =IFERROR("Q" &INT((MONTH('MMR proficient'!H39)+2)/3) & "-" & YEAR('MMR proficient'!H39),"N/A") -> Q4-2021 | I37: Lap Total Abdominal Hysterectomy; Bilateral Salpingo-oophorectomy | J37: Uterine corpus | K37: N/A | L37: N/A | M37: N/A | N37: N/A | O37: N/A | P37: =IFERROR("Q" &INT((MONTH('MMR proficient'!P39)+2)/3) & "-" & YEAR('MMR proficient'!P39),"N/A") -> N/A | Q37: N/A | R37: N/A | S37: N/A | T37: N/A | U37: N/A | V37: N/A | W37: N/A | X37: N/A | Y37: N/A | Z37: N/A | AA37: N/A | AB37: F | AC37: =IFERROR("Q" &INT((MONTH('MMR proficient'!AD39)+2)/3) & "-" & YEAR('MMR proficient'!AD39),"N/A") -> Q3-2021 | AD37: 62 | AE37: Endometrioid adenocarcinoma | AF37: Specimen | AG37: NR | AH37: 1B | AI37: 0 | AJ37: NR | AK37: 0 | AL37: T1BN0M0 | AM37: 1 | AN37: N/A | AO37: N/A
A38: LDS0002807 | B38: No | C38: Treatment naïve | D38: No | E38: LH21-43784 | F38: A16 | G38: A14 | H38: =IFERROR("Q" &INT((MONTH('MMR proficient'!H40)+2)/3) & "-" & YEAR('MMR proficient'!H40),"N/A") -> Q4-2021 | I38: Total laparoscopic hysterectomy, bilateral salpingo-oophorectomy, | J38: Uterine corpus | K38: N/A | L38: N/A | M38: N/A | N38: N/A | O38: N/A | P38: =IFERROR("Q" &INT((MONTH('MMR proficient'!P40)+2)/3) & "-" & YEAR('MMR proficient'!P40),"N/A") -> N/A | Q38: N/A | R38: N/A | S38: N/A | T38: N/A | U38: N/A | V38: N/A | W38: N/A | X38: N/A | Y38: N/A | Z38: N/A | AA38: N/A | AB38: F | AC38: =IFERROR("Q" &INT((MONTH('MMR proficient'!AD40)+2)/3) & "-" & YEAR('MMR proficient'!AD40),"N/A") -> Q3-2021 | AD38: 64 | AE38: Endometrioid adenocarcinoma | AF38: Specimen | AG38: Yes | AH38: 1A | AI38: 0 | AJ38: NR | AK38: 0 | AL38: T1AN0M0 | AM38: 2 | AN38: N/A | AO38: N/A
A39: LDS0002808 | B39: No | C39: Treatment naïve | D39: No | E39: LH22-03117 | F39: A24 | G39: A13 | H39: =IFERROR("Q" &INT((MONTH('MMR proficient'!H41)+2)/3) & "-" & YEAR('MMR proficient'!H41),"N/A") -> Q1-2022 | I39: laparoscopic converted to open total abdominal hysterectomy and bilateral salpingo-oopherectomy and pelvic and paraaortic lymphadenectomy and omental biopsy | J39: Uterine corpus | K39: N/A | L39: N/A | M39: N/A | N39: N/A | O39: N/A | P39: =IFERROR("Q" &INT((MONTH('MMR proficient'!P41)+2)/3) & "-" & YEAR('MMR proficient'!P41),"N/A") -> N/A | Q39: N/A | R39: N/A | S39: N/A | T39: N/A | U39: N/A | V39: N/A | W39: N/A | X39: N/A | Y39: N/A | Z39: N/A | AA39: N/A | AB39: F | AC39: =IFERROR("Q" &INT((MONTH('MMR proficient'!AD41)+2)/3) & "-" & YEAR('MMR proficient'!AD41),"N/A") -> Q4-2021 | AD39: 67 | AE39: Endometrioid adenocarcinoma | AF39: Specimen | AG39: Yes | AH39: 1A | AI39: 0 | AJ39: NR | AK39: 0 | AL39: T1AN0M0 | AM39: 3 | AN39: N/A | AO39: N/A
A40: LDS0002809 | B40: No | C40: Treatment naïve | D40: No | E40: LH22-08832 | F40: A13 | G40: A25 | H40: =IFERROR("Q" &INT((MONTH('MMR proficient'!H42)+2)/3) & "-" & YEAR('MMR proficient'!H42),"N/A") -> Q1-2022 | I40: Robotic hysterectomy, bilateral salpingo-oophorectomy and pelvic lymphadenectomy | J40: Uterine corpus | K40: N/A | L40: N/A | M40: N/A | N40: N/A | O40: N/A | P40: =IFERROR("Q" &INT((MONTH('MMR proficient'!P42)+2)/3) & "-" & YEAR('MMR proficient'!P42),"N/A") -> N/A | Q40: N/A | R40: N/A | S40: N/A | T40: N/A | U40: N/A | V40: N/A | W40: N/A | X40: N/A | Y40: N/A | Z40: N/A | AA40: N/A | AB40: F | AC40: =IFERROR("Q" &INT((MONTH('MMR proficient'!AD42)+2)/3) & "-" & YEAR('MMR proficient'!AD42),"N/A") -> Q1-2022 | AD40: 67 | AE40: Endometrioid carcinoma | AF40: Specimen | AG40: NR | AH40: NR | AI40: 1 | AJ40: NR | AK40: 0 | AL40: N/A | AM40: 2 | AN40: N/A | AO40: N/A
A41: LDS0002810 | B41: No | C41: Treatment naïve | D41: No | E41: LH22-09726 | F41: A9 | G41: A10 | H41: =IFERROR("Q" &INT((MONTH('MMR proficient'!H43)+2)/3) & "-" & YEAR('MMR proficient'!H43),"N/A") -> Q1-2022 | I41: Total laparoscopic hysterectomy, bilateral salpingo-oophorectomy, | J41: Uterine corpus | K41: N/A | L41: N/A | M41: N/A | N41: N/A | O41: N/A | P41: =IFERROR("Q" &INT((MONTH('MMR proficient'!P43)+2)/3) & "-" & YEAR('MMR proficient'!P43),"N/A") -> N/A | Q41: N/A | R41: N/A | S41: N/A | T41: N/A | U41: N/A | V41: N/A | W41: N/A | X41: N/A | Y41: N/A | Z41: N/A | AA41: N/A | AB41: F | AC41: =IFERROR("Q" &INT((MONTH('MMR proficient'!AD43)+2)/3) & "-" & YEAR('MMR proficient'!AD43),"N/A") -> Q1-2022 | AD41: 50 | AE41: Endometrioid adenocarcinoma | AF41: Specimen | AG41: NR | AH41: 1a | AI41: x | AJ41: NR | AK41: 0 | AL41: T1AN0M0 | AM41: 1 | AN41: N/A | AO41: N/A
A42: LDS0002811 | B42: No | C42: Treatment naïve | D42: No | E42: LH22-13156 | F42: A9 | G42: A13 | H42: =IFERROR("Q" &INT((MONTH('MMR proficient'!H44)+2)/3) & "-" & YEAR('MMR proficient'!H44),"N/A") -> Q2-2022 | I42: Total robotic hysterectomy, bilateral salpingo-oophorectomy and pelvic lymphadenectomy | J42: Uterine corpus | K42: N/A | L42: N/A | M42: N/A | N42: N/A | O42: N/A | P42: =IFERROR("Q" &INT((MONTH('MMR proficient'!P44)+2)/3) & "-" & YEAR('MMR proficient'!P44),"N/A") -> N/A | Q42: N/A | R42: N/A | S42: N/A | T42: N/A | U42: N/A | V42: N/A | W42: N/A | X42: N/A | Y42: N/A | Z42: N/A | AA42: N/A | AB42: F | AC42: =IFERROR("Q" &INT((MONTH('MMR proficient'!AD44)+2)/3) & "-" & YEAR('MMR proficient'!AD44),"N/A") -> Q1-2022 | AD42: 72 | AE42: Endometrioid adenocarcinoma | AF42: Specimen | AG42: Yes | AH42: 1B | AI42: 0 | AJ42: NR | AK42: 0 | AL42: T1BN0M0 | AM42: 3 | AN42: N/A | AO42: N/A
A43: LDS0002812 | B43: No | C43: Treatment naïve | D43: No | E43: LH22-30932 | F43: A11 | G43: A13 | H43: =IFERROR("Q" &INT((MONTH('MMR proficient'!H45)+2)/3) & "-" & YEAR('MMR proficient'!H45),"N/A") -> Q3-2022 | I43: hysterectomy and BSO (removal of tubes and ovaries) | J43: Uterine corpus | K43: N/A | L43: N/A | M43: N/A | N43: N/A | O43: N/A | P43: =IFERROR("Q" &INT((MONTH('MMR proficient'!P45)+2)/3) & "-" & YEAR('MMR proficient'!P45),"N/A") -> N/A | Q43: N/A | R43: N/A | S43: N/A | T43: N/A | U43: N/A | V43: N/A | W43: N/A | X43: N/A | Y43: N/A | Z43: N/A | AA43: N/A | AB43: F | AC43: =IFERROR("Q" &INT((MONTH('MMR proficient'!AD45)+2)/3) & "-" & YEAR('MMR proficient'!AD45),"N/A") -> Q2-2022 | AD43: 81 | AE43: Endometrioid adenocarcinoma | AF43: Specimen | AG43: Yes | AH43: 1A | AI43: NR | AJ43: NR | AK43: 0 | AL43: T1AN0M0 | AM43: 1 | AN43: N/A | AO43: N/A
A44: LDS0002813 | B44: No | C44: Treatment naïve | D44: No | E44: LH22-39796 | F44: A15 | G44: N/A | H44: =IFERROR("Q" &INT((MONTH('MMR proficient'!H46)+2)/3) & "-" & YEAR('MMR proficient'!H46),"N/A") -> Q3-2022 | I44: vaginal hysterectomy + BSO | J44: Uterine corpus | K44: N/A | L44: N/A | M44: N/A | N44: N/A | O44: N/A | P44: =IFERROR("Q" &INT((MONTH('MMR proficient'!P46)+2)/3) & "-" & YEAR('MMR proficient'!P46),"N/A") -> N/A | Q44: N/A | R44: N/A | S44: N/A | T44: N/A | U44: N/A | V44: N/A | W44: N/A | X44: N/A | Y44: N/A | Z44: N/A | AA44: N/A | AB44: F | AC44: =IFERROR("Q" &INT((MONTH('MMR proficient'!AD46)+2)/3) & "-" & YEAR('MMR proficient'!AD46),"N/A") -> Q3-2022 | AD44: 62 | AE44: Endometrioid adenocarcinoma | AF44: Specimen | AG44: Yes | AH44: 1B | AI44: NR | AJ44: NR | AK44: 0 | AL44: T1BN0M0 | AM44: 2 | AN44: N/A | AO44: N/A
A45: LDS0002814 | B45: No | C45: Treatment naïve | D45: No | E45: LH22-41745 | F45: A5 | G45: A6 | H45: =IFERROR("Q" &INT((MONTH('MMR proficient'!H47)+2)/3) & "-" & YEAR('MMR proficient'!H47),"N/A") -> Q4-2022 | I45: Total laparoscopic hysterectomy | J45: Uterine corpus | K45: N/A | L45: N/A | M45: N/A | N45: N/A | O45: N/A | P45: =IFERROR("Q" &INT((MONTH('MMR proficient'!P47)+2)/3) & "-" & YEAR('MMR proficient'!P47),"N/A") -> N/A | Q45: N/A | R45: N/A | S45: N/A | T45: N/A | U45: N/A | V45: N/A | W45: N/A | X45: N/A | Y45: N/A | Z45: N/A | AA45: N/A | AB45: F | AC45: =IFERROR("Q" &INT((MONTH('MMR proficient'!AD47)+2)/3) & "-" & YEAR('MMR proficient'!AD47),"N/A") -> Q2-2022 | AD45: 41 | AE45: Endometrioid adenocarcinoma | AF45: Specimen | AG45: Yes | AH45: 1a | AI45: x | AJ45: NR | AK45: 0 | AL45: T1AN0M0 | AM45: 1 | AN45: N/A | AO45: Synchronous colorectal cancer
A46: LDS0002815 | B46: No | C46: Treatment naïve | D46: No | E46: LH22-41785 | F46: A12 | G46: A13(L) | H46: =IFERROR("Q" &INT((MONTH('MMR proficient'!H48)+2)/3) & "-" & YEAR('MMR proficient'!H48),"N/A") -> Q4-2022 | I46: hysterectomy and BSO | J46: Uterine corpus | K46: N/A | L46: N/A | M46: N/A | N46: N/A | O46: N/A | P46: =IFERROR("Q" &INT((MONTH('MMR proficient'!P48)+2)/3) & "-" & YEAR('MMR proficient'!P48),"N/A") -> N/A | Q46: N/A | R46: N/A | S46: N/A | T46: N/A | U46: N/A | V46: N/A | W46: N/A | X46: N/A | Y46: N/A | Z46: N/A | AA46: N/A | AB46: F | AC46: =IFERROR("Q" &INT((MONTH('MMR proficient'!AD48)+2)/3) & "-" & YEAR('MMR proficient'!AD48),"N/A") -> Q3-2022 | AD46: 79 | AE46: Endometrioid adenocarcinoma | AF46: Specimen | AG46: Yes | AH46: 1A | AI46: NR | AJ46: NR | AK46: 0 | AL46: T1AN0M0 | AM46: 1 | AN46: N/A | AO46: N/A
A47: LDS0002816 | B47: No | C47: Treatment naïve | D47: No | E47: LH22-42642 | F47: A2 | G47: A1 | H47: =IFERROR("Q" &INT((MONTH('MMR proficient'!H49)+2)/3) & "-" & YEAR('MMR proficient'!H49),"N/A") -> Q4-2022 | I47: Staging laparotomy modified radical hysterectomy + BSO, omentectomy, pelvic and PA lymph node dissection | J47: Cervix (endometrial tumour invades cervical stroma) | K47: N/A | L47: N/A | M47: N/A | N47: N/A | O47: N/A | P47: =IFERROR("Q" &INT((MONTH('MMR proficient'!P49)+2)/3) & "-" & YEAR('MMR proficient'!P49),"N/A") -> N/A | Q47: N/A | R47: N/A | S47: N/A | T47: N/A | U47: N/A | V47: N/A | W47: N/A | X47: N/A | Y47: N/A | Z47: N/A | AA47: N/A | AB47: F | AC47: =IFERROR("Q" &INT((MONTH('MMR proficient'!AD49)+2)/3) & "-" & YEAR('MMR proficient'!AD49),"N/A") -> Q3-2022 | AD47: 48 | AE47: Endometrioid adenocarcinoma | AF47: Specimen | AG47: Yes | AH47: NR | AI47: 2 | AJ47: NR | AK47: 0 | AL47: T2N2M0 | AM47: 2 | AN47: N/A | AO47: N/A

Sheet Proficient supplementary
A1: NHS number | B1: Donor ID | C1: Selected specimen Anonymised ID | D1: Specimen number used for screening (if different) | E1: Block used for MMR IHC | F1: MMR result (normal/abnormal) | G1: MLH1 IHC (pos / neg / clonal neg) | H1: PMS2 IHC (pos/ neg / clonal neg | I1: MSH2 IHC (pos/ neg / clonal neg | J1: MSH6 IHC (pos/ neg/ clonal neg) | K1: FIGO staging
A2: 4849515096 | B2: LDS0002771 | C2: LH15-23319 | D2: N/A | E2: NR | F2: Normal | G2: Pos | H2: Pos | I2: Pos | J2: Pos | K2: IA
A3: 4760475672 | B3: LDS0002772 | C3: LH16-14222 | D3: N/A | E3: NR | F3: Normal | G3: Pos | H3: Pos | I3: Pos | J3: Pos | K3: IIIB
A4: 4363568348 | B4: LDS0002773 | C4: LH17-12064 | D4: N/A | E4: NR | F4: Normal | G4: Pos | H4: Pos | I4: Pos | J4: Pos | K4: IB
A5: 4862097049 | B5: LDS0002774 | C5: LH17-18561 | D5: N/A | E5: NR | F5: Normal | G5: Pos | H5: Pos | I5: Pos | J5: Pos | K5: II
A6: 4124075219 | B6: LDS0002775 | C6: LH17-31445 | D6: N/A | E6: NR | F6: Normal | G6: Pos | H6: Pos | I6: Pos | J6: Pos | K6: IA
A7: 4120037274 | B7: LDS0002776 | C7: LH18-18494 | D7: N/A | E7: NR | F7: Normal | G7: Pos | H7: Pos | I7: Pos | J7: Pos | K7: IB
A8: 4582887899 | B8: LDS0002777 | C8: LH19-15431 | D8: N/A | E8: NR | F8: Normal | G8: Pos | H8: Pos | I8: Pos | J8: Pos | K8: 3C1
A9: 4862084389 | B9: LDS0002778 | C9: LH19-26760 | D9: N/A | E9: NR | F9: Normal | G9: Pos | H9: Pos | I9: Pos | J9: Pos | K9: IB
A10: 4505997235 | B10: LDS0002779 | C10: LH19-26931 | D10: N/A | E10: NR | F10: Normal | G10: Pos | H10: Pos | I10: Pos | J10: Pos | K10: IA
A11: 4800798418 | B11: LDS0002780 | C11: LH19-34016 | D11: N/A | E11: NR | F11: Normal | G11: Pos | H11: Pos | I11: Pos | J11: Pos | K11: IIIA
A12: 4860443551 | B12: LDS0002781 | C12: LH19-34659 | D12: N/A | E12: NR | F12: Normal | G12: Pos | H12: Pos | I12: Pos | J12: Pos | K12: IB
A13: 6163514831 | B13: LDS0002782 | C13: LH19-47908 | D13: N/A | E13: NR | F13: Normal | G13: Pos | H13: Pos | I13: Pos | J13: Pos | K13: II
... A15: 4109356563 | B15: LDS0002784 | C15: LH19-55935 | D15: N/A | E15: A3 | F15: Normal | G15: Pos | H15: Pos | I15: Pos | J15: Pos | K15: IIIC2
A16: 6289334077 | B16: LDS0002785 | C16: LH20-05949 | D16: N/A | E16: 18 | F16: Normal | G16: Pos | H16: Pos | I16: Pos | J16: Pos | K16: IA
A17: 4506314042 | B17: LDS0002786 | C17: LH20-05951 | D17: N/A | E17: 7 | F17: Normal | G17: Pos | H17: Pos | I17: Pos | J17: Pos | K17: IB
A18: 4364284998 | B18: LDS0002787 | C18: LH20-10372 | D18: N/A | E18: A3 | F18: Normal | G18: Pos | H18: Pos | I18: Pos | J18: Pos | K18: II
A19: 4583302967 | B19: LDS0002788 | C19: LH20-10590 | D19: N/A | E19: NR | F19: Normal | G19: Pos | H19: Pos | I19: Pos | J19: Pos | K19: IA
A20: 4086856999 | B20: LDS0002789 | C20: LH20-14746 | D20: N/A | E20: A13 | F20: Normal | G20: Pos | H20: Pos | I20: Pos | J20: Pos | K20: II
A21: 4087362620 | B21: LDS0002790 | C21: LH20-16019 | D21: LH19-36754 | E21: NR | F21: Normal | G21: Pos | H21: Pos | I21: Pos | J21: Pos | K21: IA
A22: 4387969776 | B22: LDS0002791 | C22: LH20-20082 | D22: N/A | E22: A6, A7 and A10 | F22: Normal | G22: Pos | H22: Pos | I22: Pos | J22: Pos | K22: IA
A23: 4382038278 | B23: LDS0002792 | C23: LH20-24870 | D23: N/A | E23: A14, A16 | F23: Normal | G23: Pos | H23: Pos | I23: Pos | J23: Pos | K23: IB
A24: 4508985181 | B24: LDS0002793 | C24: LH20-27121 | D24: N/A | E24: A10 | F24: Normal | G24: Pos | H24: Pos | I24: Pos | J24: Pos | K24: IB
A25: 4581844045 | B25: LDS0002794 | C25: LH20-29696 | D25: LH20-23509 | E25: NR | F25: Normal | G25: Pos | H25: Pos | I25: Pos | J25: Pos | K25: IIIC1
A26: 4125738122 | B26: LDS0002795 | C26: LH20-30294 | D26: N/A | E26: NR | F26: Normal | G26: Pos | H26: Pos | I26: Pos | J26: Pos | K26: IA
A27: 4083306041 | B27: LDS0002796 | C27: LH21-05633 | D27: N/A | E27: A4 & A14 | F27: Normal | G27: Pos | H27: Pos | I27: Pos | J27: Pos | K27: IIIA
A28: 4124649371 | B28: LDS0002797 | C28: LH21-05989 | D28: LH20-40011 | E28: NR | F28: Normal | G28: NR | H28: Pos | I28: NR | J28: Pos | K28: IA
A29: 4382721598 | B29: LDS0002798 | C29: LH21-09144 | D29: N/A | E29: NR | F29: Normal | G29: Pos | H29: Pos | I29: Pos | J29: Pos | K29: IB
... A47: 4406779205 | B47: LDS0002816 | C47: LH22-42642 | D47: LH22-30470 | E47: NR | F47: Normal | G47: Pos | H47: Pos | I47: Pos | J47: Pos | K47: IIIC2

Sheet MMR deficient
A1: PLEASE BE AWARE COLUMNS MAY BE 'HIDDEN' OR 'COLLAPSED'
A3: NHS number | B3: Any Immunotherapy | C3: Specimen treatment subgrouping | D3: Specimen is a recurrence | E3: Selected specimen Anonymised ID | F3: Specimen Block number 1 | G3: Specimen Block number 2 | H3: Specimen surgery date | I3: Specimen surgery | J3: Specimen tumour site | K3: Primary Surgery date | L3: Primary tumour site | M3: Anonymized ID Matched met 1 | N3: Matched met 1 Block Number | O3: Matched met 1 Site | P3: Matched met 1 Surgery Date | Q3: Matched met 1 treatment subgrouping | R3: Anonymized ID Matched met 2 | S3: Matched met 2 Block Number | T3: Matched met 2 Site | U3: Matched met 2 Surgery Date | V3: Matched met 2 treatment subgrouping | W3: Anonymized ID Normal tissue | X3: Matched Normal tissue Block Number | Y3: Matched Normal tissue Site | Z3: Matched Normal tissue Surgery Date | AA3: Matched Normal treatment subgrouping | AB3: Gender | AC3: DOB | AD3: Date of DX | AE3: Age at Diagnosis | AF3: Specimen Histological Diagnosis | AG3: Staging/grading info provided for: | AH3: Resection margins clear | AI3: pT | AJ3: pN | AK3: pM | AL3: cM | AM3: TNM stage | AN3: Grade | AO3: Stage at DX (AJCC) | AP3: Any Neoadjuvant therapy | AQ3: Response to neoadjuvant therapy (TRS score) | AR3: Neoadjuvant Tx1 | AS3: Neoadjuvant Tx1 Agent | AT3: Neoadjuvant Tx1 Start Date | AU3: Neoadjuvant Tx1 End Date | AV3: Tumour response Neoadjuvant Tx1 | AW3: Neoadjuvant Tx2 | AX3: Neoadjuvant Tx2 Agent | AY3: Neoadjuvant Tx2 Start Date | AZ3: Neoadjuvant Tx2 End Date | BA3: Tumour response Neoadjuvant Tx2 | BB3: Neoadjuvant Tx3 | BC3: Neoadjuvant Tx3 Agent | BD3: Neoadjuvant Tx3 Start Date | BE3: Neoadjuvant Tx3 End Date | BF3: Tumour response Neoadjuvant Tx3 | BG3: Neoadjuvant Tx4 | BH3: Neoadjuvant Tx4 Agent | BI3: Neoadjuvant Tx4 Start Date | BJ3: Neoadjuvant Tx4 End Date | BK3: Tumour response Neoadjuvant Tx4 | BL3: Neoadjuvant Tx5 | BM3: Neoadjuvant Tx5 Agent | BN3: Neoadjuvant Tx5 Start Date | BO3: Neoadjuvant Tx5 End Date | BP3: Tumour response Neoadjuvant Tx5 | BQ3: Neoadjuvant Tx6 | BR3: Neoadjuvant Tx6 Agent | BS3: Neoadjuvant Tx6 Start Date | BT3: Neoadjuvant Tx6 End Date | BU3: Tumour response Neoadjuvant Tx6 | BV3: Neoadjuvant Tx7 | BW3: Neoadjuvant Tx7 Agent | BX3: Neoadjuvant Tx7 Start Date | BY3: Neoadjuvant Tx7 End Date | BZ3: Tumour response Neoadjuvant Tx7 | CA3: Neoadjuvant Tx8 | CB3: Neoadjuvant Tx8 Agent | CC3: Neoadjuvant Tx8 Start Date | CD3: Neoadjuvant Tx8 End Date | CE3: Tumour response Neoadjuvant Tx8 | CF3: Neoadjuvant Tx9 | CG3: Neoadjuvant Tx9 Agent | CH3: Neoadjuvant Tx9 Start Date | CI3: Neoadjuvant Tx9 End Date | CJ3: Tumour response Neoadjuvant Tx9 | CK3: Neoadjuvant Tx10 | CL3: Neoadjuvant Tx10 Agent | CM3: Neoadjuvant Tx10 Start Date | CN3: Neoadjuvant Tx10 End Date | CO3: Tumour response Neoadjuvant Tx10 | CP3: Adjuvant Tx1 | CQ3: Adjuvant Tx1 Agent | CR3: Adjuvant Tx1 Start Date | CS3: Adjuvant Tx1 End Date | CT3: Tumour response Adjuvant Tx1 | CU3: Adjuvant Tx2 | CV3: Adjuvant Tx2 Agent | CW3: Adjuvant Tx2 Start Date | CX3: Adjuvant Tx2 End Date | CY3: Tumour response Adjuvant Tx2 | CZ3: Adjuvant Tx3 | DA3: Adjuvant Tx3 Agent | DB3: Adjuvant Tx3 Start Date | DC3: Adjuvant Tx3 End Date | DD3: Tumour response Adjuvant Tx3 | DE3: Adjuvant Tx4 | DF3: Adjuvant Tx4 Agent | DG3: Adjuvant Tx4 Start Date | DH3: Adjuvant Tx4 End Date | DI3: Tumour response Adjuvant Tx4 | DJ3: Adjuvant Tx5 | DK3: Adjuvant Tx5 Agent | DL3: Adjuvant Tx5 Start Date | DM3: Adjuvant Tx5 End Date | DN3: Tumour response Adjuvant Tx5 | DO3: Adjuvant Tx6 | DP3: Adjuvant Tx6 Agent | DQ3: Adjuvant Tx6 Start Date | DR3: Adjuvant Tx6 End Date | DS3: Tumour response Adjuvant Tx6 | DT3: Adjuvant Tx7 | DU3: Adjuvant Tx7 Agent | DV3: Adjuvant Tx7 Start Date | DW3: Adjuvant Tx7 End Date | DX3: Tumour response Adjuvant Tx7 | DY3: Adjuvant Tx8 | DZ3: Adjuvant Tx8 Agent | EA3: Adjuvant Tx8 Start Date | EB3: Adjuvant Tx8 End Date | EC3: Tumour response Adjuvant Tx8 | ED3: Adjuvant Tx9 | EE3: Adjuvant Tx9 Agent | EF3: Adjuvant Tx9 Start Date | EG3: Adjuvant Tx9 End Date | EH3: Tumour response Adjuvant Tx9 | EI3: Adjuvant Tx10 | EJ3: Adjuvant Tx10 Agent | EK3: Adjuvant Tx10 Start Date | EL3: Adjuvant Tx10 End Date | EM3: Tumour response Adjuvant Tx10 | EN3: Adjuvant Tx11 | EO3: Adjuvant Tx11 Agent | EP3: Adjuvant Tx11 Start Date | EQ3: Adjuvant Tx11 End Date | ER3: Tumour response Adjuvant Tx11 | ES3: Adjuvant Tx12 | ET3: Adjuvant Tx12 Agent | EU3: Adjuvant Tx12 Start Date | EV3: Adjuvant Tx12 End Date | EW3: Tumour response Adjuvant Tx12 | EX3: Adjuvant Tx13 | EY3: Adjuvant Tx13 Agent | EZ3: Adjuvant Tx13 Start Date | FA3: Adjuvant Tx13 End Date | FB3: Tumour response Adjuvant Tx13 | FC3: Adjuvant Tx14 | FD3: Adjuvant Tx14 Agent | FE3: Adjuvant Tx14 Start Date | FF3: Adjuvant Tx14 End Date | FG3: Tumour response Adjuvant Tx14 | FH3: Adjuvant Tx15 | FI3: Adjuvant Tx15 Agent | FJ3: Adjuvant Tx15 Start Date | FK3: Adjuvant Tx15 End Date | FL3: Date recurrence/ progression 1 | FM3: Sites recurrence/ progression 1 | FN3: Date recurrence/ progression 2 | FO3: Sites recurrence/ progression 2 | FP3: Date recurrence/ progression 3 | FQ3: Sites recurrence/ progression 3 | FR3: Date recurrence/ progression 4 | FS3: Sites recurrence/ progression 4 | FT3: Date recurrence/ progression 5 | FU3: Sites recurrence/ progression 5 | FV3: Date recurrence/ progression 6 | FW3: Sites recurrence/ progression 6 | FX3: Date recurrence/ progression 7 | FY3: Sites recurrence/ progression 7 | FZ3: Date recurrence/ progression 8 | GA3: Sites recurrence/ progression 8 | GB3: Date recurrence/ progression 9 | GC3: Sites recurrence/ progression 9 | GD3: Date recurrence/ progression 10 | GE3: Sites recurrence/ progression 10 | GF3: Date recurrence/ progression 11 | GG3: Sites recurrence/ progression 11 | GH3: Date recurrence/ progression 12 | GI3: Sites recurrence/ progression 12 | GJ3: Date recurrence/ progression 13 | GK3: Sites recurrence/ progression 13 | GL3: Date recurrence/ progression 14 | GM3: Sites recurrence/ progression 14 | GN3: Date recurrence/ progression 15 | GO3: Sites recurrence/ progression 15 | GP3: Subsequent Tx1 | GQ3: Subsequent Tx1 Agent | GR3: Subsequent Tx1 Start Date | GS3: Subsequent Tx1 Finish Date | GT3: Tumour response to Subsequent Tx1 | GU3: Subsequent Tx2 | GV3: Subsequent Tx2 Agent | GW3: Subsequent Tx2 Start Date | GX3: Subsequent Tx2 Finish Date | GY3: Tumour response to Subsequent Tx2 | GZ3: Subsequent Tx3 | HA3: Subsequent Tx3 Agent | HB3: Subsequent Tx3 Start Date | HC3: Subsequent Tx3 Finish Date | HD3: Tumour response to Subsequent Tx3 | HE3: Subsequent Tx4 | HF3: Subsequent Tx4 Agent | HG3: Subsequent Tx4 Start Date | HH3: Subsequent Tx4 Finish Date | HI3: Tumour response to Subsequent Tx4 | HJ3: Subsequent Tx5 | HK3: Subsequent Tx5 Agent | HL3: Subsequent Tx5 Start Date | HM3: Subsequent Tx5 Finish Date | HN3: Tumour response to Subsequent Tx5 | HO3: Subsequent Tx6 | HP3: Subsequent Tx6 Agent | HQ3: Subsequent Tx6 Start Date | HR3: Subsequent Tx6 Finish Date | HS3: Tumour response to Subsequent Tx6 | HT3: Subsequent Tx7 | HU3: Subsequent Tx7 Agent | HV3: Subsequent Tx7 Start Date | HW3: Subsequent Tx7 Finish Date | HX3: Tumour response to Subsequent Tx7 | HY3: Subsequent Tx8 | HZ3: Subsequent Tx8 Agent | IA3: Subsequent Tx8 Start Date | IB3: Subsequent Tx8 Finish Date | IC3: Tumour response to Subsequent Tx8 | ID3: Subsequent Tx9 | IE3: Subsequent Tx9 Agent | IF3: Subsequent Tx9 Start Date | IG3: Subsequent Tx9 Finish Date | IH3: Tumour response to Subsequent Tx9 | II3: Subsequent Tx10 | IJ3: Subsequent Tx10 Agent | IK3: Subsequent Tx10 Start Date | IL3: Subsequent Tx10 Finish Date | IM3: Tumour response to Subsequent Tx10 | IN3: Subsequent Tx11 | IO3: Subsequent Tx11 Agent | IP3: Subsequent Tx11 Start Date | IQ3: Subsequent Tx11 Finish Date | IR3: Tumour response to Subsequent Tx11 | IS3: Subsequent Tx12 | IT3: Subsequent Tx12 Agent | IU3: Subsequent Tx12 Start Date | IV3: Subsequent Tx12 Finish Date | IW3: Tumour response to Subsequent Tx12 | IX3: Subsequent Tx13 | IY3: Subsequent Tx13 Agent | IZ3: Subsequent Tx13 Start Date | JA3: Subsequent Tx13 Finish Date | JB3: Tumour response to Subsequent Tx13 | JC3: Subsequent Tx14 | JD3: Subsequent Tx14 Agent | JE3: Subsequent Tx14 Start Date | JF3: Subsequent Tx14 Finish Date | JG3: Tumour response to Subsequent Tx14 | JH3: Subsequent Tx15 | JI3: Subsequent Tx15 Agent | JJ3: Subsequent Tx15 Start Date | JK3: Subsequent Tx15 Finish Date | JL3: Tumour response to Subsequent Tx15 | JM3: Current Status | JN3: Death date | JO3: Death tumour related | JP3: Cause of death | JQ3: Date last follow-up | JR3: Date Last Seen | JS3: Concurrent Medical Conditions | JT3: Comments from clinical team | JU3: TTE Neoadjuvant Tx1 Start Date | JV3: TTE Neoadjuvant Tx1 End Date | JW3: TTE Neoadjuvant Tx2 Start Date | JX3: TTE Neoadjuvant Tx2 End Date | JY3: TTE Neoadjuvant Tx3 Start Date | JZ3: TTE Neoadjuvant Tx3 End Date | KA3: TTE Neoadjuvant Tx4 Start Date | KB3: TTE Neoadjuvant Tx4 End Date | KC3: TTE Neoadjuvant Tx5 Start Date | KD3: TTE Neoadjuvant Tx5 End Date | KE3: TTE Neoadjuvant Tx6 Start Date | KF3: TTE Neoadjuvant Tx6 End Date | KG3: TTE Neoadjuvant Tx7 Start Date | KH3: TTE Neoadjuvant Tx7 End Date | KI3: TTE Neoadjuvant Tx8 Start Date | KJ3: TTE Neoadjuvant Tx8 End Date | KK3: TTE Neoadjuvant Tx9 Start Date | KL3: TTE Neoadjuvant Tx9 End Date | KM3: TTE Neoadjuvant Tx10 Start Date | KN3: TTE Neoadjuvant Tx10 End Date | KO3: TTE Specimen surgery date | KP3: TTE Primary Surgery date | KQ3: TTE Matched met 1 Surgery Date | KR3: TTE Matched met 2 Surgery Date | KS3: TTE Matched Normal tissue Surgery Date | KT3: TTE Adjuvant Tx1 Start Date | KU3: TTE Adjuvant Tx1 End Date | KV3: TTE Adjuvant Tx2 Start Date | KW3: TTE Adjuvant Tx2 End Date | KX3: TTE Adjuvant Tx3 Start Date | KY3: TTE Adjuvant Tx3 End Date | KZ3: TTE Adjuvant Tx4 Start Date | LA3: TTE Adjuvant Tx4 End Date | LB3: TTE Adjuvant Tx5 Start Date | LC3: TTE Adjuvant Tx5 End Date | LD3: TTE Adjuvant Tx6 Start Date | LE3: TTE Adjuvant Tx6 End Date | LF3: TTE Adjuvant Tx7 Start Date | LG3: TTE Adjuvant Tx7 End Date | LH3: TTE Adjuvant Tx8 Start Date | LI3: TTE Adjuvant Tx8 End Date | LJ3: TTE Adjuvant Tx9 Start Date | LK3: TTE Adjuvant Tx9 End Date | LL3: TTE Adjuvant Tx10 Start Date | LM3: TTE Adjuvant Tx10 End Date | LN3: TTE Adjuvant Tx11 Start Date | LO3: TTE Adjuvant Tx11 End Date | LP3: TTE Adjuvant Tx12 Start Date | LQ3: TTE Adjuvant Tx12 End Date | LR3: TTE Adjuvant Tx13 Start Date | LS3: TTE Adjuvant Tx13 End Date | LT3: TTE Adjuvant Tx14 Start Date | LU3: TTE Adjuvant Tx14 End Date | LV3: TTE Adjuvant Tx15 Start Date | LW3: TTE Adjuvant Tx15 End Date | LX3: TTE Date recurrence/ progression 1 | LY3: TTE Date recurrence/ progression 2 | LZ3: TTE Date recurrence/ progression 3 | MA3: TTE Date recurrence/ progression 4 | MB3: TTE Date recurrence/ progression 5 | MC3: TTE Date recurrence/ progression 6 | MD3: TTE Date recurrence/ progression 7 | ME3: TTE Date recurrence/ progression 8 | MF3: TTE Date recurrence/ progression 9 | MG3: TTE Date recurrence/ progression 10 | MH3: TTE Date recurrence/ progression 11 | MI3: TTE Date recurrence/ progression 12 | MJ3: TTE Date recurrence/ progression 13 | MK3: TTE Date recurrence/ progression 14 | ML3: TTE Date recurrence/ progression 15 | MM3: TTE Subsequent Tx1 Start Date | MN3: TTE Subsequent Tx1 Finish Date | MO3: TTE Subsequent Tx2 Start Date | MP3: TTE Subsequent Tx2 Finish Date | MQ3: TTE Subsequent Tx3 Start Date | MR3: TTE Subsequent Tx3 Finish Date | MS3: TTE Subsequent Tx4 Start Date | MT3: TTE Subsequent Tx4 Finish Date | MU3: TTE Subsequent Tx5 Start Date | MV3: TTE Subsequent Tx5 Finish Date | MW3: TTE Subsequent Tx6 Start Date | MX3: TTE Subsequent Tx6 Finish Date | MY3: TTE Subsequent Tx7 Start Date | MZ3: TTE Subsequent Tx7 Finish Date | NA3: TTE Subsequent Tx8 Start Date | NB3: TTE Subsequent Tx8 Finish Date | NC3: TTE Subsequent Tx9 Start Date | ND3: TTE Subsequent Tx9 Finish Date | NE3: TTE Subsequent Tx10 Start Date | NF3: TTE Subsequent Tx10 Finish Date | NG3: TTE Subsequent Tx11 Start Date | NH3: TTE Subsequent Tx11 Finish Date | NI3: TTE Subsequent Tx12 Start Date | NJ3: TTE Subsequent Tx12 Finish Date | NK3: TTE Subsequent Tx13 Start Date | NL3: TTE Subsequent Tx13 Finish Date | NM3: TTE Subsequent Tx14 Start Date | NN3: TTE Subsequent Tx14 Finish Date | NO3: TTE Subsequent Tx15 Start Date | NP3: TTE Subsequent Tx15 Finish Date | NQ3: TTE Recurrence (PFS) | NR3: TTE Death (OS and PFS) | NS3: TTE Date last follow-up (PFS) | NT3: TTE Date last seen (OS) | NU3: TTE Overall survival (OS) in months | NV3: TTE Progression free survival (PFS) in months | NW3: Event (recurrence/progression) | NX3: Event (cancer death) | NY3: Event (death; all causes) | NZ3: Event (recurrence or cancer death)
A4: 4342908360 | B4: No | C4: Treatment naïve | D4: No | E4: LH14-10711 | F4: 7 | G4: 8 | H4: 41711 | I4: Total Laparoscopic Hysterectomy; Bilateral Salpingo-oophorectomy; Peritoneal Washings. | J4: Uterine corpus | K4: N/A | L4: N/A | M4: N/A | N4: N/A | O4: N/A | P4: N/A | Q4: N/A | R4: N/A | S4: N/A | T4: N/A | U4: N/A | V4: N/A | W4: N/A | X4: N/A | Y4: N/A | Z4: N/A | AA4: N/A | AB4: F | AC4: 9953 | AD4: 41667 | AE4: =DATEDIF(AC4, AD4,"Y") -> 86 | AF4: Endometrioid adenocarcinoma | AG4: Specimen | AH4: Yes | AI4: 1B | AJ4: NR | AK4: NR | AL4: 0 | AM4: T1BN0M0 | AN4: 3 | AO4: N/A
A5: 4382389941 | B5: No | C5: Treatment naïve | D5: No | E5: LH15-23944 | F5: A9 | G5: A18 | H5: 42165 | I5: Laparotomy, TAH,BSO,Omentectomy, pelvic para-aortic lymph node sampling, adhesiolysis | J5: Uterine corpus | K5: N/A | L5: N/A | M5: N/A | N5: N/A | O5: N/A | P5: N/A | Q5: N/A | R5: N/A | S5: N/A | T5: N/A | U5: N/A | V5: N/A | W5: N/A | X5: N/A | Y5: N/A | Z5: N/A | AA5: N/A | AB5: F | AC5: 15750 | AD5: 42143 | AE5: =DATEDIF(AC5, AD5,"Y") -> 72 | AF5: De-differentiated endometrioid adenocarcinoma plus grade 1 endometrioid adenocarcinoma | AG5: Specimen | AH5: No | AI5: NR | AJ5: 2 | AK5: NR | AL5: 0 | AM5: N/A | AN5: see histological diagnosis | AO5: N/A
A6: 4160684432 | B6: No | C6: Treatment naïve | D6: No | E6: LH16-50384 | F6: A10 | G6: N/A | H6: 42689 | I6: Laparoscopic converted to open total abdominal hysterectomy, bilateral salpingo-oophorectomy, infracolic omentectomy, pelvic lymphadenectomy, para-aortic lymphadenectomy, right hemicolectomy, ureterolysis | J6: Uterine corpus | K6: N/A | L6: N/A | M6: N/A | N6: N/A | O6: N/A | P6: N/A | Q6: N/A | R6: N/A | S6: N/A | T6: N/A | U6: N/A | V6: N/A | W6: N/A | X6: N/A | Y6: N/A | Z6: N/A | AA6: N/A | AB6: F | AC6: 25307 | AD6: 42650 | AE6: =DATEDIF(AC6, AD6,"Y") -> 47 | AF6: Endometrioid carcinoma | AG6: Specimen | AH6: Yes | AI6: 2 | AJ6: 0 | AK6: NR | AL6: 0 | AM6: T2N0M0 | AN6: 2 | AO6: N/A
A7: 4861674565 | B7: No | C7: Treatment naïve | D7: No | E7: LH17-23872 | F7: 17 | G7: 11 | H7: 42893 | I7: Total Laparoscopic Hysterectomy; Bilateral Salpingo-oophorectomy; Peritoneal Washings. | J7: Uterine isthmus and parametrium | K7: N/A | L7: N/A | M7: N/A | N7: N/A | O7: N/A | P7: N/A | Q7: N/A | R7: N/A | S7: N/A | T7: N/A | U7: N/A | V7: N/A | W7: N/A | X7: N/A | Y7: N/A | Z7: N/A | AA7: N/A | AB7: F | AC7: 21638 | AD7: 42835 | AE7: =DATEDIF(AC7, AD7,"Y") -> 58 | AF7: Endometrioid adenocarcinoma | AG7: Specimen | AH7: Yes | AI7: 2 | AJ7: NR | AK7: NR | AL7: 0 | AM7: T2N0M0 | AN7: 1 | AO7: N/A
A8: 7047516980 | B8: No | C8: Treatment naïve | D8: No | E8: LH18-57568 | F8: A13 | G8: A14 | H8: 43462 | I8: Total robotic Hysterectomy and bilateral salpingo-oophorectomy and pelvic lymphadenectomy | J8: Uterine corpus (Right cornua, Right lateral wall with tumour) | K8: N/A | L8: N/A | M8: N/A | N8: N/A | O8: N/A | P8: N/A | Q8: N/A | R8: N/A | S8: N/A | T8: N/A | U8: N/A | V8: N/A | W8: N/A | X8: N/A | Y8: N/A | Z8: N/A | AA8: N/A | AB8: F | AC8: 24938 | AD8: 43444 | AE8: =DATEDIF(AC8, AD8,"Y") -> 50 | AF8: Endometrioid carcinoma | AG8: Specimen | AH8: Yes | AI8: 1A | AJ8: 0 | AK8: NR | AL8: 0 | AM8: T1AN0M0 | AN8: 2 | AO8: N/A | JU8: =IFERROR((YEARFRAC($AD8,$AT8)*12),"N/A") -> 1427.3333 | JV8: =IFERROR((YEARFRAC($AD8,$AU8)*12),"N/A") -> 1427.3333 | JW8: =IFERROR((YEARFRAC($AD8,$AY8)*12),"N/A") -> 1427.3333 | JX8: =IFERROR((YEARFRAC($AD8,$AZ8)*12),"N/A") -> 1427.3333 | JY8: =IFERROR((YEARFRAC($AD8,$BD8)*12),"N/A") -> 1427.3333 | JZ8: =IFERROR((YEARFRAC($AD8,$BE8)*12),"N/A") -> 1427.3333 | KA8: =IFERROR((YEARFRAC($AD8,$BI8)*12),"N/A") -> 1427.3333 | KB8: =IFERROR((YEARFRAC($AD8,$BJ8)*12),"N/A") -> 1427.3333 | KC8: =IFERROR((YEARFRAC($AD8,$BN8)*12),"N/A") -> 1427.3333 | KD8: =IFERROR((YEARFRAC($AD8,$BO8)*12),"N/A") -> 1427.3333 | KE8: =IFERROR((YEARFRAC($AD8,$BS8)*12),"N/A") -> 1427.3333 | KF8: =IFERROR((YEARFRAC($AD8,$BT8)*12),"N/A") -> 1427.3333 | KG8: =IFERROR((YEARFRAC($AD8,$BX8)*12),"N/A") -> 1427.3333 | KH8: =IFERROR((YEARFRAC($AD8,$BY8)*12),"N/A") -> 1427.3333 | KI8: =IFERROR((YEARFRAC($AD8,$CC8)*12),"N/A") -> 1427.3333 | KJ8: =IFERROR((YEARFRAC($AD8,$CD8)*12),"N/A") -> 1427.3333 | KK8: =IFERROR((YEARFRAC($AD8,$CH8)*12),"N/A") -> 1427.3333 | KL8: =IFERROR((YEARFRAC($AD8,$CI8)*12),"N/A") -> 1427.3333 | KM8: =IFERROR((YEARFRAC($AD8,$CM8)*12),"N/A") -> 1427.3333 | KN8: =IFERROR((YEARFRAC($AD8,$CN8)*12),"N/A") -> 1427.3333 | KO8: =IFERROR((YEARFRAC($AD8,$H8)*12),"N/A") -> 0.6 | KP8: =IFERROR((YEARFRAC($AD8,$K8)*12),"N/A") -> N/A | KQ8: =IFERROR((YEARFRAC($AD8,$P8)*12),"N/A") -> N/A | KR8: =IFERROR((YEARFRAC($AD8,$U8)*12),"N/A") -> N/A | KS8: =IFERROR((YEARFRAC($AD8,$Z8)*12),"N/A") -> N/A | KT8: =IFERROR((YEARFRAC($AD8,$CR8)*12),"N/A") -> 1427.3333 | KU8: =IFERROR((YEARFRAC($AD8,$CS8)*12),"N/A") -> 1427.3333 | KV8: =IFERROR((YEARFRAC($AD8,$CW8)*12),"N/A") -> 1427.3333 | KW8: =IFERROR((YEARFRAC($AD8,$CX8)*12),"N/A") -> 1427.3333 | KX8: =IFERROR((YEARFRAC($AD8,$DB8)*12),"N/A") -> 1427.3333 | KY8: =IFERROR((YEARFRAC($AD8,$DC8)*12),"N/A") -> 1427.3333 | KZ8: =IFERROR((YEARFRAC($AD8,$DG8)*12),"N/A") -> 1427.3333 | LA8: =IFERROR((YEARFRAC($AD8,$DH8)*12),"N/A") -> 1427.3333 | LB8: =IFERROR((YEARFRAC($AD8,$DL8)*12),"N/A") -> 1427.3333 | LC8: =IFERROR((YEARFRAC($AD8,$DM8)*12),"N/A") -> 1427.3333 | LD8: =IFERROR((YEARFRAC($AD8,$DQ8)*12),"N/A") -> 1427.3333 | LE8: =IFERROR((YEARFRAC($AD8,$DR8)*12),"N/A") -> 1427.3333 | LF8: =IFERROR((YEARFRAC($AD8,$DV8)*12),"N/A") -> 1427.3333 | LG8: =IFERROR((YEARFRAC($AD8,$DW8)*12),"N/A") -> 1427.3333 | LH8: =IFERROR((YEARFRAC($AD8,$EA8)*12),"N/A") -> 1427.3333 | LI8: =IFERROR((YEARFRAC($AD8,$EB8)*12),"N/A") -> 1427.3333 | LJ8: =IFERROR((YEARFRAC($AD8,$EF8)*12),"N/A") -> 1427.3333 | LK8: =IFERROR((YEARFRAC($AD8,$EG8)*12),"N/A") -> 1427.3333 | LL8: =IFERROR((YEARFRAC($AD8,$EK8)*12),"N/A") -> 1427.3333 | LM8: =IFERROR((YEARFRAC($AD8,$EL8)*12),"N/A") -> 1427.3333 | LN8: =IFERROR((YEARFRAC($AD8,$EP8)*12),"N/A") -> 1427.3333 | LO8: =IFERROR((YEARFRAC($AD8,$EQ8)*12),"N/A") -> 1427.3333 | LP8: =IFERROR((YEARFRAC($AD8,$EU8)*12),"N/A") -> 1427.3333 | LQ8: =IFERROR((YEARFRAC($AD8,$EV8)*12),"N/A") -> 1427.3333 | LR8: =IFERROR((YEARFRAC($AD8,$EZ8)*12),"N/A") -> 1427.3333 | LS8: =IFERROR((YEARFRAC($AD8,$FA8)*12),"N/A") -> 1427.3333 | LT8: =IFERROR((YEARFRAC($AD8,$EE8)*12),"N/A") -> 1427.3333 | LU8: =IFERROR((YEARFRAC($AD8,$EF8)*12),"N/A") -> 1427.3333 | LV8: =IFERROR((YEARFRAC($AD8,$FJ8)*12),"N/A") -> 1427.3333 | LW8: =IFERROR((YEARFRAC($AD8,$FK8)*12),"N/A") -> 1427.3333 | LX8: =IFERROR((YEARFRAC($AD8,$FL8)*12),"N/A") -> 1427.3333 | LY8: =IFERROR((YEARFRAC($AD8,$FN8)*12),"N/A") -> 1427.3333 | LZ8: =IFERROR((YEARFRAC($AD8,$FP8)*12),"N/A") -> 1427.3333 | MA8: =IFERROR((YEARFRAC($AD8,$FR8)*12),"N/A") -> 1427.3333 | MB8: =IFERROR((YEARFRAC($AD8,$FT8)*12),"N/A") -> 1427.3333 | MC8: =IFERROR((YEARFRAC($AD8,$FV8)*12),"N/A") -> 1427.3333 | MD8: =IFERROR((YEARFRAC($AD8,$FX8)*12),"N/A") -> 1427.3333 | ME8: =IFERROR((YEARFRAC($AD8,$FZ8)*12),"N/A") -> 1427.3333 | MF8: =IFERROR((YEARFRAC($AD8,$GB8)*12),"N/A") -> 1427.3333 | MG8: =IFERROR((YEARFRAC($AD8,$GD8)*12),"N/A") -> 1427.3333 | MH8: =IFERROR((YEARFRAC($AD8,$GF8)*12),"N/A") -> 1427.3333 | MI8: =IFERROR((YEARFRAC($AD8,$GH8)*12),"N/A") -> 1427.3333 | MJ8: =IFERROR((YEARFRAC($AD8,$GJ8)*12),"N/A") -> 1427.3333 | MK8: =IFERROR((YEARFRAC($AD8,$GL8)*12),"N/A") -> 1427.3333 | ML8: =IFERROR((YEARFRAC($AD8,$GN8)*12),"N/A") -> 1427.3333 | MM8: =IFERROR((YEARFRAC($AD8,$GR8)*12),"N/A") -> 1427.3333 | MN8: =IFERROR((YEARFRAC($AD8,$GS8)*12),"N/A") -> 1427.3333 | MO8: =IFERROR((YEARFRAC($AD8,$GW8)*12),"N/A") -> 1427.3333 | MP8: =IFERROR((YEARFRAC($AD8,$GX8)*12),"N/A") -> 1427.3333 | MQ8: =IFERROR((YEARFRAC($AD8,$HB8)*12),"N/A") -> 1427.3333 | MR8: =IFERROR((YEARFRAC($AD8,$HC8)*12),"N/A") -> 1427.3333 | MS8: =IFERROR((YEARFRAC($AD8,$HG8)*12),"N/A") -> 1427.3333 | MT8: =IFERROR((YEARFRAC($AD8,$HH8)*12),"N/A") -> 1427.3333 | MU8: =IFERROR((YEARFRAC($AD8,$HL8)*12),"N/A") -> 1427.3333 | MV8: =IFERROR((YEARFRAC($AD8,$HM8)*12),"N/A") -> 1427.3333 | MW8: =IFERROR((YEARFRAC($AD8,$HQ8)*12),"N/A") -> 1427.3333 | MX8: =IFERROR((YEARFRAC($AD8,$HR8)*12),"N/A") -> 1427.3333 | MY8: =IFERROR((YEARFRAC($AD8,$HV8)*12),"N/A") -> 1427.3333 | MZ8: =IFERROR((YEARFRAC($AD8,$HW8)*12),"N/A") -> 1427.3333 | NA8: =IFERROR((YEARFRAC($AD8,$IA8)*12),"N/A") -> 1427.3333 | NB8: =IFERROR((YEARFRAC($AD8,$IB8)*12),"N/A") -> 1427.3333 | NC8: =IFERROR((YEARFRAC($AD8,$IF8)*12),"N/A") -> 1427.3333 | ND8: =IFERROR((YEARFRAC($AD8,$IG8)*12),"N/A") -> 1427.3333 | NE8: =IFERROR((YEARFRAC($AD8,$IK8)*12),"N/A") -> 1427.3333 | NF8: =IFERROR((YEARFRAC($AD8,$IL8)*12),"N/A") -> 1427.3333 | NG8: =IFERROR((YEARFRAC($AD8,$IP8)*12),"N/A") -> 1427.3333 | NH8: =IFERROR((YEARFRAC($AD8,$IQ8)*12),"N/A") -> 1427.3333 | NI8: =IFERROR((YEARFRAC($AD8,$IU8)*12),"N/A") -> 1427.3333 | NJ8: =IFERROR((YEARFRAC($AD8,$IV8)*12),"N/A") -> 1427.3333 | NK8: =IFERROR((YEARFRAC($AD8,$IZ8)*12),"N/A") -> 1427.3333 | NL8: =IFERROR((YEARFRAC($AD8,$JA8)*12),"N/A") -> 1427.3333 | NM8: =IFERROR((YEARFRAC($AD8,$JE8)*12),"N/A") -> 1427.3333 | NN8: =IFERROR((YEARFRAC($AD8,$JF8)*12),"N/A") -> 1427.3333 | NO8: =IFERROR((YEARFRAC($AD8,$JJ8)*12),"N/A") -> 1427.3333 | NP8: =IFERROR((YEARFRAC($AD8,$JK8)*12),"N/A") -> 1427.3333 | NQ8: =$LX8 -> 1427.3333 | NR8: =IFERROR((YEARFRAC($AD8,$JN8)*12),"N/A") -> 1427.3333 | NS8: =IFERROR((YEARFRAC($AD8,$JQ8)*12),"N/A") -> 1427.3333 | NT8: =IFERROR((YEARFRAC($AD8,$JR8)*12),"N/A") -> 1427.3333 | NU8: =SUM($NR8,$NT8) -> 2854.6667 | NV8: {=INDEX($NQ8:$NS8,MATCH(TRUE,INDEX(ISNUMBER($NQ8:$NS8),0),0))} -> 1427.3333 | NW8: =IF($NQ8="N/A",0,1) -> 1 | NX8: =IF($JO8="Yes",1,0) -> 0 | NY8: =IF($NR8="N/A",0,1) -> 1 | NZ8: =IF(OR($NW8=1,$NX8=1),"1","0") -> 1
A9: 4185839723 | B9: No | C9: Treatment naïve | D9: No | E9: LH19-00842 | F9: A5 | G9: N/A | H9: 43472 | I9: Laparotomy with total abdominal hysterectomy, bilateral salpingo-oophorectomy, supracolic omentectomy, bilateral pelvic and para-aortic lymph node sampling, excision of left groin node and excision of vaginal nodule with adhesiolysis | J9: Uterine corpus | K9: N/A | L9: N/A | M9: LH19-00842 | N9: B1 | O9: Omental fat | P9: 43472 | Q9: Treatment naïve | R9: N/A | S9: N/A | T9: N/A | U9: N/A | V9: N/A | W9: N/A | X9: N/A | Y9: N/A | Z9: N/A | AA9: N/A | AB9: F | AC9: 24400 | AD9: 43452 | AE9: =DATEDIF(AC9, AD9,"Y") -> 52 | AF9: Endometrioid adenocarcinoma | AG9: Specimen | AH9: No | AI9: NR | AJ9: 2 | AK9: NR | AL9: 1 | AM9: N/A | AN9: 2 | AO9: N/A
A10: 4862144853 | B10: No | C10: Treatment naïve | D10: No | E10: LH19-16201 | F10: A16 | G10: A14 | H10: 43566 | I10: Total abdominal hysterectomy and bilateral salpingo-oophorectomy | J10: Uterine corpus (Right cornua), parametrium | K10: N/A | L10: N/A | M10: N/A | N10: N/A | O10: N/A | P10: N/A | Q10: N/A | R10: N/A | S10: N/A | T10: N/A | U10: N/A | V10: N/A | W10: N/A | X10: N/A | Y10: N/A | Z10: N/A | AA10: N/A | AB10: F | AC10: 23517 | AD10: 43535 | AE10: =DATEDIF(AC10, AD10,"Y") -> 54 | AF10: Endometrioid carcinoma | AG10: Specimen | AH10: Yes | AI10: 1A | AJ10: NR | AK10: NR | AL10: 0 | AM10: T1AN0M0 | AN10: 1 | AO10: N/A
A11: 6244603990 | B11: No | C11: Treatment naïve | D11: No | E11: LH19-44272 | F11: A15 | G11: A10 | H11: 43749 | I11: Total laparoscopic hysterectomy, bilateral salpingo-oophorectomy and bilateral pelvic lymphadenectomy | J11: Uterine corpus | K11: N/A | L11: N/A | M11: N/A | N11: N/A | O11: N/A | P11: NA | Q11: N/A | R11: N/A | S11: N/A | T11: N/A | U11: N/A | V11: N/A | W11: N/A | X11: N/A | Y11: N/A | Z11: N/A | AA11: N/A | AB11: F | AC11: 21810 | AD11: 43718 | AE11: =DATEDIF(AC11, AD11,"Y") -> 59 | AF11: Endometrioid adenocarcinoma | AG11: Specimen | AH11: Yes | AI11: 1B | AJ11: 0 | AK11: NR | AL11: 0 | AM11: T1BN0M0 | AN11: 2 | AO11: N/A
A12: 4646766140 | B12: No | C12: Treatment naïve | D12: No | E12: LH19-46994 | F12: A17 | G12: A15 | H12: 43767 | I12: Total laparoscopic hysterectomy + bilateral salpingo-oophorectomy | J12: Uterine corpus | K12: N/A | L12: N/A | M12: N/A | N12: N/A | O12: N/A | P12: N/A | Q12: N/A | R12: N/A | S12: N/A | T12: N/A | U12: N/A | V12: N/A | W12: N/A | X12: N/A | Y12: N/A | Z12: N/A | AA12: N/A | AB12: F | AC12: 14110 | AD12: 43719 | AE12: =DATEDIF(AC12, AD12,"Y") -> 81 | AF12: Endometrioid adenocarcinoma | AG12: Specimen | AH12: Yes | AI12: 1B | AJ12: NR | AK12: NR | AL12: 0 | AM12: T1AN0M0 | AN12: 1 | AO12: N/A
A13: 6240724270 | B13: No | C13: Treatment naïve | D13: No | E13: LH19-48726 | F13: A11 | G13: A7 | H13: 43776 | I13: Total Laparoscopic Hysterectomy+BSO | J13: Uterine corpus | K13: N/A | L13: N/A | M13: N/A | N13: N/A | O13: N/A | P13: N/A | Q13: N/A | R13: N/A | S13: N/A | T13: N/A | U13: N/A | V13: N/A | W13: N/A | X13: N/A | Y13: N/A | Z13: N/A | AA13: N/A | AB13: F | AC13: 17778 | AD13: 43725 | AE13: =DATEDIF(AC13, AD13,"Y") -> 71 | AF13: Endometrioid adenocarcinoma | AG13: Specimen | AH13: Yes | AI13: 1A | AJ13: NR | AK13: NR | AL13: 0 | AM13: T1AN0M0 | AN13: 1 | AO13: N/A
A14: 4387713127 | B14: No | C14: Treatment naïve | D14: No | E14: LH19-51493 | F14: A5 | G14: N/A | H14: 43794 | I14: Laparotomy with total abdominal hysterectomy, bilateral salpingo-oophorectomy, infracolic omentectomy, bilateral pelvic lymphadenectomy and excision of tumour from sigmoid mesentery. | J14: Uterine corpus | K14: N/A | L14: N/A | M14: LH19-51493 | N14: C5 | O14: Right pelvic node | P14: 43794 | Q14: Treatment naïve | R14: N/A | S14: N/A | T14: N/A | U14: N/A | V14: N/A | W14: N/A | X14: N/A | Y14: N/A | Z14: N/A | AA14: N/A | AB14: F | AC14: 16605 | AD14: 43738 | AE14: =DATEDIF(AC14, AD14,"Y") -> 74 | AF14: Endometrioid adenocarcinoma | AG14: Specimen | AH14: No | AI14: NR | AJ14: 1 | AK14: NR | AL14: 0 | AM14: N/A | AN14: 3 | AO14: N/A
A15: 4581912849 | B15: No | C15: Treatment naïve | D15: No | E15: LH19-55773 | F15: A12 | G15: A15 | H15: 43818 | I15: TAH and BSO and pelvic and paraaortic lymphadenectomy and omentectomy and peritoneal biopsy and adhesiolysis | J15: Uterine corpus | K15: N/A | L15: N/A | M15: N/A | N15: N/A | O15: N/A | P15: N/A | Q15: N/A | R15: N/A | S15: N/A | T15: N/A | U15: N/A | V15: N/A | W15: N/A | X15: N/A | Y15: N/A | Z15: N/A | AA15: N/A | AB15: F | AC15: 19918 | AD15: 43755 | AE15: =DATEDIF(AC15, AD15,"Y") -> 65 | AF15: Endometrioid adenocarcinoma | AG15: Specimen | AH15: No | AI15: NR | AJ15: 1 | AK15: NR | AL15: 0 | AM15: N/A | AN15: 3 | AO15: N/A
A16: 4506203151 | B16: No | C16: Treatment naïve | D16: No | E16: LH19-55776 | F16: A11 | G16: A6 | H16: 43818 | I16: Total laparoscopic hysterectomy and bilateral salpingo-oophorectomy | J16: Uterine corpus | K16: N/A | L16: N/A | M16: N/A | N16: N/A | O16: N/A | P16: N/A | Q16: N/A | R16: N/A | S16: N/A | T16: N/A | U16: N/A | V16: N/A | W16: N/A | X16: N/A | Y16: N/A | Z16: N/A | AA16: N/A | AB16: F | AC16: 21684 | AD16: 43784 | AE16: =DATEDIF(AC16, AD16,"Y") -> 60 | AF16: Endometrioid adenocarcinoma | AG16: Specimen | AH16: Yes | AI16: 1B | AJ16: NR | AK16: NR | AL16: 0 | AM16: T1BN0M0 | AN16: 2 | AO16: N/A
A17: 6290449265 | B17: No | C17: Treatment naïve | D17: No | E17: LH20-02467 | F17: A9 | G17: A7 | H17: 43846 | I17: Total laparoscopic hysterectomy and bilateral salpingo-oophorectomy | J17: Uterine corpus | K17: N/A | L17: N/A | M17: N/A | N17: N/A | O17: N/A | P17: N/A | Q17: N/A | R17: N/A | S17: N/A | T17: N/A | U17: N/A | V17: N/A | W17: N/A | X17: N/A | Y17: N/A | Z17: N/A | AA17: N/A | AB17: F | AC17: 19941 | AD17: 43794 | AE17: =DATEDIF(AC17, AD17,"Y") -> 65 | AF17: Endometrioid adenocarcinoma | AG17: Specimen | AH17: Yes | AI17: 1A | AJ17: NR | AK17: NR | AL17: 0 | AM17: T1AN0M0 | AN17: 1 | AO17: N/A
A18: 4627804245 | B18: No | C18: Treatment naïve | D18: No | E18: LH20-04733 | F18: A10 | G18: A15 | H18: 43860 | I18: Laparotomy with total abdominal hysterectomy, bilateral salpingo-oophoretomy, peritoneal biopsies and omentectomy | J18: Uterine corpus | K18: N/A | L18: N/A | M18: N/A | N18: N/A | O18: N/A | P18: N/A | Q18: N/A | R18: N/A | S18: N/A | T18: N/A | U18: N/A | V18: N/A | W18: N/A | X18: N/A | Y18: N/A | Z18: N/A | AA18: N/A | AB18: F | AC18: 17300 | AD18: 43816 | AE18: =DATEDIF(AC18, AD18,"Y") -> 72 | AF18: Endometrioid adenocarcinoma | AG18: Specimen | AH18: Yes | AI18: 1B | AJ18: NR | AK18: see notes from clinical team | AL18: see notes from clinical team | AM18: T1BN0M0 | AN18: 3 | AO18: N/A | JS18: Synchronous metastatic pancreatic adenocarcinoma (stage T4N1M1) | JT18: endometrial cancer originally clinically staged as IVB but metastases found to be of pancreatic origin on pathological examination so restaged to IB
A19: 4861822068 | B19: No | C19: Treatment naïve | D19: No | E19: LH20-11489 | F19: A9 | G19: A11 | H19: 43902 | I19: TAH & BSO | J19: Uterine corpus | K19: N/A | L19: N/A | M19: N/A | N19: N/A | O19: N/A | P19: N/A | Q19: N/A | R19: N/A | S19: N/A | T19: N/A | U19: N/A | V19: N/A | W19: N/A | X19: N/A | Y19: N/A | Z19: N/A | AA19: N/A | AB19: F | AC19: 22370 | AD19: 43859 | AE19: =DATEDIF(AC19, AD19,"Y") -> 58 | AF19: Endometrioid carcinoma | AG19: Specimen | AH19: Yes | AI19: 1A | AJ19: NR | AK19: NR | AL19: 0 | AM19: T1AN0M0 | AN19: 1 | AO19: N/A
A20: 4506212630 | B20: No | C20: Treatment naïve | D20: No | E20: LH20-13233 | F20: A2 | G20: N/A | H20: 43917 | I20: TAH and Bso and omenctomy and pelvic and paraaortic lymphadenectomy and omentectomy | J20: Endomyometrium both walls | K20: N/A | L20: N/A | M20: N/A | N20: N/A | O20: N/A | P20: N/A | Q20: N/A | R20: N/A | S20: N/A | T20: N/A | U20: N/A | V20: N/A | W20: N/A | X20: N/A | Y20: N/A | Z20: N/A | AA20: N/A | AB20: F | AC20: 21821 | AD20: 43887 | AE20: =DATEDIF(AC20, AD20,"Y") -> 60 | AF20: Endometrioid adenocarcinoma | AG20: Specimen | AH20: NR | AI20: NR | AJ20: NR | AK20: NR | AL20: NR | AM20: N/A | AN20: 2 | AO20: N/A
A21: 4382089506 | B21: No | C21: Treatment naïve | D21: No | E21: LH20-13539 | F21: A18 | G21: A19 | H21: 43923 | I21: TAH, BSO, pelvic and paraaortic lymph node sampling, infracolic omentectomy | J21: Uterine corpus | K21: N/A | L21: N/A | M21: N/A | N21: N/A | O21: N/A | P21: N/A | Q21: N/A | R21: N/A | S21: N/A | T21: N/A | U21: N/A | V21: N/A | W21: N/A | X21: N/A | Y21: N/A | Z21: N/A | AA21: N/A | AB21: F | AC21: 16746 | AD21: 43859 | AE21: =DATEDIF(AC21, AD21,"Y") -> 74 | AF21: Endometrioid adenocarcinoma | AG21: Specimen | AH21: No | AI21: 2 | AJ21: 0 | AK21: NR | AL21: 0 | AM21: T2N0M0 | AN21: 3 | AO21: N/A
A22: 4343180220 | B22: No | C22: Treatment naïve | D22: No | E22: LH20-20367 | F22: A6 | G22: N/A | H22: 44027 | I22: Total laparoscopic hysterectomy and bilateral salpingo-oophorectomy | J22: Uterine corpus (lower uterine segment) | K22: N/A | L22: N/A | M22: N/A | N22: N/A | O22: N/A | P22: N/A | Q22: N/A | R22: N/A | S22: N/A | T22: N/A | U22: N/A | V22: N/A | W22: N/A | X22: N/A | Y22: N/A | Z22: N/A | AA22: N/A | AB22: F | AC22: 14397 | AD22: 43726 | AE22: =DATEDIF(AC22, AD22,"Y") -> 80 | AF22: Endometrioid adenocarcinoma | AG22: Specimen | AH22: Yes | AI22: 1A | AJ22: NR | AK22: NR | AL22: 0 | AM22: T1AN0M0 | AN22: 1 | AO22: N/A
A23: 4383575080 | B23: No | C23: Treatment naïve | D23: No | E23: LH20-21078 | F23: A11 | G23: A14 | H23: 44033 | I23: TRH, BSO + pelvic lymph node dissection, omental biopsy, adhesiolysis | J23: Parametrium, uterine corpus | K23: N/A | L23: N/A | M23: N/A | N23: N/A | O23: N/A | P23: N/A | Q23: N/A | R23: N/A | S23: N/A | T23: N/A | U23: N/A | V23: N/A | W23: N/A | X23: N/A | Y23: N/A | Z23: N/A | AA23: N/A | AB23: F | AC23: 15052 | AD23: 44025 | AE23: =DATEDIF(AC23, AD23,"Y") -> 79 | AF23: Endometrioid adenocarcinoma | AG23: Specimen | AH23: Yes | AI23: 2 | AJ23: 0 | AK23: NR | AL23: 0 | AM23: T2N0M0 | AN23: 3 | AO23: N/A
A24: 4483735616 | B24: No | C24: Treatment naïve | D24: No | E24: LH20-28234 | F24: A6 | G24: A7 | H24: 44099 | I24: Laparotomy, total abdominal hysterectomy, bilateral salpingo-oophorectomy, bilateral pelvic node dissection and infracolic omentectomy | J24: Uterine corpus | K24: N/A | L24: N/A | M24: N/A | N24: N/A | O24: N/A | P24: N/A | Q24: N/A | R24: N/A | S24: N/A | T24: N/A | U24: N/A | V24: N/A | W24: N/A | X24: N/A | Y24: N/A | Z24: N/A | AA24: N/A | AB24: F | AC24: 20704 | AD24: 44053 | AE24: =DATEDIF(AC24, AD24,"Y") -> 63 | AF24: Endometrioid adenocarcinoma | AG24: Specimen | AH24: Yes | AI24: 1A | AJ24: 0 | AK24: NR | AL24: 0 | AM24: T1AN0M0 | AN24: 3 | AO24: N/A
A25: 4822303500 | B25: No | C25: Treatment naïve | D25: No | E25: LH20-30563 | F25: A22 | G25: A20 | H25: 44117 | I25: Laparoscopy converted to open adhesiolysis, total abdominal hysterectomy, bilateral salpingo-oophorectomy, pelvic lymphadenectomy and omental biopsy | J25: Uterine corpus (Left cornua), Right parametrium | K25: N/A | L25: N/A | M25: N/A | N25: N/A | O25: N/A | P25: N/A | Q25: N/A | R25: N/A | S25: N/A | T25: N/A | U25: N/A | V25: N/A | W25: N/A | X25: N/A | Y25: N/A | Z25: N/A | AA25: N/A | AB25: F | AC25: 21755 | AD25: 44117 | AE25: =DATEDIF(AC25, AD25,"Y") -> 61 | AF25: Endometrioid adenocarcinoma | AG25: Specimen | AH25: Yes | AI25: 1A | AJ25: 0 | AK25: NR | AL25: 0 | AM25: T1AN0M0 | AN25: 1 | AO25: N/A
A26: 4387643676 | B26: No | C26: Treatment naïve | D26: No | E26: LH21-08017 | F26: A5 | G26: A6 | H26: 44260 | I26: Robotic hysterectomy, bilateral salpingo-oophorectomy and bilateral pelvic lymphadenectomy | J26: Uterine corpus | K26: N/A | L26: N/A | M26: N/A | N26: N/A | O26: N/A | P26: N/A | Q26: N/A | R26: N/A | S26: N/A | T26: N/A | U26: N/A | V26: N/A | W26: N/A | X26: N/A | Y26: N/A | Z26: N/A | AA26: N/A | AB26: F | AC26: 15518 | AD26: 44235 | AE26: =DATEDIF(AC26, AD26,"Y") -> 78 | AF26: Endometrioid adenocarcinoma | AG26: Specimen | AH26: No | AI26: 2 | AJ26: 0 | AK26: NR | AL26: 0 | AM26: T2N0M0 | AN26: 2 | AO26: N/A
A27: 4506130529 | B27: No | C27: Treatment naïve | D27: No | E27: LH21-08798 | F27: A7 | G27: A6 | H27: 44266 | I27: TAH & BSO | J27: Uterine corpus (Left cornua), Right parametrium | K27: N/A | L27: N/A | M27: N/A | N27: N/A | O27: N/A | P27: N/A | Q27: N/A | R27: N/A | S27: N/A | T27: N/A | U27: N/A | V27: N/A | W27: N/A | X27: N/A | Y27: N/A | Z27: N/A | AA27: N/A | AB27: F | AC27: 21336 | AD27: 44216 | AE27: =DATEDIF(AC27, AD27,"Y") -> 62 | AF27: Endometrioid adenocarcinoma | AG27: Specimen | AH27: Yes | AI27: 1B | AJ27: NR | AK27: NR | AL27: 0 | AM27: T1BN0M0 | AN27: 1 | AO27: N/A
A28: 4125818207 | B28: No | C28: Treatment naïve | D28: No | E28: LH21-09194 | F28: A7 | G28: A23 | H28: 44270 | I28: Total Laparoscopic Hysterectomy plus Bilateral Salpingo-ophorectomy | J28: Uterine corpus | K28: N/A | L28: N/A | M28: N/A | N28: N/A | O28: N/A | P28: N/A | Q28: N/A | R28: N/A | S28: N/A | T28: N/A | U28: N/A | V28: N/A | W28: N/A | X28: N/A | Y28: N/A | Z28: N/A | AA28: N/A | AB28: F | AC28: 23900 | AD28: 44210 | AE28: =DATEDIF(AC28, AD28,"Y") -> 55 | AF28: Endometrioid carcinoma | AG28: Specimen | AH28: Yes | AI28: 1A | AJ28: NR | AK28: NR | AL28: 0 | AM28: T1AN0M0 | AN28: 1 | AO28: N/A
A29: 4520207401 | B29: No | C29: Treatment naïve | D29: No | E29: LH21-21851 | F29: A10(L) | G29: A8(L) | H29: 44361 | I29: Laparotomy/Drainage of ascites/Extensive adhesiolysis/Total abdominal hysterectomy/Bilateral salpingo-oophorectomy/Pelvic and Para-aortic lymphadenectomy/Total omentectomy/Appendicectomy | J29: Uterine corpus | K29: N/A | L29: N/A | M29: N/A | N29: N/A | O29: N/A | P29: N/A | Q29: N/A | R29: N/A | S29: N/A | T29: N/A | U29: N/A | V29: N/A | W29: N/A | X29: N/A | Y29: N/A | Z29: N/A | AA29: N/A | AB29: F | AC29: 19422 | AD29: 44315 | AE29: =DATEDIF(AC29, AD29,"Y") -> 68 | AF29: Endometrioid carcinoma | AG29: Specimen | AH29: No | AI29: NR | AJ29: 1 | AK29: NR | AL29: 0 | AM29: N/A | AN29: 1 | AO29: N/A
A30: 4125915636 | B30: No | C30: Treatment naïve | D30: No | E30: LH21-24685 | F30: A14 | G30: A9 | H30: 44378 | I30: Total laparoscopic hysterectomy and R salpingo-oophorectomy | J30: Uterine corpus | K30: N/A | L30: N/A | M30: N/A | N30: N/A | O30: N/A | P30: N/A | Q30: N/A | R30: N/A | S30: N/A | T30: N/A | U30: N/A | V30: N/A | W30: N/A | X30: N/A | Y30: N/A | Z30: N/A | AA30: N/A | AB30: F | AC30: 24018 | AD30: 44341 | AE30: =DATEDIF(AC30, AD30,"Y") -> 55 | AF30: Endometrioid carcinoma | AG30: Specimen | AH30: Yes | AI30: 1A | AJ30: NR | AK30: NR | AL30: 0 | AM30: T1AN0M0 | AN30: 2 | AO30: N/A
A31: 4861893291 | B31: No | C31: Treatment naïve | D31: No | E31: LH21-28788 | F31: A12 | G31: A14 | H31: 44407 | I31: Laparotomy/Total abdominal hysterectomy/Bilateral salpingo-oophorectomy/Pelvic and Para-aortic lymphadenectomy/Omentectomy | J31: Right and left parametrium | K31: N/A | L31: N/A | M31: N/A | N31: N/A | O31: N/A | P31: N/A | Q31: N/A | R31: N/A | S31: N/A | T31: N/A | U31: N/A | V31: N/A | W31: N/A | X31: N/A | Y31: N/A | Z31: N/A | AA31: N/A | AB31: F | AC31: 22713 | AD31: 44341 | AE31: =DATEDIF(AC31, AD31,"Y") -> 59 | AF31: Endometrioid carcinoma | AG31: Specimen | AH31: Yes | AI31: 1B | AJ31: 0 | AK31: NR | AL31: 0 | AM31: T1BN0M0 | AN31: 1 | AO31: N/A
A32: 4849656994 | B32: No | C32: Treatment naïve | D32: No | E32: LH21-30451 | F32: A5 | G32: N/A | H32: 44420 | I32: TLH & BSO | J32: Uterine corpus (R cornua) | K32: N/A | L32: N/A | M32: N/A | N32: N/A | O32: N/A | P32: N/A | Q32: N/A | R32: N/A | S32: N/A | T32: N/A | U32: N/A | V32: N/A | W32: N/A | X32: N/A | Y32: N/A | Z32: N/A | AA32: N/A | AB32: F | AC32: 23034 | AD32: 44389 | AE32: =DATEDIF(AC32, AD32,"Y") -> 58 | AF32: Endometrioid adenocarcinoma | AG32: Specimen | AH32: Yes | AI32: 1A | AJ32: x | AK32: NR | AL32: 0 | AM32: T1AN0M0 | AN32: 2 | AO32: N/A
A33: 4123777023 | B33: No | C33: Treatment naïve | D33: No | E33: LH21-37118 | F33: A16 | G33: N/A | H33: 44473 | I33: Laparotomy/TAH/BSO/Omentectomy/Pelvic and para-aortic lymph node sampling/peritoneal washings | J33: Uterine corpus | K33: N/A | L33: N/A | M33: N/A | N33: N/A | O33: N/A | P33: N/A | Q33: N/A | R33: N/A | S33: N/A | T33: N/A | U33: N/A | V33: N/A | W33: N/A | X33: N/A | Y33: N/A | Z33: N/A | AA33: N/A | AB33: F | AC33: 24106 | AD33: 44392 | AE33: =DATEDIF(AC33, AD33,"Y") -> 55 | AF33: Endometrioid adenocarcinoma | AG33: Specimen | AH33: Yes | AI33: 1A | AJ33: 0 | AK33: NR | AL33: 0 | AM33: T1AN0M0 | AN33: 2 | AO33: N/A
A34: 4148131860 | B34: No | C34: Treatment naïve | D34: No | E34: LH21-38962 | F34: A22 | G34: A2 | H34: 44484 | I34: TRH and BSO and Pelvic lymphdenectomy and omental biopsy | J34: Endometrium, Cervix | K34: N/A | L34: N/A | M34: N/A | N34: N/A | O34: N/A | P34: N/A | Q34: N/A | R34: N/A | S34: N/A | T34: N/A | U34: N/A | V34: N/A | W34: N/A | X34: N/A | Y34: N/A | Z34: N/A | AA34: N/A | AB34: F | AC34: 24245 | AD34: 44445 | AE34: =DATEDIF(AC34, AD34,"Y") -> 55 | AF34: Endometrioid carcinoma | AG34: Specimen | AH34: Yes | AI34: 3B | AJ34: 0 | AK34: NR | AL34: 0 | AM34: T3BN0M0 | AN34: 2 | AO34: N/A
A35: 4505214214 | B35: No | C35: Treatment naïve | D35: No | E35: LH22-04761 | F35: A5 | G35: A4 | H35: 44596 | I35: Total robotic hysterectomy and bilateral salpingo-oophorecomy | J35: Uterine corpus | K35: N/A | L35: N/A | M35: N/A | N35: N/A | O35: N/A | P35: N/A | Q35: N/A | R35: N/A | S35: N/A | T35: N/A | U35: N/A | V35: N/A | W35: N/A | X35: N/A | Y35: N/A | Z35: N/A | AA35: N/A | AB35: F | AC35: 20798 | AD35: 44503 | AE35: =DATEDIF(AC35, AD35,"Y") -> 64 | AF35: Endometrioid adenocarcinoma | AG35: Specimen | AH35: Yes | AI35: 1B | AJ35: NR | AK35: NR | AL35: 0 | AM35: T1BN0M0 | AN35: 2 | AO35: N/A
A36: 4382309336 | B36: No | C36: Treatment naïve | D36: No | E36: LH22-06036 | F36: A9 | G36: A7 | H36: 44606 | I36: Total laparoscopic hysterectomy and bilateral salpingo-oophorectomy | J36: Uterine corpus | K36: N/A | L36: N/A | M36: N/A | N36: N/A | O36: N/A | P36: N/A | Q36: N/A | R36: N/A | S36: N/A | T36: N/A | U36: N/A | V36: N/A | W36: N/A | X36: N/A | Y36: N/A | Z36: N/A | AA36: N/A | AB36: F | AC36: 16742 | AD36: 44552 | AE36: =DATEDIF(AC36, AD36,"Y") -> 76 | AF36: Endometrioid adenocarcinoma | AG36: Specimen | AH36: Yes | AI36: 1B | AJ36: NR | AK36: NR | AL36: 0 | AM36: T1BN0M0 | AN36: 1 | AO36: N/A
A37: 4086878011 | B37: No | C37: Treatment naïve | D37: No | E37: LH22-11424 | F37: A15 | G37: A14 | H37: 44642 | I37: Total laparoscopic hysterectomy + bilateral salpingo-oophorectomy | J37: Uterine corpus | K37: N/A | L37: N/A | M37: N/A | N37: N/A | O37: N/A | P37: N/A | Q37: N/A | R37: N/A | S37: N/A | T37: N/A | U37: N/A | V37: N/A | W37: N/A | X37: N/A | Y37: N/A | Z37: N/A | AA37: N/A | AB37: F | AC37: 24778 | AD37: 44606 | AE37: =DATEDIF(AC37, AD37,"Y") -> 54 | AF37: Endometrioid adenocarcinoma | AG37: Specimen | AH37: Yes | AI37: 1A | AJ37: NR | AK37: NR | AL37: 0 | AM37: T1AN0M0 | AN37: 3 | AO37: N/A
A38: 4423225735 | B38: No | C38: Treatment naïve | D38: No | E38: LH22-13562 | F38: A11 | G38: N/A | H38: 44656 | I38: Total abdominal hysterectomy, bilateral salpingo-oophorectomy, washings, omentectomy and removal of peritoneal nodules | J38: Uterine corpus | K38: N/A | L38: N/A | M38: LH22-13562 | N38: C1 | O38: Left paracolic gutter peritoneum | P38: 44656 | Q38: Treatment naïve | R38: N/A | S38: N/A | T38: N/A | U38: N/A | V38: N/A | W38: N/A | X38: N/A | Y38: N/A | Z38: N/A | AA38: N/A | AB38: F | AC38: 18725 | AD38: 44595 | AE38: =DATEDIF(AC38, AD38,"Y") -> 70 | AF38: Endometrioid adenocarcinoma | AG38: Specimen | AH38: Yes | AI38: NR | AJ38: NR | AK38: 1 (peritoneal metastases) | AL38: 1 | AM38: N/A | AN38: 1 | AO38: N/A
A39: 6047820638 | B39: No | C39: Treatment naïve | D39: No | E39: LH22-14651 | F39: A5 | G39: A6 | H39: 44663 | I39: Total laparoscopic hysterectomy and bilateral salpingo-oophorectomy | J39: Uterine corpus | K39: N/A | L39: N/A | M39: N/A | N39: N/A | O39: N/A | P39: N/A | Q39: Treatment naïve | R39: N/A | S39: N/A | T39: N/A | U39: N/A | V39: N/A | W39: N/A | X39: N/A | Y39: N/A | Z39: N/A | AA39: N/A | AB39: F | AC39: 17675 | AD39: 44609 | AE39: =DATEDIF(AC39, AD39,"Y") -> 73 | AF39: Endometrioid adenocarcinoma | AG39: Specimen | AH39: No | AI39: 1B | AJ39: NR | AK39: NR | AL39: 0 | AM39: T1BN0M0 | AN39: 2 | AO39: N/A
A40: 4382148243 | B40: No | C40: Treatment naïve | D40: No | E40: LH22-23825 | F40: A9 | G40: N/A | H40: 44726 | I40: Total laparoscopic hysterectomy and bilateral salpingo-oophorectomy | J40: Uterine corpus | K40: N/A | L40: N/A | M40: N/A | N40: N/A | O40: N/A | P40: N/A | Q40: Treatment naïve | R40: N/A | S40: N/A | T40: N/A | U40: N/A | V40: N/A | W40: N/A | X40: N/A | Y40: N/A | Z40: N/A | AA40: N/A | AB40: F | AC40: 17259 | AD40: 44726 | AE40: =DATEDIF(AC40, AD40,"Y") -> 75 | AF40: Endometrioid adenocarcinoma | AG40: Specimen | AH40: Yes | AI40: 2 | AJ40: NR | AK40: NR | AL40: 0 | AM40: T2N0M0 | AN40: 1 | AO40: N/A
A41: 4300610517 | B41: No | C41: Treatment naïve | D41: No | E41: LH22-33269 | F41: A6(L) | G41: N/A | H41: 44784 | I41: Total laparoscopic hysterectomy and bilateral salpingo-oophorectomy | J41: Uterine corpus | K41: N/A | L41: N/A | M41: N/A | N41: N/A | O41: N/A | P41: N/A | Q41: Treatment naïve | R41: N/A | S41: N/A | T41: N/A | U41: N/A | V41: N/A | W41: N/A | X41: N/A | Y41: N/A | Z41: N/A | AA41: N/A | AB41: F | AC41: 14508 | AD41: 44697 | AE41: =DATEDIF(AC41, AD41,"Y") -> 82 | AF41: Endometrioid adenocarcinoma | AG41: Specimen | AH41: Yes | AI41: 1A | AJ41: NR | AK41: NR | AL41: 0 | AM41: T1AN0M0 | AN41: 1 | AO41: N/A
A42: 7132378651 | B42: No | C42: Treatment naïve | D42: No | E42: LH22-36561 | F42: A13 | G42: A12 | H42: 44806 | I42: Total Robotic Hysterectomy/Bilateral Salpingo-oophorectomy | J42: Uterine corpus | K42: N/A | L42: N/A | M42: N/A | N42: N/A | O42: N/A | P42: N/A | Q42: Treatment naïve | R42: N/A | S42: N/A | T42: N/A | U42: N/A | V42: N/A | W42: N/A | X42: N/A | Y42: N/A | Z42: N/A | AA42: N/A | AB42: F | AC42: 29091 | AD42: 44728 | AE42: =DATEDIF(AC42, AD42,"Y") -> 42 | AF42: Endometrioid carcinoma | AG42: Specimen | AH42: Yes | AI42: 1A | AJ42: NR | AK42: NR | AL42: 0 | AM42: T1AN0M0 | AN42: 1 | AO42: N/A
A43: 4087617025 | B43: No | C43: Treatment naïve | D43: No | E43: LH22-46291 | F43: A7 | G43: A5 | H43: 44868 | I43: Total Laparoscopic Hysterectomy; Bilateral Salpingo-oophorectomy; Bilateral Sentinel and bilateral pelvic node sampling; Peritoneal Washings. | J43: Cervix | K43: N/A | L43: N/A | M43: N/A | N43: N/A | O43: N/A | P43: N/A | Q43: Treatment naïve | R43: N/A | S43: N/A | T43: N/A | U43: N/A | V43: N/A | W43: N/A | X43: N/A | Y43: N/A | Z43: N/A | AA43: N/A | AB43: F | AC43: 24174 | AD43: 44803 | AE43: =DATEDIF(AC43, AD43,"Y") -> 56 | AF43: Endometrioid adenocarcinoma | AG43: Specimen | AH43: No | AI43: 2 | AJ43: 0 | AK43: NR | AL43: 0 | AM43: T2N0M0 | AN43: 1 | AO43: N/A
A44: 4861701031 | B44: No | C44: Treatment naïve | D44: No | E44: LH22-48130 | F44: A7 | G44: A9 | H44: 44880 | I44: Staging laparotomy: TAH BSO pelvic and para-aortic lymphadenectomy and omentectomy plus washings. | J44: Uterine corpus | K44: N/A | L44: N/A | M44: N/A | N44: N/A | O44: N/A | P44: N/A | Q44: Treatment naïve | R44: N/A | S44: N/A | T44: N/A | U44: N/A | V44: N/A | W44: N/A | X44: N/A | Y44: N/A | Z44: N/A | AA44: N/A | AB44: F | AC44: 22119 | AD44: 44797 | AE44: =DATEDIF(AC44, AD44,"Y") -> 62 | AF44: Endometrioid adenocarcinoma | AG44: Specimen | AH44: No | AI44: 3A | AJ44: 0 | AK44: NR | AL44: 0 | AM44: T3AN0M0 | AN44: 2 | AO44: N/A
A45: 4381018575 | B45: No | C45: Treatment naïve | D45: No | E45: LH22-48610 | F45: A1 | G45: A3 | H45: 44882 | I45: TAH, BSO, pelvic LND, omentectomy, and washings for endometrial cancer. | J45: Cervix, Lower uterine segment | K45: N/A | L45: N/A | M45: N/A | N45: N/A | O45: N/A | P45: N/A | Q45: Treatment naïve | R45: N/A | S45: N/A | T45: N/A | U45: N/A | V45: N/A | W45: N/A | X45: N/A | Y45: N/A | Z45: N/A | AA45: N/A | AB45: F | AC45: 15274 | AD45: 44855 | AE45: =DATEDIF(AC45, AD45,"Y") -> 80 | AF45: Endometrioid carcinoma | AG45: Specimen | AH45: No | AI45: 2 | AJ45: 0 | AK45: NR | AL45: 0 | AM45: T2N0M0 | AN45: 3 | AO45: N/A

Sheet Deficient anonymized
A1: Donor ID | B1: Any Immunotherapy | C1: Specimen treatment subgrouping | D1: Specimen is a recurrence | E1: Selected specimen Anonymised ID | F1: Specimen Block number 1 | G1: Specimen Block number 2 | H1: Specimen surgery date | I1: Specimen surgery | J1: Specimen tumour site | K1: Primary Surgery date | L1: Primary tumour site | M1: Anonymized ID Matched met 1 | N1: Matched met 1 Block Number | O1: Matched met 1 Site | P1: Matched met 1 Surgery Date | Q1: Matched met 1 treatment subgrouping | R1: Anonymized ID Matched met 2 | S1: Matched met 2 Block Number | T1: Matched met 2 Site | U1: Matched met 2 Surgery Date | V1: Matched met 2 treatment subgrouping | W1: Anonymized ID Normal tissue | X1: Matched Normal tissue Block Number | Y1: Matched Normal tissue Site | Z1: Matched Normal tissue Surgery Date | AA1: Matched Normal treatment subgrouping | AB1: Gender | AC1: Date of DX | AD1: Age at Diagnosis | AE1: Specimen Histological Diagnosis | AF1: Staging/grading info provided for: | AG1: Resection margins clear | AH1: pT | AI1: pN | AJ1: pM | AK1: cM | AL1: TNM stage | AM1: Grade | AN1: Stage at DX (AJCC) | AO1: Comments from clinical team
A2: LDS0002817 | B2: No | C2: Treatment naïve | D2: No | E2: LH14-10711 | F2: 7 | G2: 8 | H2: =IFERROR("Q" &INT((MONTH('MMR deficient'!H4)+2)/3) & "-" & YEAR('MMR deficient'!H4),"N/A") -> Q1-2014 | I2: Total Laparoscopic Hysterectomy; Bilateral Salpingo-oophorectomy; Peritoneal Washings. | J2: Uterine corpus | K2: N/A | L2: N/A | M2: N/A | N2: N/A | O2: N/A | P2: =IFERROR("Q" &INT((MONTH('MMR deficient'!P4)+2)/3) & "-" & YEAR('MMR deficient'!P4),"N/A") -> N/A | Q2: N/A | R2: N/A | S2: N/A | T2: N/A | U2: N/A | V2: N/A | W2: N/A | X2: N/A | Y2: N/A | Z2: N/A | AA2: N/A | AB2: F | AC2: =IFERROR("Q" &INT((MONTH('MMR deficient'!AD4)+2)/3) & "-" & YEAR('MMR deficient'!AD4),"N/A") -> Q1-2014 | AD2: 86 | AE2: Endometrioid adenocarcinoma | AF2: Specimen | AG2: Yes | AH2: 1B | AI2: NR | AJ2: NR | AK2: 0 | AL2: T1BN0M0 | AM2: 3 | AN2: N/A | AO2: N/A
A3: LDS0002818 | B3: No | C3: Treatment naïve | D3: No | E3: LH15-23944 | F3: A9 | G3: A18 | H3: =IFERROR("Q" &INT((MONTH('MMR deficient'!H5)+2)/3) & "-" & YEAR('MMR deficient'!H5),"N/A") -> Q2-2015 | I3: Laparotomy, TAH,BSO,Omentectomy, pelvic para-aortic lymph node sampling, adhesiolysis | J3: Uterine corpus | K3: N/A | L3: N/A | M3: N/A | N3: N/A | O3: N/A | P3: =IFERROR("Q" &INT((MONTH('MMR deficient'!P5)+2)/3) & "-" & YEAR('MMR deficient'!P5),"N/A") -> N/A | Q3: N/A | R3: N/A | S3: N/A | T3: N/A | U3: N/A | V3: N/A | W3: N/A | X3: N/A | Y3: N/A | Z3: N/A | AA3: N/A | AB3: F | AC3: =IFERROR("Q" &INT((MONTH('MMR deficient'!AD5)+2)/3) & "-" & YEAR('MMR deficient'!AD5),"N/A") -> Q2-2015 | AD3: 72 | AE3: De-differentiated endometrioid adenocarcinoma plus grade 1 endometrioid adenocarcinoma | AF3: Specimen | AG3: No | AH3: NR | AI3: 2 | AJ3: NR | AK3: 0 | AL3: N/A | AM3: see histological diagnosis | AN3: N/A | AO3: N/A
A4: LDS0002819 | B4: No | C4: Treatment naïve | D4: No | E4: LH16-50384 | F4: A10 | G4: N/A | H4: =IFERROR("Q" &INT((MONTH('MMR deficient'!H6)+2)/3) & "-" & YEAR('MMR deficient'!H6),"N/A") -> Q4-2016 | I4: Laparoscopic converted to open total abdominal hysterectomy, bilateral salpingo-oophorectomy, infracolic omentectomy, pelvic lymphadenectomy, para-aortic lymphadenectomy, right hemicolectomy, ureterolysis | J4: Uterine corpus | K4: N/A | L4: N/A | M4: N/A | N4: N/A | O4: N/A | P4: =IFERROR("Q" &INT((MONTH('MMR deficient'!P6)+2)/3) & "-" & YEAR('MMR deficient'!P6),"N/A") -> N/A | Q4: N/A | R4: N/A | S4: N/A | T4: N/A | U4: N/A | V4: N/A | W4: N/A | X4: N/A | Y4: N/A | Z4: N/A | AA4: N/A | AB4: F | AC4: =IFERROR("Q" &INT((MONTH('MMR deficient'!AD6)+2)/3) & "-" & YEAR('MMR deficient'!AD6),"N/A") -> Q4-2016 | AD4: 47 | AE4: Endometrioid carcinoma | AF4: Specimen | AG4: Yes | AH4: 2 | AI4: 0 | AJ4: NR | AK4: 0 | AL4: T2N0M0 | AM4: 2 | AN4: N/A | AO4: N/A
A5: LDS0002820 | B5: No | C5: Treatment naïve | D5: No | E5: LH17-23872 | F5: 17 | G5: 11 | H5: =IFERROR("Q" &INT((MONTH('MMR deficient'!H7)+2)/3) & "-" & YEAR('MMR deficient'!H7),"N/A") -> Q2-2017 | I5: Total Laparoscopic Hysterectomy; Bilateral Salpingo-oophorectomy; Peritoneal Washings. | J5: Uterine isthmus and parametrium | K5: N/A | L5: N/A | M5: N/A | N5: N/A | O5: N/A | P5: =IFERROR("Q" &INT((MONTH('MMR deficient'!P7)+2)/3) & "-" & YEAR('MMR deficient'!P7),"N/A") -> N/A | Q5: N/A | R5: N/A | S5: N/A | T5: N/A | U5: N/A | V5: N/A | W5: N/A | X5: N/A | Y5: N/A | Z5: N/A | AA5: N/A | AB5: F | AC5: =IFERROR("Q" &INT((MONTH('MMR deficient'!AD7)+2)/3) & "-" & YEAR('MMR deficient'!AD7),"N/A") -> Q2-2017 | AD5: 58 | AE5: Endometrioid adenocarcinoma | AF5: Specimen | AG5: Yes | AH5: 2 | AI5: NR | AJ5: NR | AK5: 0 | AL5: T2N0M0 | AM5: 1 | AN5: N/A | AO5: N/A
A6: LDS0002821 | B6: No | C6: Treatment naïve | D6: No | E6: LH18-57568 | F6: A13 | G6: A14 | H6: =IFERROR("Q" &INT((MONTH('MMR deficient'!H8)+2)/3) & "-" & YEAR('MMR deficient'!H8),"N/A") -> Q4-2018 | I6: Total robotic Hysterectomy and bilateral salpingo-oophorectomy and pelvic lymphadenectomy | J6: Uterine corpus (Right cornua, Right lateral wall with tumour) | K6: N/A | L6: N/A | M6: N/A | N6: N/A | O6: N/A | P6: =IFERROR("Q" &INT((MONTH('MMR deficient'!P8)+2)/3) & "-" & YEAR('MMR deficient'!P8),"N/A") -> N/A | Q6: N/A | R6: N/A | S6: N/A | T6: N/A | U6: N/A | V6: N/A | W6: N/A | X6: N/A | Y6: N/A | Z6: N/A | AA6: N/A | AB6: F | AC6: =IFERROR("Q" &INT((MONTH('MMR deficient'!AD8)+2)/3) & "-" & YEAR('MMR deficient'!AD8),"N/A") -> Q4-2018 | AD6: 50 | AE6: Endometrioid carcinoma | AF6: Specimen | AG6: Yes | AH6: 1A | AI6: 0 | AJ6: NR | AK6: 0 | AL6: T1AN0M0 | AM6: 2 | AN6: N/A | AO6: N/A
A7: LDS0002822 | B7: No | C7: Treatment naïve | D7: No | E7: LH19-00842 | F7: A5 | G7: N/A | H7: =IFERROR("Q" &INT((MONTH('MMR deficient'!H9)+2)/3) & "-" & YEAR('MMR deficient'!H9),"N/A") -> Q1-2019 | I7: Laparotomy with total abdominal hysterectomy, bilateral salpingo-oophorectomy, supracolic omentectomy, bilateral pelvic and para-aortic lymph node sampling, excision of left groin node and excision of vaginal nodule with adhesiolysis | J7: Uterine corpus | K7: N/A | L7: N/A | M7: LH19-00842 | N7: B1 | O7: Omental fat | P7: =IFERROR("Q" &INT((MONTH('MMR deficient'!P9)+2)/3) & "-" & YEAR('MMR deficient'!P9),"N/A") -> Q1-2019 | Q7: Treatment naïve | R7: N/A | S7: N/A | T7: N/A | U7: N/A | V7: N/A | W7: N/A | X7: N/A | Y7: N/A | Z7: N/A | AA7: N/A | AB7: F | AC7: =IFERROR("Q" &INT((MONTH('MMR deficient'!AD9)+2)/3) & "-" & YEAR('MMR deficient'!AD9),"N/A") -> Q4-2018 | AD7: 52 | AE7: Endometrioid adenocarcinoma | AF7: Specimen | AG7: No | AH7: NR | AI7: 2 | AJ7: NR | AK7: 1 | AL7: N/A | AM7: 2 | AN7: N/A | AO7: N/A
A8: LDS0002823 | B8: No | C8: Treatment naïve | D8: No | E8: LH19-16201 | F8: A16 | G8: A14 | H8: =IFERROR("Q" &INT((MONTH('MMR deficient'!H10)+2)/3) & "-" & YEAR('MMR deficient'!H10),"N/A") -> Q2-2019 | I8: Total abdominal hysterectomy and bilateral salpingo-oophorectomy | J8: Uterine corpus (Right cornua), parametrium | K8: N/A | L8: N/A | M8: N/A | N8: N/A | O8: N/A | P8: =IFERROR("Q" &INT((MONTH('MMR deficient'!P10)+2)/3) & "-" & YEAR('MMR deficient'!P10),"N/A") -> N/A | Q8: N/A | R8: N/A | S8: N/A | T8: N/A | U8: N/A | V8: N/A | W8: N/A | X8: N/A | Y8: N/A | Z8: N/A | AA8: N/A | AB8: F | AC8: =IFERROR("Q" &INT((MONTH('MMR deficient'!AD10)+2)/3) & "-" & YEAR('MMR deficient'!AD10),"N/A") -> Q1-2019 | AD8: 54 | AE8: Endometrioid carcinoma | AF8: Specimen | AG8: Yes | AH8: 1A | AI8: NR | AJ8: NR | AK8: 0 | AL8: T1AN0M0 | AM8: 1 | AN8: N/A | AO8: N/A
A9: LDS0002824 | B9: No | C9: Treatment naïve | D9: No | E9: LH19-44272 | F9: A15 | G9: A10 | H9: =IFERROR("Q" &INT((MONTH('MMR deficient'!H11)+2)/3) & "-" & YEAR('MMR deficient'!H11),"N/A") -> Q4-2019 | I9: Total laparoscopic hysterectomy, bilateral salpingo-oophorectomy and bilateral pelvic lymphadenectomy | J9: Uterine corpus | K9: N/A | L9: N/A | M9: N/A | N9: N/A | O9: N/A | P9: =IFERROR("Q" &INT((MONTH('MMR deficient'!P11)+2)/3) & "-" & YEAR('MMR deficient'!P11),"N/A") -> N/A | Q9: N/A | R9: N/A | S9: N/A | T9: N/A | U9: N/A | V9: N/A | W9: N/A | X9: N/A | Y9: N/A | Z9: N/A | AA9: N/A | AB9: F | AC9: =IFERROR("Q" &INT((MONTH('MMR deficient'!AD11)+2)/3) & "-" & YEAR('MMR deficient'!AD11),"N/A") -> Q3-2019 | AD9: 59 | AE9: Endometrioid adenocarcinoma | AF9: Specimen | AG9: Yes | AH9: 1B | AI9: 0 | AJ9: NR | AK9: 0 | AL9: T1BN0M0 | AM9: 2 | AN9: N/A | AO9: N/A
A10: LDS0002825 | B10: No | C10: Treatment naïve | D10: No | E10: LH19-46994 | F10: A17 | G10: A15 | H10: =IFERROR("Q" &INT((MONTH('MMR deficient'!H12)+2)/3) & "-" & YEAR('MMR deficient'!H12),"N/A") -> Q4-2019 | I10: Total laparoscopic hysterectomy + bilateral salpingo-oophorectomy | J10: Uterine corpus | K10: N/A | L10: N/A | M10: N/A | N10: N/A | O10: N/A | P10: =IFERROR("Q" &INT((MONTH('MMR deficient'!P12)+2)/3) & "-" & YEAR('MMR deficient'!P12),"N/A") -> N/A | Q10: N/A | R10: N/A | S10: N/A | T10: N/A | U10: N/A | V10: N/A | W10: N/A | X10: N/A | Y10: N/A | Z10: N/A | AA10: N/A | AB10: F | AC10: =IFERROR("Q" &INT((MONTH('MMR deficient'!AD12)+2)/3) & "-" & YEAR('MMR deficient'!AD12),"N/A") -> Q3-2019 | AD10: 81 | AE10: Endometrioid adenocarcinoma | AF10: Specimen | AG10: Yes | AH10: 1B | AI10: NR | AJ10: NR | AK10: 0 | AL10: T1AN0M0 | AM10: 1 | AN10: N/A | AO10: N/A
A11: LDS0002826 | B11: No | C11: Treatment naïve | D11: No | E11: LH19-48726 | F11: A11 | G11: A7 | H11: =IFERROR("Q" &INT((MONTH('MMR deficient'!H13)+2)/3) & "-" & YEAR('MMR deficient'!H13),"N/A") -> Q4-2019 | I11: Total Laparoscopic Hysterectomy+BSO | J11: Uterine corpus | K11: N/A | L11: N/A | M11: N/A | N11: N/A | O11: N/A | P11: =IFERROR("Q" &INT((MONTH('MMR deficient'!P13)+2)/3) & "-" & YEAR('MMR deficient'!P13),"N/A") -> N/A | Q11: N/A | R11: N/A | S11: N/A | T11: N/A | U11: N/A | V11: N/A | W11: N/A | X11: N/A | Y11: N/A | Z11: N/A | AA11: N/A | AB11: F | AC11: =IFERROR("Q" &INT((MONTH('MMR deficient'!AD13)+2)/3) & "-" & YEAR('MMR deficient'!AD13),"N/A") -> Q3-2019 | AD11: 71 | AE11: Endometrioid adenocarcinoma | AF11: Specimen | AG11: Yes | AH11: 1A | AI11: NR | AJ11: NR | AK11: 0 | AL11: T1AN0M0 | AM11: 1 | AN11: N/A | AO11: N/A
A12: LDS0002827 | B12: No | C12: Treatment naïve | D12: No | E12: LH19-51493 | F12: A5 | G12: N/A | H12: =IFERROR("Q" &INT((MONTH('MMR deficient'!H14)+2)/3) & "-" & YEAR('MMR deficient'!H14),"N/A") -> Q4-2019 | I12: Laparotomy with total abdominal hysterectomy, bilateral salpingo-oophorectomy, infracolic omentectomy, bilateral pelvic lymphadenectomy and excision of tumour from sigmoid mesentery. | J12: Uterine corpus | K12: N/A | L12: N/A | M12: LH19-51493 | N12: C5 | O12: Right pelvic node | P12: =IFERROR("Q" &INT((MONTH('MMR deficient'!P14)+2)/3) & "-" & YEAR('MMR deficient'!P14),"N/A") -> Q4-2019 | Q12: Treatment naïve | R12: N/A | S12: N/A | T12: N/A | U12: N/A | V12: N/A | W12: N/A | X12: N/A | Y12: N/A | Z12: N/A | AA12: N/A | AB12: F | AC12: =IFERROR("Q" &INT((MONTH('MMR deficient'!AD14)+2)/3) & "-" & YEAR('MMR deficient'!AD14),"N/A") -> Q3-2019 | AD12: 74 | AE12: Endometrioid adenocarcinoma | AF12: Specimen | AG12: No | AH12: NR | AI12: 1 | AJ12: NR | AK12: 0 | AL12: N/A | AM12: 3 | AN12: N/A | AO12: N/A
A13: LDS0002828 | B13: No | C13: Treatment naïve | D13: No | E13: LH19-55773 | F13: A12 | G13: A15 | H13: =IFERROR("Q" &INT((MONTH('MMR deficient'!H15)+2)/3) & "-" & YEAR('MMR deficient'!H15),"N/A") -> Q4-2019 | I13: TAH and BSO and pelvic and paraaortic lymphadenectomy and omentectomy and peritoneal biopsy and adhesiolysis | J13: Uterine corpus | K13: N/A | L13: N/A | M13: N/A | N13: N/A | O13: N/A | P13: =IFERROR("Q" &INT((MONTH('MMR deficient'!P15)+2)/3) & "-" & YEAR('MMR deficient'!P15),"N/A") -> N/A | Q13: N/A | R13: N/A | S13: N/A | T13: N/A | U13: N/A | V13: N/A | W13: N/A | X13: N/A | Y13: N/A | Z13: N/A | AA13: N/A | AB13: F | AC13: =IFERROR("Q" &INT((MONTH('MMR deficient'!AD15)+2)/3) & "-" & YEAR('MMR deficient'!AD15),"N/A") -> Q4-2019 | AD13: 65 | AE13: Endometrioid adenocarcinoma | AF13: Specimen | AG13: No | AH13: NR | AI13: 1 | AJ13: NR | AK13: 0 | AL13: N/A | AM13: 3 | AN13: N/A | AO13: N/A
A14: LDS0002829 | B14: No | C14: Treatment naïve | D14: No | E14: LH19-55776 | F14: A11 | G14: A6 | H14: =IFERROR("Q" &INT((MONTH('MMR deficient'!H16)+2)/3) & "-" & YEAR('MMR deficient'!H16),"N/A") -> Q4-2019 | I14: Total laparoscopic hysterectomy and bilateral salpingo-oophorectomy | J14: Uterine corpus | K14: N/A | L14: N/A | M14: N/A | N14: N/A | O14: N/A | P14: =IFERROR("Q" &INT((MONTH('MMR deficient'!P16)+2)/3) & "-" & YEAR('MMR deficient'!P16),"N/A") -> N/A | Q14: N/A | R14: N/A | S14: N/A | T14: N/A | U14: N/A | V14: N/A | W14: N/A | X14: N/A | Y14: N/A | Z14: N/A | AA14: N/A | AB14: F | AC14: =IFERROR("Q" &INT((MONTH('MMR deficient'!AD16)+2)/3) & "-" & YEAR('MMR deficient'!AD16),"N/A") -> Q4-2019 | AD14: 60 | AE14: Endometrioid adenocarcinoma | AF14: Specimen | AG14: Yes | AH14: 1B | AI14: NR | AJ14: NR | AK14: 0 | AL14: T1BN0M0 | AM14: 2 | AN14: N/A | AO14: N/A
A15: LDS0002830 | B15: No | C15: Treatment naïve | D15: No | E15: LH20-02467 | F15: A9 | G15: A7 | H15: =IFERROR("Q" &INT((MONTH('MMR deficient'!H17)+2)/3) & "-" & YEAR('MMR deficient'!H17),"N/A") -> Q1-2020 | I15: Total laparoscopic hysterectomy and bilateral salpingo-oophorectomy | J15: Uterine corpus | K15: N/A | L15: N/A | M15: N/A | N15: N/A | O15: N/A | P15: =IFERROR("Q" &INT((MONTH('MMR deficient'!P17)+2)/3) & "-" & YEAR('MMR deficient'!P17),"N/A") -> N/A | Q15: N/A | R15: N/A | S15: N/A | T15: N/A | U15: N/A | V15: N/A | W15: N/A | X15: N/A | Y15: N/A | Z15: N/A | AA15: N/A | AB15: F | AC15: =IFERROR("Q" &INT((MONTH('MMR deficient'!AD17)+2)/3) & "-" & YEAR('MMR deficient'!AD17),"N/A") -> Q4-2019 | AD15: 65 | AE15: Endometrioid adenocarcinoma | AF15: Specimen | AG15: Yes | AH15: 1A | AI15: NR | AJ15: NR | AK15: 0 | AL15: T1AN0M0 | AM15: 1 | AN15: N/A | AO15: N/A
A16: LDS0002831 | B16: No | C16: Treatment naïve | D16: No | E16: LH20-04733 | F16: A10 | G16: A15 | H16: =IFERROR("Q" &INT((MONTH('MMR deficient'!H18)+2)/3) & "-" & YEAR('MMR deficient'!H18),"N/A") -> Q1-2020 | I16: Laparotomy with total abdominal hysterectomy, bilateral salpingo-oophoretomy, peritoneal biopsies and omentectomy | J16: Uterine corpus | K16: N/A | L16: N/A | M16: N/A | N16: N/A | O16: N/A | P16: =IFERROR("Q" &INT((MONTH('MMR deficient'!P18)+2)/3) & "-" & YEAR('MMR deficient'!P18),"N/A") -> N/A | Q16: N/A | R16: N/A | S16: N/A | T16: N/A | U16: N/A | V16: N/A | W16: N/A | X16: N/A | Y16: N/A | Z16: N/A | AA16: N/A | AB16: F | AC16: =IFERROR("Q" &INT((MONTH('MMR deficient'!AD18)+2)/3) & "-" & YEAR('MMR deficient'!AD18),"N/A") -> Q4-2019 | AD16: 72 | AE16: Endometrioid adenocarcinoma | AF16: Specimen | AG16: Yes | AH16: 1B | AI16: NR | AJ16: see notes from clinical team | AK16: see notes from clinical team | AL16: T1BN0M0 | AM16: 3 | AN16: N/A | AO16: endometrial cancer originally clinically staged as IVB but metastases found to be of pancreatic origin on pathological examination so restaged to IB
A17: LDS0002832 | B17: No | C17: Treatment naïve | D17: No | E17: LH20-11489 | F17: A9 | G17: A11 | H17: =IFERROR("Q" &INT((MONTH('MMR deficient'!H19)+2)/3) & "-" & YEAR('MMR deficient'!H19),"N/A") -> Q1-2020 | I17: TAH & BSO | J17: Uterine corpus | K17: N/A | L17: N/A | M17: N/A | N17: N/A | O17: N/A | P17: =IFERROR("Q" &INT((MONTH('MMR deficient'!P19)+2)/3) & "-" & YEAR('MMR deficient'!P19),"N/A") -> N/A | Q17: N/A | R17: N/A | S17: N/A | T17: N/A | U17: N/A | V17: N/A | W17: N/A | X17: N/A | Y17: N/A | Z17: N/A | AA17: N/A | AB17: F | AC17: =IFERROR("Q" &INT((MONTH('MMR deficient'!AD19)+2)/3) & "-" & YEAR('MMR deficient'!AD19),"N/A") -> Q1-2020 | AD17: 58 | AE17: Endometrioid carcinoma | AF17: Specimen | AG17: Yes | AH17: 1A | AI17: NR | AJ17: NR | AK17: 0 | AL17: T1AN0M0 | AM17: 1 | AN17: N/A | AO17: N/A
B18: No | C18: Treatment naïve | D18: No | E18: LH20-13233 | F18: A2 | G18: N/A | H18: =IFERROR("Q" &INT((MONTH('MMR deficient'!H20)+2)/3) & "-" & YEAR('MMR deficient'!H20),"N/A") -> Q1-2020 | I18: TAH and Bso and omenctomy and pelvic and paraaortic lymphadenectomy and omentectomy | J18: Endomyometrium both walls | K18: N/A | L18: N/A | M18: N/A | N18: N/A | O18: N/A | P18: =IFERROR("Q" &INT((MONTH('MMR deficient'!P20)+2)/3) & "-" & YEAR('MMR deficient'!P20),"N/A") -> N/A | Q18: N/A | R18: N/A | S18: N/A | T18: N/A | U18: N/A | V18: N/A | W18: N/A | X18: N/A | Y18: N/A | Z18: N/A | AA18: N/A | AB18: F | AC18: =IFERROR("Q" &INT((MONTH('MMR deficient'!AD20)+2)/3) & "-" & YEAR('MMR deficient'!AD20),"N/A") -> Q1-2020 | AD18: 60 | AE18: Endometrioid adenocarcinoma | AF18: Specimen | AG18: NR | AH18: NR | AI18: NR | AJ18: NR | AK18: NR | AL18: N/A | AM18: 2 | AN18: N/A | AO18: N/A
A19: LDS0002833 | B19: No | C19: Treatment naïve | D19: No | E19: LH20-13539 | F19: A18 | G19: A19 | H19: =IFERROR("Q" &INT((MONTH('MMR deficient'!H21)+2)/3) & "-" & YEAR('MMR deficient'!H21),"N/A") -> Q2-2020 | I19: TAH, BSO, pelvic and paraaortic lymph node sampling, infracolic omentectomy | J19: Uterine corpus | K19: N/A | L19: N/A | M19: N/A | N19: N/A | O19: N/A | P19: =IFERROR("Q" &INT((MONTH('MMR deficient'!P21)+2)/3) & "-" & YEAR('MMR deficient'!P21),"N/A") -> N/A | Q19: N/A | R19: N/A | S19: N/A | T19: N/A | U19: N/A | V19: N/A | W19: N/A | X19: N/A | Y19: N/A | Z19: N/A | AA19: N/A | AB19: F | AC19: =IFERROR("Q" &INT((MONTH('MMR deficient'!AD21)+2)/3) & "-" & YEAR('MMR deficient'!AD21),"N/A") -> Q1-2020 | AD19: 74 | AE19: Endometrioid adenocarcinoma | AF19: Specimen | AG19: No | AH19: 2 | AI19: 0 | AJ19: NR | AK19: 0 | AL19: T2N0M0 | AM19: 3 | AN19: N/A | AO19: N/A
A20: LDS0002834 | B20: No | C20: Treatment naïve | D20: No | E20: LH20-20367 | F20: A6 | G20: N/A | H20: =IFERROR("Q" &INT((MONTH('MMR deficient'!H22)+2)/3) & "-" & YEAR('MMR deficient'!H22),"N/A") -> Q3-2020 | I20: Total laparoscopic hysterectomy and bilateral salpingo-oophorectomy | J20: Uterine corpus (lower uterine segment) | K20: N/A | L20: N/A | M20: N/A | N20: N/A | O20: N/A | P20: =IFERROR("Q" &INT((MONTH('MMR deficient'!P22)+2)/3) & "-" & YEAR('MMR deficient'!P22),"N/A") -> N/A | Q20: N/A | R20: N/A | S20: N/A | T20: N/A | U20: N/A | V20: N/A | W20: N/A | X20: N/A | Y20: N/A | Z20: N/A | AA20: N/A | AB20: F | AC20: =IFERROR("Q" &INT((MONTH('MMR deficient'!AD22)+2)/3) & "-" & YEAR('MMR deficient'!AD22),"N/A") -> Q3-2019 | AD20: 80 | AE20: Endometrioid adenocarcinoma | AF20: Specimen | AG20: Yes | AH20: 1A | AI20: NR | AJ20: NR | AK20: 0 | AL20: T1AN0M0 | AM20: 1 | AN20: N/A | AO20: N/A
A21: LDS0002835 | B21: No | C21: Treatment naïve | D21: No | E21: LH20-21078 | F21: A11 | G21: A14 | H21: =IFERROR("Q" &INT((MONTH('MMR deficient'!H23)+2)/3) & "-" & YEAR('MMR deficient'!H23),"N/A") -> Q3-2020 | I21: TRH, BSO + pelvic lymph node dissection, omental biopsy, adhesiolysis | J21: Parametrium, uterine corpus | K21: N/A | L21: N/A | M21: N/A | N21: N/A | O21: N/A | P21: =IFERROR("Q" &INT((MONTH('MMR deficient'!P23)+2)/3) & "-" & YEAR('MMR deficient'!P23),"N/A") -> N/A | Q21: N/A | R21: N/A | S21: N/A | T21: N/A | U21: N/A | V21: N/A | W21: N/A | X21: N/A | Y21: N/A | Z21: N/A | AA21: N/A | AB21: F | AC21: =IFERROR("Q" &INT((MONTH('MMR deficient'!AD23)+2)/3) & "-" & YEAR('MMR deficient'!AD23),"N/A") -> Q3-2020 | AD21: 79 | AE21: Endometrioid adenocarcinoma | AF21: Specimen | AG21: Yes | AH21: 2 | AI21: 0 | AJ21: NR | AK21: 0 | AL21: T2N0M0 | AM21: 3 | AN21: N/A | AO21: N/A
A22: LDS0002836 | B22: No | C22: Treatment naïve | D22: No | E22: LH20-28234 | F22: A6 | G22: A7 | H22: =IFERROR("Q" &INT((MONTH('MMR deficient'!H24)+2)/3) & "-" & YEAR('MMR deficient'!H24),"N/A") -> Q3-2020 | I22: Laparotomy, total abdominal hysterectomy, bilateral salpingo-oophorectomy, bilateral pelvic node dissection and infracolic omentectomy | J22: Uterine corpus | K22: N/A | L22: N/A | M22: N/A | N22: N/A | O22: N/A | P22: =IFERROR("Q" &INT((MONTH('MMR deficient'!P24)+2)/3) & "-" & YEAR('MMR deficient'!P24),"N/A") -> N/A | Q22: N/A | R22: N/A | S22: N/A | T22: N/A | U22: N/A | V22: N/A | W22: N/A | X22: N/A | Y22: N/A | Z22: N/A | AA22: N/A | AB22: F | AC22: =IFERROR("Q" &INT((MONTH('MMR deficient'!AD24)+2)/3) & "-" & YEAR('MMR deficient'!AD24),"N/A") -> Q3-2020 | AD22: 63 | AE22: Endometrioid adenocarcinoma | AF22: Specimen | AG22: Yes | AH22: 1A | AI22: 0 | AJ22: NR | AK22: 0 | AL22: T1AN0M0 | AM22: 3 | AN22: N/A | AO22: N/A
A23: LDS0002837 | B23: No | C23: Treatment naïve | D23: No | E23: LH20-30563 | F23: A22 | G23: A20 | H23: =IFERROR("Q" &INT((MONTH('MMR deficient'!H25)+2)/3) & "-" & YEAR('MMR deficient'!H25),"N/A") -> Q4-2020 | I23: Laparoscopy converted to open adhesiolysis, total abdominal hysterectomy, bilateral salpingo-oophorectomy, pelvic lymphadenectomy and omental biopsy | J23: Uterine corpus (Left cornua), Right parametrium | K23: N/A | L23: N/A | M23: N/A | N23: N/A | O23: N/A | P23: =IFERROR("Q" &INT((MONTH('MMR deficient'!P25)+2)/3) & "-" & YEAR('MMR deficient'!P25),"N/A") -> N/A | Q23: N/A | R23: N/A | S23: N/A | T23: N/A | U23: N/A | V23: N/A | W23: N/A | X23: N/A | Y23: N/A | Z23: N/A | AA23: N/A | AB23: F | AC23: =IFERROR("Q" &INT((MONTH('MMR deficient'!AD25)+2)/3) & "-" & YEAR('MMR deficient'!AD25),"N/A") -> Q4-2020 | AD23: 61 | AE23: Endometrioid adenocarcinoma | AF23: Specimen | AG23: Yes | AH23: 1A | AI23: 0 | AJ23: NR | AK23: 0 | AL23: T1AN0M0 | AM23: 1 | AN23: N/A | AO23: N/A
A24: LDS0002838 | B24: No | C24: Treatment naïve | D24: No | E24: LH21-08017 | F24: A5 | G24: A6 | H24: =IFERROR("Q" &INT((MONTH('MMR deficient'!H26)+2)/3) & "-" & YEAR('MMR deficient'!H26),"N/A") -> Q1-2021 | I24: Robotic hysterectomy, bilateral salpingo-oophorectomy and bilateral pelvic lymphadenectomy | J24: Uterine corpus | K24: N/A | L24: N/A | M24: N/A | N24: N/A | O24: N/A | P24: =IFERROR("Q" &INT((MONTH('MMR deficient'!P26)+2)/3) & "-" & YEAR('MMR deficient'!P26),"N/A") -> N/A | Q24: N/A | R24: N/A | S24: N/A | T24: N/A | U24: N/A | V24: N/A | W24: N/A | X24: N/A | Y24: N/A | Z24: N/A | AA24: N/A | AB24: F | AC24: =IFERROR("Q" &INT((MONTH('MMR deficient'!AD26)+2)/3) & "-" & YEAR('MMR deficient'!AD26),"N/A") -> Q1-2021 | AD24: 78 | AE24: Endometrioid adenocarcinoma | AF24: Specimen | AG24: No | AH24: 2 | AI24: 0 | AJ24: NR | AK24: 0 | AL24: T2N0M0 | AM24: 2 | AN24: N/A | AO24: N/A
A25: LDS0002839 | B25: No | C25: Treatment naïve | D25: No | E25: LH21-08798 | F25: A7 | G25: A6 | H25: =IFERROR("Q" &INT((MONTH('MMR deficient'!H27)+2)/3) & "-" & YEAR('MMR deficient'!H27),"N/A") -> Q1-2021 | I25: TAH & BSO | J25: Uterine corpus (Left cornua), Right parametrium | K25: N/A | L25: N/A | M25: N/A | N25: N/A | O25: N/A | P25: =IFERROR("Q" &INT((MONTH('MMR deficient'!P27)+2)/3) & "-" & YEAR('MMR deficient'!P27),"N/A") -> N/A | Q25: N/A | R25: N/A | S25: N/A | T25: N/A | U25: N/A | V25: N/A | W25: N/A | X25: N/A | Y25: N/A | Z25: N/A | AA25: N/A | AB25: F | AC25: =IFERROR("Q" &INT((MONTH('MMR deficient'!AD27)+2)/3) & "-" & YEAR('MMR deficient'!AD27),"N/A") -> Q1-2021 | AD25: 62 | AE25: Endometrioid adenocarcinoma | AF25: Specimen | AG25: Yes | AH25: 1B | AI25: NR | AJ25: NR | AK25: 0 | AL25: T1BN0M0 | AM25: 1 | AN25: N/A | AO25: N/A
A26: LDS0002840 | B26: No | C26: Treatment naïve | D26: No | E26: LH21-09194 | F26: A7 | G26: A23 | H26: =IFERROR("Q" &INT((MONTH('MMR deficient'!H28)+2)/3) & "-" & YEAR('MMR deficient'!H28),"N/A") -> Q1-2021 | I26: Total Laparoscopic Hysterectomy plus Bilateral Salpingo-ophorectomy | J26: Uterine corpus | K26: N/A | L26: N/A | M26: N/A | N26: N/A | O26: N/A | P26: =IFERROR("Q" &INT((MONTH('MMR deficient'!P28)+2)/3) & "-" & YEAR('MMR deficient'!P28),"N/A") -> N/A | Q26: N/A | R26: N/A | S26: N/A | T26: N/A | U26: N/A | V26: N/A | W26: N/A | X26: N/A | Y26: N/A | Z26: N/A | AA26: N/A | AB26: F | AC26: =IFERROR("Q" &INT((MONTH('MMR deficient'!AD28)+2)/3) & "-" & YEAR('MMR deficient'!AD28),"N/A") -> Q1-2021 | AD26: 55 | AE26: Endometrioid carcinoma | AF26: Specimen | AG26: Yes | AH26: 1A | AI26: NR | AJ26: NR | AK26: 0 | AL26: T1AN0M0 | AM26: 1 | AN26: N/A | AO26: N/A
A27: LDS0002841 | B27: No | C27: Treatment naïve | D27: No | E27: LH21-21851 | F27: A10(L) | G27: A8(L) | H27: =IFERROR("Q" &INT((MONTH('MMR deficient'!H29)+2)/3) & "-" & YEAR('MMR deficient'!H29),"N/A") -> Q2-2021 | I27: Laparotomy/Drainage of ascites/Extensive adhesiolysis/Total abdominal hysterectomy/Bilateral salpingo-oophorectomy/Pelvic and Para-aortic lymphadenectomy/Total omentectomy/Appendicectomy | J27: Uterine corpus | K27: N/A | L27: N/A | M27: N/A | N27: N/A | O27: N/A | P27: =IFERROR("Q" &INT((MONTH('MMR deficient'!P29)+2)/3) & "-" & YEAR('MMR deficient'!P29),"N/A") -> N/A | Q27: N/A | R27: N/A | S27: N/A | T27: N/A | U27: N/A | V27: N/A | W27: N/A | X27: N/A | Y27: N/A | Z27: N/A | AA27: N/A | AB27: F | AC27: =IFERROR("Q" &INT((MONTH('MMR deficient'!AD29)+2)/3) & "-" & YEAR('MMR deficient'!AD29),"N/A") -> Q2-2021 | AD27: 68 | AE27: Endometrioid carcinoma | AF27: Specimen | AG27: No | AH27: NR | AI27: 1 | AJ27: NR | AK27: 0 | AL27: N/A | AM27: 1 | AN27: N/A | AO27: N/A
A28: LDS0002842 | B28: No | C28: Treatment naïve | D28: No | E28: LH21-24685 | F28: A14 | G28: A9 | H28: =IFERROR("Q" &INT((MONTH('MMR deficient'!H30)+2)/3) & "-" & YEAR('MMR deficient'!H30),"N/A") -> Q3-2021 | I28: Total laparoscopic hysterectomy and R salpingo-oophorectomy | J28: Uterine corpus | K28: N/A | L28: N/A | M28: N/A | N28: N/A | O28: N/A | P28: =IFERROR("Q" &INT((MONTH('MMR deficient'!P30)+2)/3) & "-" & YEAR('MMR deficient'!P30),"N/A") -> N/A | Q28: N/A | R28: N/A | S28: N/A | T28: N/A | U28: N/A | V28: N/A | W28: N/A | X28: N/A | Y28: N/A | Z28: N/A | AA28: N/A | AB28: F | AC28: =IFERROR("Q" &INT((MONTH('MMR deficient'!AD30)+2)/3) & "-" & YEAR('MMR deficient'!AD30),"N/A") -> Q2-2021 | AD28: 55 | AE28: Endometrioid carcinoma | AF28: Specimen | AG28: Yes | AH28: 1A | AI28: NR | AJ28: NR | AK28: 0 | AL28: T1AN0M0 | AM28: 2 | AN28: N/A | AO28: N/A
A29: LDS0002843 | B29: No | C29: Treatment naïve | D29: No | E29: LH21-28788 | F29: A12 | G29: A14 | H29: =IFERROR("Q" &INT((MONTH('MMR deficient'!H31)+2)/3) & "-" & YEAR('MMR deficient'!H31),"N/A") -> Q3-2021 | I29: Laparotomy/Total abdominal hysterectomy/Bilateral salpingo-oophorectomy/Pelvic and Para-aortic lymphadenectomy/Omentectomy | J29: Right and left parametrium | K29: N/A | L29: N/A | M29: N/A | N29: N/A | O29: N/A | P29: =IFERROR("Q" &INT((MONTH('MMR deficient'!P31)+2)/3) & "-" & YEAR('MMR deficient'!P31),"N/A") -> N/A | Q29: N/A | R29: N/A | S29: N/A | T29: N/A | U29: N/A | V29: N/A | W29: N/A | X29: N/A | Y29: N/A | Z29: N/A | AA29: N/A | AB29: F | AC29: =IFERROR("Q" &INT((MONTH('MMR deficient'!AD31)+2)/3) & "-" & YEAR('MMR deficient'!AD31),"N/A") -> Q2-2021 | AD29: 59 | AE29: Endometrioid carcinoma | AF29: Specimen | AG29: Yes | AH29: 1B | AI29: 0 | AJ29: NR | AK29: 0 | AL29: T1BN0M0 | AM29: 1 | AN29: N/A | AO29: N/A
A30: LDS0002844 | B30: No | C30: Treatment naïve | D30: No | E30: LH21-30451 | F30: A5 | G30: N/A | H30: =IFERROR("Q" &INT((MONTH('MMR deficient'!H32)+2)/3) & "-" & YEAR('MMR deficient'!H32),"N/A") -> Q3-2021 | I30: TLH & BSO | J30: Uterine corpus (R cornua) | K30: N/A | L30: N/A | M30: N/A | N30: N/A | O30: N/A | P30: =IFERROR("Q" &INT((MONTH('MMR deficient'!P32)+2)/3) & "-" & YEAR('MMR deficient'!P32),"N/A") -> N/A | Q30: N/A | R30: N/A | S30: N/A | T30: N/A | U30: N/A | V30: N/A | W30: N/A | X30: N/A | Y30: N/A | Z30: N/A | AA30: N/A | AB30: F | AC30: =IFERROR("Q" &INT((MONTH('MMR deficient'!AD32)+2)/3) & "-" & YEAR('MMR deficient'!AD32),"N/A") -> Q3-2021 | AD30: 58 | AE30: Endometrioid adenocarcinoma | AF30: Specimen | AG30: Yes | AH30: 1A | AI30: x | AJ30: NR | AK30: 0 | AL30: T1AN0M0 | AM30: 2 | AN30: N/A | AO30: N/A
A31: LDS0002845 | B31: No | C31: Treatment naïve | D31: No | E31: LH21-37118 | F31: A16 | G31: N/A | H31: =IFERROR("Q" &INT((MONTH('MMR deficient'!H33)+2)/3) & "-" & YEAR('MMR deficient'!H33),"N/A") -> Q4-2021 | I31: Laparotomy/TAH/BSO/Omentectomy/Pelvic and para-aortic lymph node sampling/peritoneal washings | J31: Uterine corpus | K31: N/A | L31: N/A | M31: N/A | N31: N/A | O31: N/A | P31: =IFERROR("Q" &INT((MONTH('MMR deficient'!P33)+2)/3) & "-" & YEAR('MMR deficient'!P33),"N/A") -> N/A | Q31: N/A | R31: N/A | S31: N/A | T31: N/A | U31: N/A | V31: N/A | W31: N/A | X31: N/A | Y31: N/A | Z31: N/A | AA31: N/A | AB31: F | AC31: =IFERROR("Q" &INT((MONTH('MMR deficient'!AD33)+2)/3) & "-" & YEAR('MMR deficient'!AD33),"N/A") -> Q3-2021 | AD31: 55 | AE31: Endometrioid adenocarcinoma | AF31: Specimen | AG31: Yes | AH31: 1A | AI31: 0 | AJ31: NR | AK31: 0 | AL31: T1AN0M0 | AM31: 2 | AN31: N/A | AO31: N/A
A32: LDS0002846 | B32: No | C32: Treatment naïve | D32: No | E32: LH21-38962 | F32: A22 | G32: A2 | H32: =IFERROR("Q" &INT((MONTH('MMR deficient'!H34)+2)/3) & "-" & YEAR('MMR deficient'!H34),"N/A") -> Q4-2021 | I32: TRH and BSO and Pelvic lymphdenectomy and omental biopsy | J32: Endometrium, Cervix | K32: N/A | L32: N/A | M32: N/A | N32: N/A | O32: N/A | P32: =IFERROR("Q" &INT((MONTH('MMR deficient'!P34)+2)/3) & "-" & YEAR('MMR deficient'!P34),"N/A") -> N/A | Q32: N/A | R32: N/A | S32: N/A | T32: N/A | U32: N/A | V32: N/A | W32: N/A | X32: N/A | Y32: N/A | Z32: N/A | AA32: N/A | AB32: F | AC32: =IFERROR("Q" &INT((MONTH('MMR deficient'!AD34)+2)/3) & "-" & YEAR('MMR deficient'!AD34),"N/A") -> Q3-2021 | AD32: 55 | AE32: Endometrioid carcinoma | AF32: Specimen | AG32: Yes | AH32: 3B | AI32: 0 | AJ32: NR | AK32: 0 | AL32: T3BN0M0 | AM32: 2 | AN32: N/A | AO32: N/A
A33: LDS0002847 | B33: No | C33: Treatment naïve | D33: No | E33: LH22-04761 | F33: A5 | G33: A4 | H33: =IFERROR("Q" &INT((MONTH('MMR deficient'!H35)+2)/3) & "-" & YEAR('MMR deficient'!H35),"N/A") -> Q1-2022 | I33: Total robotic hysterectomy and bilateral salpingo-oophorecomy | J33: Uterine corpus | K33: N/A | L33: N/A | M33: N/A | N33: N/A | O33: N/A | P33: =IFERROR("Q" &INT((MONTH('MMR deficient'!P35)+2)/3) & "-" & YEAR('MMR deficient'!P35),"N/A") -> N/A | Q33: N/A | R33: N/A | S33: N/A | T33: N/A | U33: N/A | V33: N/A | W33: N/A | X33: N/A | Y33: N/A | Z33: N/A | AA33: N/A | AB33: F | AC33: =IFERROR("Q" &INT((MONTH('MMR deficient'!AD35)+2)/3) & "-" & YEAR('MMR deficient'!AD35),"N/A") -> Q4-2021 | AD33: 64 | AE33: Endometrioid adenocarcinoma | AF33: Specimen | AG33: Yes | AH33: 1B | AI33: NR | AJ33: NR | AK33: 0 | AL33: T1BN0M0 | AM33: 2 | AN33: N/A | AO33: N/A
A34: LDS0002848 | B34: No | C34: Treatment naïve | D34: No | E34: LH22-06036 | F34: A9 | G34: A7 | H34: =IFERROR("Q" &INT((MONTH('MMR deficient'!H36)+2)/3) & "-" & YEAR('MMR deficient'!H36),"N/A") -> Q1-2022 | I34: Total laparoscopic hysterectomy and bilateral salpingo-oophorectomy | J34: Uterine corpus | K34: N/A | L34: N/A | M34: N/A | N34: N/A | O34: N/A | P34: =IFERROR("Q" &INT((MONTH('MMR deficient'!P36)+2)/3) & "-" & YEAR('MMR deficient'!P36),"N/A") -> N/A | Q34: N/A | R34: N/A | S34: N/A | T34: N/A | U34: N/A | V34: N/A | W34: N/A | X34: N/A | Y34: N/A | Z34: N/A | AA34: N/A | AB34: F | AC34: =IFERROR("Q" &INT((MONTH('MMR deficient'!AD36)+2)/3) & "-" & YEAR('MMR deficient'!AD36),"N/A") -> Q4-2021 | AD34: 76 | AE34: Endometrioid adenocarcinoma | AF34: Specimen | AG34: Yes | AH34: 1B | AI34: NR | AJ34: NR | AK34: 0 | AL34: T1BN0M0 | AM34: 1 | AN34: N/A | AO34: N/A
A35: LDS0002849 | B35: No | C35: Treatment naïve | D35: No | E35: LH22-11424 | F35: A15 | G35: A14 | H35: =IFERROR("Q" &INT((MONTH('MMR deficient'!H37)+2)/3) & "-" & YEAR('MMR deficient'!H37),"N/A") -> Q1-2022 | I35: Total laparoscopic hysterectomy + bilateral salpingo-oophorectomy | J35: Uterine corpus | K35: N/A | L35: N/A | M35: N/A | N35: N/A | O35: N/A | P35: =IFERROR("Q" &INT((MONTH('MMR deficient'!P37)+2)/3) & "-" & YEAR('MMR deficient'!P37),"N/A") -> N/A | Q35: N/A | R35: N/A | S35: N/A | T35: N/A | U35: N/A | V35: N/A | W35: N/A | X35: N/A | Y35: N/A | Z35: N/A | AA35: N/A | AB35: F | AC35: =IFERROR("Q" &INT((MONTH('MMR deficient'!AD37)+2)/3) & "-" & YEAR('MMR deficient'!AD37),"N/A") -> Q1-2022 | AD35: 54 | AE35: Endometrioid adenocarcinoma | AF35: Specimen | AG35: Yes | AH35: 1A | AI35: NR | AJ35: NR | AK35: 0 | AL35: T1AN0M0 | AM35: 3 | AN35: N/A | AO35: N/A
A36: LDS0002850 | B36: No | C36: Treatment naïve | D36: No | E36: LH22-13562 | F36: A11 | G36: N/A | H36: =IFERROR("Q" &INT((MONTH('MMR deficient'!H38)+2)/3) & "-" & YEAR('MMR deficient'!H38),"N/A") -> Q2-2022 | I36: Total abdominal hysterectomy, bilateral salpingo-oophorectomy, washings, omentectomy and removal of peritoneal nodules | J36: Uterine corpus | K36: N/A | L36: N/A | M36: LH22-13562 | N36: C1 | O36: Left paracolic gutter peritoneum | P36: =IFERROR("Q" &INT((MONTH('MMR deficient'!P38)+2)/3) & "-" & YEAR('MMR deficient'!P38),"N/A") -> Q2-2022 | Q36: Treatment naïve | R36: N/A | S36: N/A | T36: N/A | U36: N/A | V36: N/A | W36: N/A | X36: N/A | Y36: N/A | Z36: N/A | AA36: N/A | AB36: F | AC36: =IFERROR("Q" &INT((MONTH('MMR deficient'!AD38)+2)/3) & "-" & YEAR('MMR deficient'!AD38),"N/A") -> Q1-2022 | AD36: 70 | AE36: Endometrioid adenocarcinoma | AF36: Specimen | AG36: Yes | AH36: NR | AI36: NR | AJ36: 1 (peritoneal metastases) | AK36: 1 | AL36: N/A | AM36: 1 | AN36: N/A | AO36: N/A
A37: LDS0002851 | B37: No | C37: Treatment naïve | D37: No | E37: LH22-14651 | F37: A5 | G37: A6 | H37: =IFERROR("Q" &INT((MONTH('MMR deficient'!H39)+2)/3) & "-" & YEAR('MMR deficient'!H39),"N/A") -> Q2-2022 | I37: Total laparoscopic hysterectomy and bilateral salpingo-oophorectomy | J37: Uterine corpus | K37: N/A | L37: N/A | M37: N/A | N37: N/A | O37: N/A | P37: =IFERROR("Q" &INT((MONTH('MMR deficient'!P39)+2)/3) & "-" & YEAR('MMR deficient'!P39),"N/A") -> N/A | Q37: N/A | R37: N/A | S37: N/A | T37: N/A | U37: N/A | V37: N/A | W37: N/A | X37: N/A | Y37: N/A | Z37: N/A | AA37: N/A | AB37: F | AC37: =IFERROR("Q" &INT((MONTH('MMR deficient'!AD39)+2)/3) & "-" & YEAR('MMR deficient'!AD39),"N/A") -> Q1-2022 | AD37: 73 | AE37: Endometrioid adenocarcinoma | AF37: Specimen | AG37: No | AH37: 1B | AI37: NR | AJ37: NR | AK37: 0 | AL37: T1BN0M0 | AM37: 2 | AN37: N/A | AO37: N/A
A38: LDS0002852 | B38: No | C38: Treatment naïve | D38: No | E38: LH22-23825 | F38: A9 | G38: N/A | H38: =IFERROR("Q" &INT((MONTH('MMR deficient'!H40)+2)/3) & "-" & YEAR('MMR deficient'!H40),"N/A") -> Q2-2022 | I38: Total laparoscopic hysterectomy and bilateral salpingo-oophorectomy | J38: Uterine corpus | K38: N/A | L38: N/A | M38: N/A | N38: N/A | O38: N/A | P38: =IFERROR("Q" &INT((MONTH('MMR deficient'!P40)+2)/3) & "-" & YEAR('MMR deficient'!P40),"N/A") -> N/A | Q38: N/A | R38: N/A | S38: N/A | T38: N/A | U38: N/A | V38: N/A | W38: N/A | X38: N/A | Y38: N/A | Z38: N/A | AA38: N/A | AB38: F | AC38: =IFERROR("Q" &INT((MONTH('MMR deficient'!AD40)+2)/3) & "-" & YEAR('MMR deficient'!AD40),"N/A") -> Q2-2022 | AD38: 75 | AE38: Endometrioid adenocarcinoma | AF38: Specimen | AG38: Yes | AH38: 2 | AI38: NR | AJ38: NR | AK38: 0 | AL38: T2N0M0 | AM38: 1 | AN38: N/A | AO38: N/A
A39: LDS0002853 | B39: No | C39: Treatment naïve | D39: No | E39: LH22-33269 | F39: A6(L) | G39: N/A | H39: =IFERROR("Q" &INT((MONTH('MMR deficient'!H41)+2)/3) & "-" & YEAR('MMR deficient'!H41),"N/A") -> Q3-2022 | I39: Total laparoscopic hysterectomy and bilateral salpingo-oophorectomy | J39: Uterine corpus | K39: N/A | L39: N/A | M39: N/A | N39: N/A | O39: N/A | P39: =IFERROR("Q" &INT((MONTH('MMR deficient'!P41)+2)/3) & "-" & YEAR('MMR deficient'!P41),"N/A") -> N/A | Q39: N/A | R39: N/A | S39: N/A | T39: N/A | U39: N/A | V39: N/A | W39: N/A | X39: N/A | Y39: N/A | Z39: N/A | AA39: N/A | AB39: F | AC39: =IFERROR("Q" &INT((MONTH('MMR deficient'!AD41)+2)/3) & "-" & YEAR('MMR deficient'!AD41),"N/A") -> Q2-2022 | AD39: 82 | AE39: Endometrioid adenocarcinoma | AF39: Specimen | AG39: Yes | AH39: 1A | AI39: NR | AJ39: NR | AK39: 0 | AL39: T1AN0M0 | AM39: 1 | AN39: N/A | AO39: N/A
A40: LDS0002854 | B40: No | C40: Treatment naïve | D40: No | E40: LH22-36561 | F40: A13 | G40: A12 | H40: =IFERROR("Q" &INT((MONTH('MMR deficient'!H42)+2)/3) & "-" & YEAR('MMR deficient'!H42),"N/A") -> Q3-2022 | I40: Total Robotic Hysterectomy/Bilateral Salpingo-oophorectomy | J40: Uterine corpus | K40: N/A | L40: N/A | M40: N/A | N40: N/A | O40: N/A | P40: =IFERROR("Q" &INT((MONTH('MMR deficient'!P42)+2)/3) & "-" & YEAR('MMR deficient'!P42),"N/A") -> N/A | Q40: N/A | R40: N/A | S40: N/A | T40: N/A | U40: N/A | V40: N/A | W40: N/A | X40: N/A | Y40: N/A | Z40: N/A | AA40: N/A | AB40: F | AC40: =IFERROR("Q" &INT((MONTH('MMR deficient'!AD42)+2)/3) & "-" & YEAR('MMR deficient'!AD42),"N/A") -> Q2-2022 | AD40: 42 | AE40: Endometrioid carcinoma | AF40: Specimen | AG40: Yes | AH40: 1A | AI40: NR | AJ40: NR | AK40: 0 | AL40: T1AN0M0 | AM40: 1 | AN40: N/A | AO40: N/A
A41: LDS0002855 | B41: No | C41: Treatment naïve | D41: No | E41: LH22-46291 | F41: A7 | G41: A5 | H41: =IFERROR("Q" &INT((MONTH('MMR deficient'!H43)+2)/3) & "-" & YEAR('MMR deficient'!H43),"N/A") -> Q4-2022 | I41: Total Laparoscopic Hysterectomy; Bilateral Salpingo-oophorectomy; Bilateral Sentinel and bilateral pelvic node sampling; Peritoneal Washings. | J41: Cervix | K41: N/A | L41: N/A | M41: N/A | N41: N/A | O41: N/A | P41: =IFERROR("Q" &INT((MONTH('MMR deficient'!P43)+2)/3) & "-" & YEAR('MMR deficient'!P43),"N/A") -> N/A | Q41: N/A | R41: N/A | S41: N/A | T41: N/A | U41: N/A | V41: N/A | W41: N/A | X41: N/A | Y41: N/A | Z41: N/A | AA41: N/A | AB41: F | AC41: =IFERROR("Q" &INT((MONTH('MMR deficient'!AD43)+2)/3) & "-" & YEAR('MMR deficient'!AD43),"N/A") -> Q3-2022 | AD41: 56 | AE41: Endometrioid adenocarcinoma | AF41: Specimen | AG41: No | AH41: 2 | AI41: 0 | AJ41: NR | AK41: 0 | AL41: T2N0M0 | AM41: 1 | AN41: N/A | AO41: N/A
A42: LDS0002856 | B42: No | C42: Treatment naïve | D42: No | E42: LH22-48130 | F42: A7 | G42: A9 | H42: =IFERROR("Q" &INT((MONTH('MMR deficient'!H44)+2)/3) & "-" & YEAR('MMR deficient'!H44),"N/A") -> Q4-2022 | I42: Staging laparotomy: TAH BSO pelvic and para-aortic lymphadenectomy and omentectomy plus washings. | J42: Uterine corpus | K42: N/A | L42: N/A | M42: N/A | N42: N/A | O42: N/A | P42: =IFERROR("Q" &INT((MONTH('MMR deficient'!P44)+2)/3) & "-" & YEAR('MMR deficient'!P44),"N/A") -> N/A | Q42: N/A | R42: N/A | S42: N/A | T42: N/A | U42: N/A | V42: N/A | W42: N/A | X42: N/A | Y42: N/A | Z42: N/A | AA42: N/A | AB42: F | AC42: =IFERROR("Q" &INT((MONTH('MMR deficient'!AD44)+2)/3) & "-" & YEAR('MMR deficient'!AD44),"N/A") -> Q3-2022 | AD42: 62 | AE42: Endometrioid adenocarcinoma | AF42: Specimen | AG42: No | AH42: 3A | AI42: 0 | AJ42: NR | AK42: 0 | AL42: T3AN0M0 | AM42: 2 | AN42: N/A | AO42: N/A
A43: LDS0002857 | B43: No | C43: Treatment naïve | D43: No | E43: LH22-48610 | F43: A1 | G43: A3 | H43: =IFERROR("Q" &INT((MONTH('MMR deficient'!H45)+2)/3) & "-" & YEAR('MMR deficient'!H45),"N/A") -> Q4-2022 | I43: TAH, BSO, pelvic LND, omentectomy, and washings for endometrial cancer. | J43: Cervix, Lower uterine segment | K43: N/A | L43: N/A | M43: N/A | N43: N/A | O43: N/A | P43: =IFERROR("Q" &INT((MONTH('MMR deficient'!P45)+2)/3) & "-" & YEAR('MMR deficient'!P45),"N/A") -> N/A | Q43: N/A | R43: N/A | S43: N/A | T43: N/A | U43: N/A | V43: N/A | W43: N/A | X43: N/A | Y43: N/A | Z43: N/A | AA43: N/A | AB43: F | AC43: =IFERROR("Q" &INT((MONTH('MMR deficient'!AD45)+2)/3) & "-" & YEAR('MMR deficient'!AD45),"N/A") -> Q4-2022 | AD43: 80 | AE43: Endometrioid carcinoma | AF43: Specimen | AG43: No | AH43: 2 | AI43: 0 | AJ43: NR | AK43: 0 | AL43: T2N0M0 | AM43: 3 | AN43: N/A | AO43: N/A

Sheet Deficient supplementary
A1: NHS number | B1: Donor ID | C1: Selected specimen Anonymised ID | D1: Specimen number used for screening (if different) | E1: Block used for MMR IHC | F1: MMR result (normal/abnormal) | G1: MLH1 IHC (pos / neg / clonal neg) | H1: PMS2 IHC (pos/ neg / clonal neg | I1: MSH2 IHC (pos/ neg / clonal neg | J1: MSH6 IHC (pos/ neg/ clonal neg) | K1: MLH1 promoter hypermethylation (Detected/not detected/not tested) | L1: Lynch Syndrome | M1: FIGO staging
A2: 4342908360 | B2: LDS0002817 | C2: LH14-10711 | D2: N/A | E2: NR | F2: Abnormal | G2: Neg | H2: NR | I2: Pos | J2: NR | K2: NR | L2: NR | M2: IB
A3: 4382389941 | B3: LDS0002818 | C3: LH15-23944 | D3: N/A | E3: NR | F3: Abnormal | G3: Neg | H3: Neg | I3: NR | J3: NR | K3: NR | L3: NR | M3: IIIC2
A4: 4160684432 | B4: LDS0002819 | C4: LH16-50384 | D4: N/A | E4: NR | F4: Abnormal | G4: Neg | H4: Neg | I4: Pos | J4: Pos | K4: Detected | L4: Unlikely | M4: II
A5: 4861674565 | B5: LDS0002820 | C5: LH17-23872 | D5: N/A | E5: NR | F5: Abnormal | G5: Pos | H5: Pos | I5: Neg | J5: Neg | K5: N/A | L5: NR | M5: II
A6: 7047516980 | B6: LDS0002821 | C6: LH18-57568 | D6: N/A | E6: NR | F6: Abnormal | G6: Neg | H6: Neg | I6: Pos | J6: Pos | K6: Detected | L6: Unlikely | M6: IA
A7: 4185839723 | B7: LDS0002822 | C7: LH19-00842 | D7: N/A | E7: A7, B2 | F7: Abnormal | G7: Neg | H7: Neg | I7: Pos | J7: Pos | K7: Detected | L7: Unlikely | M7: IVB
A8: 4862144853 | B8: LDS0002823 | C8: LH19-16201 | D8: N/A | E8: NR | F8: Abnormal | G8: Neg | H8: Neg | I8: Pos | J8: Clonal neg | K8: Detected | L8: Unlikely | M8: IA
A9: 6244603990 | B9: LDS0002824 | C9: LH19-44272 | D9: PH19295-19 | E9: A1 | F9: Abnormal | G9: Neg | H9: Neg | I9: NR | J9: NR | K9: Detected | L9: Unlikely | M9: IB
A10: 4646766140 | B10: LDS0002825 | C10: LH19-46994 | D10: N/A | E10: NR | F10: Abnormal | G10: Neg | H10: Neg | I10: Pos | J10: Pos | K10: Detected | L10: Unlikely | M10: IB
A11: 6240724270 | B11: LDS0002826 | C11: LH19-48726 | D11: N/A | E11: A12 | F11: Abnormal | G11: Neg | H11: Neg | I11: Pos | J11: Pos | K11: Detected | L11: Unlikely | M11: IA
A12: 4387713127 | B12: LDS0002827 | C12: LH19-51493 | D12: N/A | E12: A4 | F12: Abnormal | G12: Neg | H12: Neg | I12: Pos | J12: Pos | K12: Detected | L12: Unlikely | M12: IIIC1
A13: 4581912849 | B13: LDS0002828 | C13: LH19-55773 | D13: N/A | E13: A14 | F13: Abnormal | G13: Neg | H13: Neg | I13: Pos | J13: Pos | K13: Detected | L13: Unlikely | M13: IVB
... A17: 4861822068 | B17: LDS0002832 | C17: LH20-11489 | D17: LH20-04656 | E17: B1 | F17: Abnormal | G17: Neg | H17: Neg | I17: Pos | J17: Pos | K17: Detected | L17: Unlikely | M17: IA
A18: 4506212630 | C18: LH20-13233 | D18: N/A | E18: A2 | F18: Abnormal | G18: Neg | H18: Neg | I18: Pos | J18: Clonal neg | K18: Detected | L18: Unlikely
A19: 4382089506 | B19: LDS0002833 | C19: LH20-13539 | D19: N/A | E19: A1 | F19: Abnormal | G19: Neg | H19: Neg | I19: Pos | J19: Pos | K19: Detected | L19: Unlikely | M19: II
A20: 4343180220 | B20: LDS0002834 | C20: LH20-20367 | D20: LH20-05228 | E20: A2 | F20: Abnormal | G20: Neg | H20: Neg | I20: Pos | J20: Pos | K20: Detected | L20: Unlikely | M20: IA
A21: 4383575080 | B21: LDS0002835 | C21: LH20-21078 | D21: N/A | E21: A12 | F21: Abnormal | G21: Neg | H21: Neg | I21: Neg | J21: Neg | K21: Detected | L21: Unlikely | M21: II
A22: 4506130529 | B22: LDS0002836 | C22: LH21-08798 | D22: N/A | E22: A9 | F22: Abnormal | G22: Neg | H22: Neg | I22: Pos | J22: Pos | K22: Detected | L22: Unlikely | M22: IA
A23: 4483735616 | B23: LDS0002837 | C23: LH20-28234 | D23: N/A | E23: NR | F23: Abnormal | G23: Clonal neg | H23: Clonal neg | I23: Pos | J23: Pos | K23: NR | L23: NR | M23: IA
A24: 4822303500 | B24: LDS0002838 | C24: LH20-30563 | D24: N/A | E24: A23 | F24: Abnormal | G24: Neg | H24: Neg | I24: Pos | J24: Clonal neg | K24: Detected | L24: Unlikely | M24: II
A25: 4387643676 | B25: LDS0002839 | C25: LH21-08017 | D25: N/A | E25: A3 | F25: Abnormal | G25: Neg | H25: Neg | I25: Pos | J25: Pos | K25: Detected | L25: Unlikely | M25: IB
A26: 4125818207 | B26: LDS0002840 | C26: LH21-09194 | D26: LH21-1646 | E26: NR | F26: Abnormal | G26: Pos | H26: Pos | I26: Pos | J26: Neg | K26: N/A | L26: NR | M26: IA
A27: 4520207401 | B27: LDS0002841 | C27: LH21-21851 | D27: N/A | E27: A17 | F27: Abnormal | G27: Clonal neg | H27: Clonal neg | I27: N/A | J27: N/A | K27: Detected | L27: Unlikely | M27: IIIC1
A28: 4125915636 | B28: LDS0002842 | C28: LH21-24685 | D28: LH21-19360 | E28: B1 | F28: Abnormal | G28: Neg | H28: Neg | I28: Pos | J28: Pos | K28: Detected | L28: Unlikely | M28: IA
A29: 4861893291 | B29: LDS0002843 | C29: LH21-28788 | D29: N/A | E29: A15 | F29: Abnormal | G29: Neg | H29: Neg | I29: Pos | J29: Pos | K29: Detected | L29: Unlikely | M29: IB
A30: 4849656994 | B30: LDS0002844 | C30: LH21-30451 | D30: LH21-26147 | E30: Biopsy | F30: Abnormal | G30: Pos | H30: Pos | I30: Pos | J30: Neg | K30: N/A | L30: Yes | M30: IA
... A43: 4381018575 | B43: LDS0002857 | C43: LH22-48610 | D43: N/A | E43: NR | F43: Abnormal | G43: Neg | H43: Neg | I43: Pos | J43: Pos | K43: Detected | L43: Unlikely | M43: II

Sheet Calculations & Lists
E1: Therapy type | F1: Yes/No | G1: Matched Normal treatment subgrouping | H1: Staging/grading info provided for: | K1: A= grade 3+, B = grade 4+, C= Grade 6+
B2: Red text = cells to select for formula | E2: Radiotherapy | F2: Yes | G2: Treatment naïve | H2: Specimen
B3: When copying and pasting formulas, you need to delete the ' before the = | E3: Chemotherapy | F3: No | G3: Immunotherapy naïve | H3: Primary tumour | K3: Header | L3: A | M3: Column
E4: Immunotherapy | F4: N/A | G4: Immunotherapy only | H4: N/A | J4: A | K4: NHS number | L4: =LEFT(ADDRESS(1, ROW(L3), 4, TRUE), (ROW(L3)>26)+1) -> C | M4: A
E5: Mixed therapy | F5: NR | G5: Mixed treatment | H5: NR | J5: B | K5: Any Immunotherapy | L5: =LEFT(ADDRESS(1, ROW(L4), 4, TRUE), (ROW(L4)>26)+1) -> D | M5: B
B6: Age at diagnosis | C6: =DATEDIF(DOB, DODx,"Y") | E6: Other | G6: N/A | J6: A | K6: Specimen treatment subgrouping | L6: =LEFT(ADDRESS(1, ROW(L5), 4, TRUE), (ROW(L5)>26)+1) -> E | M6: C
B7: Quarter formula | C7: =IFERROR("Q" &INT((MONTH(cell with date)+2)/3) & "-" & YEAR(same cell with date),"N/A") | E7: N/A | G7: NR | J7: B | K7: Specimen is a recurrence | L7: =LEFT(ADDRESS(1, ROW(L6), 4, TRUE), (ROW(L6)>26)+1) -> F | M7: D
B8: The months between two dates in decimals | C8: =IFERROR((YEARFRAC(DODx,cell with date)*12),"N/A") | E8: NR | J8: A | K8: Selected specimen Anonymised ID | L8: =LEFT(ADDRESS(1, ROW(L7), 4, TRUE), (ROW(L7)>26)+1) -> G | M8: E
B9: OS | C9: =SUM(time to event death,Time to event date last seen) | J9: A | K9: Specimen Block number 1 | L9: =LEFT(ADDRESS(1, ROW(L8), 4, TRUE), (ROW(L8)>26)+1) -> H | M9: F
B10: PFS | C10: =INDEX(Time to event recurrence;time to event death;Time to event date last follow-up,MATCH(TRUE,INDEX(ISNUMBER(),0),0)) | J10: A | K10: Specimen Block number 2 | L10: =LEFT(ADDRESS(1, ROW(L9), 4, TRUE), (ROW(L9)>26)+1) -> I | M10: G
B11: Event (recurrence/progression) | C11: =IF(Time to event recurrence="N/A",0,1) | J11: A | K11: Specimen surgery date | L11: =LEFT(ADDRESS(1, ROW(L10), 4, TRUE), (ROW(L10)>26)+1) -> J | M11: H
B12: Event (cancer death) | C12: =IF(=Death due to tumour/ assumed tumour related Yes/No"Yes",1,0) | J12: A | K12: Specimen surgery | L12: =LEFT(ADDRESS(1, ROW(L11), 4, TRUE), (ROW(L11)>26)+1) -> K | M12: I
B13: Event (death; all causes) | C13: =IF(time to event death="N/A",0,1) | J13: A | K13: Specimen tumour site | L13: =LEFT(ADDRESS(1, ROW(L12), 4, TRUE), (ROW(L12)>26)+1) -> L | M13: J
B14: Event (recurrence or cancer death) | C14: =IF(OR(Event recurrence/progression=1,Event cancer death=1),"1","0") | J14: A | K14: Primary Surgery date | L14: =LEFT(ADDRESS(1, ROW(L13), 4, TRUE), (ROW(L13)>26)+1) -> M | M14: K
B15: Combine TNM | C15: =CONCATENATE("T",cell with pT,"N",cell with pN,"M",cell with cM)
B16: Combine text from 2 cells | C16: =cell number&" "&second cell | J16: A | K16: Primary tumour site | L16: =LEFT(ADDRESS(1, ROW(L14), 4, TRUE), (ROW(L14)>26)+1) -> N | M16: L
J17: A | K17: Anonymized ID Matched met 1 | L17: =LEFT(ADDRESS(1, ROW(L16), 4, TRUE), (ROW(L16)>26)+1) -> P | M17: M
J18: A | K18: Matched met 1 Block Number | L18: =LEFT(ADDRESS(1, ROW(L17), 4, TRUE), (ROW(L17)>26)+1) -> Q | M18: N
J19: A | K19: Matched met 1 Site | L19: =LEFT(ADDRESS(1, ROW(L18), 4, TRUE), (ROW(L18)>26)+1) -> R | M19: O
C20: =DATEDIF(DODx, DOD,"d"),OR DATEDIF(DODx,DLS,"d") | J20: A | K20: Matched met 1 Surgery Date | L20: =LEFT(ADDRESS(1, ROW(L19), 4, TRUE), (ROW(L19)>26)+1) -> S | M20: P
J21: A | K21: Matched met 1 treatment subgrouping | L21: =LEFT(ADDRESS(1, ROW(L20), 4, TRUE), (ROW(L20)>26)+1) -> T | M21: Q
J22: A | K22: Anonymized ID Matched met 2 | L22: =LEFT(ADDRESS(1, ROW(L21), 4, TRUE), (ROW(L21)>26)+1) -> U | M22: R
J23: A | K23: Matched met 2 Block Number | L23: =LEFT(ADDRESS(1, ROW(L22), 4, TRUE), (ROW(L22)>26)+1) -> V | M23: S
J24: A | K24: Matched met 2 Site | L24: =LEFT(ADDRESS(1, ROW(L23), 4, TRUE), (ROW(L23)>26)+1) -> W | M24: T
J25: A | K25: Matched met 2 Surgery Date | L25: =LEFT(ADDRESS(1, ROW(L24), 4, TRUE), (ROW(L24)>26)+1) -> X | M25: U
J26: A | K26: Matched met 2 treatment subgrouping | L26: =LEFT(ADDRESS(1, ROW(L25), 4, TRUE), (ROW(L25)>26)+1) -> Y | M26: V
J27: A | K27: Anonymized ID Normal tissue | L27: =LEFT(ADDRESS(1, ROW(L26), 4, TRUE), (ROW(L26)>26)+1) -> Z | M27: W
J28: A | K28: Matched Normal tissue Block Number | L28: =LEFT(ADDRESS(1, ROW(L27), 4, TRUE), (ROW(L27)>26)+1) -> AA | M28: X
J29: A | K29: Matched Normal tissue Site | L29: =LEFT(ADDRESS(1, ROW(L28), 4, TRUE), (ROW(L28)>26)+1) -> AB | M29: Y
J30: A | K30: Matched Normal tissue Surgery Date | L30: =LEFT(ADDRESS(1, ROW(L29), 4, TRUE), (ROW(L29)>26)+1) -> AC | M30: Z
J31: A | K31: Matched Normal treatment subgrouping | L31: =LEFT(ADDRESS(1, ROW(L30), 4, TRUE), (ROW(L30)>26)+1) -> AD | M31: AA
J32: A | K32: Gender | L32: =LEFT(ADDRESS(1, ROW(L31), 4, TRUE), (ROW(L31)>26)+1) -> AE | M32: AB
... J383: C | K383: TTE Subsequent Tx 15 Finish Date | L383: =LEFT(ADDRESS(1, ROW(L382), 4, TRUE), (ROW(L382)>26)+1) -> NR | M383: NO
J384: C | K384: Final case review
J385: C | K385: Sending data
J386: B | K386: Sending blocks

Sheet Treatments
A1: Chemotherapy agents | C1: Immunotherapy agent | E1: Hormal therapy agents | G1: Non-therapy agents
A2: ETOPOSIDE | C2: ATEZOLIZUMAB | G2: CIPROFLOXACIN
A3: CARBOPLATIN | G3: DEXAMETHASONE
A4: CAPECITABINE | G4: FILGRASTIM
A5: GEMCITABINE | G5: LOPERAMIDE
A6: DOCETAXEL | G6: METOCLOPRAMIDE
A7: CETUXIMAB | G7: ONDANSETRON
A8: CISPLATIN | G8: SODIUM CHLORIDE
G9: ZEROBASE
G10: LINE FLUSH
