Workbook

Sheet Follow up (ship 1)
A1: PLEASE BE AWARE COLUMNS MAY BE 'HIDDEN' OR 'COLLAPSED'
A3: NHS number | B3: Any Immunotherapy | C3: Specimen treatment subgrouping | D3: Specimen is a recurrence | E3: Selected specimen Anonymised ID | F3: Specimen Block number 1 | G3: Specimen Block number 2 | H3: Specimen surgery date | I3: Specimen surgery | J3: Specimen tumour site | K3: Primary Surgery date | L3: Primary tumour site | M3: Anonymized ID Matched met 1 | N3: Matched met 1 Block Number | O3: Matched met 1 Site | P3: Matched met 1 Surgery Date | Q3: Matched met 1 treatment subgrouping | R3: Anonymized ID Matched met 2 | S3: Matched met 2 Block Number | T3: Matched met 2 Site | U3: Matched met 2 Surgery Date | V3: Matched met 2 treatment subgrouping | W3: Anonymized ID Normal tissue | X3: Matched Normal tissue Block Number | Y3: Matched Normal tissue Site | Z3: Matched Normal tissue Surgery Date | AA3: Matched Normal treatment subgrouping | AB3: Gender | AC3: DOB | AD3: Date of DX | AE3: Age at Diagnosis | AF3: Specimen Histological Diagnosis | AG3: Staging/grading info provided for: | AH3: Resection margins clear | AI3: pT | AJ3: pN | AK3: pM | AL3: cM | AM3: TNM stage | AN3: Grade | AO3: Stage at DX (AJCC) | AP3: Any Neoadjuvant therapy | AQ3: Response to neoadjuvant therapy (TRS score) | AR3: Neoadjuvant Tx1 | AS3: Neoadjuvant Tx1 Agent | AT3: Neoadjuvant Tx1 Start Date | AU3: Neoadjuvant Tx1 End Date | AV3: Tumour response Neoadjuvant Tx1 | AW3: Neoadjuvant Tx2 | AX3: Neoadjuvant Tx2 Agent | AY3: Neoadjuvant Tx2 Start Date | AZ3: Neoadjuvant Tx2 End Date | BA3: Tumour response Neoadjuvant Tx2 | BB3: Neoadjuvant Tx3 | BC3: Neoadjuvant Tx3 Agent | BD3: Neoadjuvant Tx3 Start Date | BE3: Neoadjuvant Tx3 End Date | BF3: Tumour response Neoadjuvant Tx3 | BG3: Neoadjuvant Tx4 | BH3: Neoadjuvant Tx4 Agent | BI3: Neoadjuvant Tx4 Start Date | BJ3: Neoadjuvant Tx4 End Date | BK3: Tumour response Neoadjuvant Tx4 | BL3: Neoadjuvant Tx5 | BM3: Neoadjuvant Tx5 Agent | BN3: Neoadjuvant Tx5 Start Date | BO3: Neoadjuvant Tx5 End Date | BP3: Tumour response Neoadjuvant Tx5 | BQ3: Neoadjuvant Tx6 | BR3: Neoadjuvant Tx6 Agent | BS3: Neoadjuvant Tx6 Start Date | BT3: Neoadjuvant Tx6 End Date | BU3: Tumour response Neoadjuvant Tx6 | BV3: Neoadjuvant Tx7 | BW3: Neoadjuvant Tx7 Agent | BX3: Neoadjuvant Tx7 Start Date | BY3: Neoadjuvant Tx7 End Date | BZ3: Tumour response Neoadjuvant Tx7 | CA3: Neoadjuvant Tx8 | CB3: Neoadjuvant Tx8 Agent | CC3: Neoadjuvant Tx8 Start Date | CD3: Neoadjuvant Tx8 End Date | CE3: Tumour response Neoadjuvant Tx8 | CF3: Neoadjuvant Tx9 | CG3: Neoadjuvant Tx9 Agent | CH3: Neoadjuvant Tx9 Start Date | CI3: Neoadjuvant Tx9 End Date | CJ3: Tumour response Neoadjuvant Tx9 | CK3: Neoadjuvant Tx10 | CL3: Neoadjuvant Tx10 Agent | CM3: Neoadjuvant Tx10 Start Date | CN3: Neoadjuvant Tx10 End Date | CO3: Tumour response Neoadjuvant Tx10 | CP3: Adjuvant Tx1 | CQ3: Adjuvant Tx1 Agent | CR3: Adjuvant Tx1 Start Date | CS3: Adjuvant Tx1 End Date | CT3: Tumour response Adjuvant Tx1 | CU3: Adjuvant Tx2 | CV3: Adjuvant Tx2 Agent | CW3: Adjuvant Tx2 Start Date | CX3: Adjuvant Tx2 End Date | CY3: Tumour response Adjuvant Tx2 | CZ3: Adjuvant Tx3 | DA3: Adjuvant Tx3 Agent | DB3: Adjuvant Tx3 Start Date | DC3: Adjuvant Tx3 End Date | DD3: Tumour response Adjuvant Tx3 | DE3: Adjuvant Tx4 | DF3: Adjuvant Tx4 Agent | DG3: Adjuvant Tx4 Start Date | DH3: Adjuvant Tx4 End Date | DI3: Tumour response Adjuvant Tx4 | DJ3: Adjuvant Tx5 | DK3: Adjuvant Tx5 Agent | DL3: Adjuvant Tx5 Start Date | DM3: Adjuvant Tx5 End Date | DN3: Tumour response Adjuvant Tx5 | DO3: Adjuvant Tx6 | DP3: Adjuvant Tx6 Agent | DQ3: Adjuvant Tx6 Start Date | DR3: Adjuvant Tx6 End Date | DS3: Tumour response Adjuvant Tx6 | DT3: Adjuvant Tx7 | DU3: Adjuvant Tx7 Agent | DV3: Adjuvant Tx7 Start Date | DW3: Adjuvant Tx7 End Date | DX3: Tumour response Adjuvant Tx7 | DY3: Adjuvant Tx8 | DZ3: Adjuvant Tx8 Agent | EA3: Adjuvant Tx8 Start Date | EB3: Adjuvant Tx8 End Date | EC3: Tumour response Adjuvant Tx8 | ED3: Adjuvant Tx9 | EE3: Adjuvant Tx9 Agent | EF3: Adjuvant Tx9 Start Date | EG3: Adjuvant Tx9 End Date | EH3: Tumour response Adjuvant Tx9 | EI3: Adjuvant Tx10 | EJ3: Adjuvant Tx10 Agent | EK3: Adjuvant Tx10 Start Date | EL3: Adjuvant Tx10 End Date | EM3: Tumour response Adjuvant Tx10 | EN3: Adjuvant Tx11 | EO3: Adjuvant Tx11 Agent | EP3: Adjuvant Tx11 Start Date | EQ3: Adjuvant Tx11 End Date | ER3: Tumour response Adjuvant Tx11 | ES3: Adjuvant Tx12 | ET3: Adjuvant Tx12 Agent | EU3: Adjuvant Tx12 Start Date | EV3: Adjuvant Tx12 End Date | EW3: Tumour response Adjuvant Tx12 | EX3: Adjuvant Tx13 | EY3: Adjuvant Tx13 Agent | EZ3: Adjuvant Tx13 Start Date | FA3: Adjuvant Tx13 End Date | FB3: Tumour response Adjuvant Tx13 | FC3: Adjuvant Tx14 | FD3: Adjuvant Tx14 Agent | FE3: Adjuvant Tx14 Start Date | FF3: Adjuvant Tx14 End Date | FG3: Tumour response Adjuvant Tx14 | FH3: Adjuvant Tx15 | FI3: Adjuvant Tx15 Agent | FJ3: Adjuvant Tx15 Start Date | FK3: Adjuvant Tx15 End Date | FL3: Date recurrence/ progression 1 | FM3: Sites recurrence/ progression 1 | FN3: Date recurrence/ progression 2 | FO3: Sites recurrence/ progression 2 | FP3: Date recurrence/ progression 3 | FQ3: Sites recurrence/ progression 3 | FR3: Date recurrence/ progression 4 | FS3: Sites recurrence/ progression 4 | FT3: Date recurrence/ progression 5 | FU3: Sites recurrence/ progression 5 | FV3: Date recurrence/ progression 6 | FW3: Sites recurrence/ progression 6 | FX3: Date recurrence/ progression 7 | FY3: Sites recurrence/ progression 7 | FZ3: Date recurrence/ progression 8 | GA3: Sites recurrence/ progression 8 | GB3: Date recurrence/ progression 9 | GC3: Sites recurrence/ progression 9 | GD3: Date recurrence/ progression 10 | GE3: Sites recurrence/ progression 10 | GF3: Date recurrence/ progression 11 | GG3: Sites recurrence/ progression 11 | GH3: Date recurrence/ progression 12 | GI3: Sites recurrence/ progression 12 | GJ3: Date recurrence/ progression 13 | GK3: Sites recurrence/ progression 13 | GL3: Date recurrence/ progression 14 | GM3: Sites recurrence/ progression 14 | GN3: Date recurrence/ progression 15 | GO3: Sites recurrence/ progression 15 | GP3: Subsequent Tx1 | GQ3: Subsequent Tx1 Agent | GR3: Subsequent Tx1 Start Date | GS3: Subsequent Tx1 Finish Date | GT3: Tumour response to Subsequent Tx1 | GU3: Subsequent Tx2 | GV3: Subsequent Tx2 Agent | GW3: Subsequent Tx2 Start Date | GX3: Subsequent Tx2 Finish Date | GY3: Tumour response to Subsequent Tx2 | GZ3: Subsequent Tx3 | HA3: Subsequent Tx3 Agent | HB3: Subsequent Tx3 Start Date | HC3: Subsequent Tx3 Finish Date | HD3: Tumour response to Subsequent Tx3 | HE3: Subsequent Tx4 | HF3: Subsequent Tx4 Agent | HG3: Subsequent Tx4 Start Date | HH3: Subsequent Tx4 Finish Date | HI3: Tumour response to Subsequent Tx4 | HJ3: Subsequent Tx5 | HK3: Subsequent Tx5 Agent | HL3: Subsequent Tx5 Start Date | HM3: Subsequent Tx5 Finish Date | HN3: Tumour response to Subsequent Tx5 | HO3: Subsequent Tx6 | HP3: Subsequent Tx6 Agent | HQ3: Subsequent Tx6 Start Date | HR3: Subsequent Tx6 Finish Date | HS3: Tumour response to Subsequent Tx6 | HT3: Subsequent Tx7 | HU3: Subsequent Tx7 Agent | HV3: Subsequent Tx7 Start Date | HW3: Subsequent Tx7 Finish Date | HX3: Tumour response to Subsequent Tx7 | HY3: Subsequent Tx8 | HZ3: Subsequent Tx8 Agent | IA3: Subsequent Tx8 Start Date | IB3: Subsequent Tx8 Finish Date | IC3: Tumour response to Subsequent Tx8 | ID3: Subsequent Tx9 | IE3: Subsequent Tx9 Agent | IF3: Subsequent Tx9 Start Date | IG3: Subsequent Tx9 Finish Date | IH3: Tumour response to Subsequent Tx9 | II3: Subsequent Tx10 | IJ3: Subsequent Tx10 Agent | IK3: Subsequent Tx10 Start Date | IL3: Subsequent Tx10 Finish Date | IM3: Tumour response to Subsequent Tx10 | IN3: Subsequent Tx11 | IO3: Subsequent Tx11 Agent | IP3: Subsequent Tx11 Start Date | IQ3: Subsequent Tx11 Finish Date | IR3: Tumour response to Subsequent Tx11 | IS3: Subsequent Tx12 | IT3: Subsequent Tx12 Agent | IU3: Subsequent Tx12 Start Date | IV3: Subsequent Tx12 Finish Date | IW3: Tumour response to Subsequent Tx12 | IX3: Subsequent Tx13 | IY3: Subsequent Tx13 Agent | IZ3: Subsequent Tx13 Start Date | JA3: Subsequent Tx13 Finish Date | JB3: Tumour response to Subsequent Tx13 | JC3: Subsequent Tx14 | JD3: Subsequent Tx14 Agent | JE3: Subsequent Tx14 Start Date | JF3: Subsequent Tx14 Finish Date | JG3: Tumour response to Subsequent Tx14 | JH3: Subsequent Tx15 | JI3: Subsequent Tx15 Agent | JJ3: Subsequent Tx15 Start Date | JK3: Subsequent Tx15 Finish Date | JL3: Tumour response to Subsequent Tx15 | JM3: Current Status | JN3: Death date | JO3: Death tumour related | JP3: Cause of death | JQ3: Date last follow-up | JR3: Date Last Seen | JS3: Concurrent Medical Conditions | JT3: Comments from clinical team | JU3: TTE Neoadjuvant Tx1 Start Date | JV3: TTE Neoadjuvant Tx1 End Date | JW3: TTE Neoadjuvant Tx2 Start Date | JX3: TTE Neoadjuvant Tx2 End Date | JY3: TTE Neoadjuvant Tx3 Start Date | JZ3: TTE Neoadjuvant Tx3 End Date | KA3: TTE Neoadjuvant Tx4 Start Date | KB3: TTE Neoadjuvant Tx4 End Date | KC3: TTE Neoadjuvant Tx5 Start Date | KD3: TTE Neoadjuvant Tx5 End Date | KE3: TTE Neoadjuvant Tx6 Start Date | KF3: TTE Neoadjuvant Tx6 End Date | KG3: TTE Neoadjuvant Tx7 Start Date | KH3: TTE Neoadjuvant Tx7 End Date | KI3: TTE Neoadjuvant Tx8 Start Date | KJ3: TTE Neoadjuvant Tx8 End Date | KK3: TTE Neoadjuvant Tx9 Start Date | KL3: TTE Neoadjuvant Tx9 End Date | KM3: TTE Neoadjuvant Tx10 Start Date | KN3: TTE Neoadjuvant Tx10 End Date | KO3: TTE Specimen surgery date | KP3: TTE Primary Surgery date | KQ3: TTE Matched met 1 Surgery Date | KR3: TTE Matched met 2 Surgery Date | KS3: TTE Matched Normal tissue Surgery Date | KT3: TTE Adjuvant Tx1 Start Date | KU3: TTE Adjuvant Tx1 End Date | KV3: TTE Adjuvant Tx2 Start Date | KW3: TTE Adjuvant Tx2 End Date | KX3: TTE Adjuvant Tx3 Start Date | KY3: TTE Adjuvant Tx3 End Date | KZ3: TTE Adjuvant Tx4 Start Date | LA3: TTE Adjuvant Tx4 End Date | LB3: TTE Adjuvant Tx5 Start Date | LC3: TTE Adjuvant Tx5 End Date | LD3: TTE Adjuvant Tx6 Start Date | LE3: TTE Adjuvant Tx6 End Date | LF3: TTE Adjuvant Tx7 Start Date | LG3: TTE Adjuvant Tx7 End Date | LH3: TTE Adjuvant Tx8 Start Date | LI3: TTE Adjuvant Tx8 End Date | LJ3: TTE Adjuvant Tx9 Start Date | LK3: TTE Adjuvant Tx9 End Date | LL3: TTE Adjuvant Tx10 Start Date | LM3: TTE Adjuvant Tx10 End Date | LN3: TTE Adjuvant Tx11 Start Date | LO3: TTE Adjuvant Tx11 End Date | LP3: TTE Adjuvant Tx12 Start Date | LQ3: TTE Adjuvant Tx12 End Date | LR3: TTE Adjuvant Tx13 Start Date | LS3: TTE Adjuvant Tx13 End Date | LT3: TTE Adjuvant Tx14 Start Date | LU3: TTE Adjuvant Tx14 End Date | LV3: TTE Adjuvant Tx15 Start Date | LW3: TTE Adjuvant Tx15 End Date | LX3: TTE Date recurrence/ progression 1 | LY3: TTE Date recurrence/ progression 2 | LZ3: TTE Date recurrence/ progression 3 | MA3: TTE Date recurrence/ progression 4 | MB3: TTE Date recurrence/ progression 5 | MC3: TTE Date recurrence/ progression 6 | MD3: TTE Date recurrence/ progression 7 | ME3: TTE Date recurrence/ progression 8 | MF3: TTE Date recurrence/ progression 9 | MG3: TTE Date recurrence/ progression 10 | MH3: TTE Date recurrence/ progression 11 | MI3: TTE Date recurrence/ progression 12 | MJ3: TTE Date recurrence/ progression 13 | MK3: TTE Date recurrence/ progression 14 | ML3: TTE Date recurrence/ progression 15 | MM3: TTE Subsequent Tx1 Start Date | MN3: TTE Subsequent Tx1 Finish Date | MO3: TTE Subsequent Tx2 Start Date | MP3: TTE Subsequent Tx2 Finish Date | MQ3: TTE Subsequent Tx3 Start Date | MR3: TTE Subsequent Tx3 Finish Date | MS3: TTE Subsequent Tx4 Start Date | MT3: TTE Subsequent Tx4 Finish Date | MU3: TTE Subsequent Tx5 Start Date | MV3: TTE Subsequent Tx5 Finish Date | MW3: TTE Subsequent Tx6 Start Date | MX3: TTE Subsequent Tx6 Finish Date | MY3: TTE Subsequent Tx7 Start Date | MZ3: TTE Subsequent Tx7 Finish Date | NA3: TTE Subsequent Tx8 Start Date | NB3: TTE Subsequent Tx8 Finish Date | NC3: TTE Subsequent Tx9 Start Date | ND3: TTE Subsequent Tx9 Finish Date | NE3: TTE Subsequent Tx10 Start Date | NF3: TTE Subsequent Tx10 Finish Date | NG3: TTE Subsequent Tx11 Start Date | NH3: TTE Subsequent Tx11 Finish Date | NI3: TTE Subsequent Tx12 Start Date | NJ3: TTE Subsequent Tx12 Finish Date | NK3: TTE Subsequent Tx13 Start Date | NL3: TTE Subsequent Tx13 Finish Date | NM3: TTE Subsequent Tx14 Start Date | NN3: TTE Subsequent Tx14 Finish Date | NO3: TTE Subsequent Tx15 Start Date | NP3: TTE Subsequent Tx15 Finish Date | NQ3: TTE Recurrence (PFS) | NR3: TTE Death (OS and PFS) | NS3: TTE Date last follow-up (PFS) | NT3: TTE Date last seen (OS) | NU3: TTE Overall survival (OS) in months | NV3: TTE Progression free survival (PFS) in months | NW3: Event (recurrence/progression) | NX3: Event (cancer death) | NY3: Event (death; all causes) | NZ3: Event (recurrence or cancer death)
A4: 4520256615 | B4: No | C4: Treatment naïve | D4: No | E4: LH17-02702 | F4: A1 | G4: A12 | H4: 42753 | I4: Total abdominal hysterectomy | J4: Endometrium | K4: N/A | L4: N/A | M4: N/A | N4: N/A | O4: N/A | P4: N/A | Q4: N/A | R4: N/A | S4: N/A | T4: N/A | U4: N/A | V4: N/A | W4: N/A | X4: N/A | Y4: N/A | Z4: N/A | AA4: N/A | AB4: F | AC4: 18552 | AD4: 42746 | AE4: =DATEDIF(AC4, AD4,"Y") -> 66 | AF4: Carcinosarcoma with heterologous differentiation | AG4: Specimen | AH4: Yes | AI4: 2 | AJ4: 1 | AK4: 0 | AL4: 0 | AM4: T2N1M0 | AN4: NR | AO4: N/A | AP4: No | JS4: hypertension, hypercholesteremia, asthma, ulcerative colitis and hypothyroidism | JU4: =IFERROR((YEARFRAC($AD4,$AT4)*12),"N/A") -> 1404.3667 | JV4: =IFERROR((YEARFRAC($AD4,$AU4)*12),"N/A") -> 1404.3667 | JW4: =IFERROR((YEARFRAC($AD4,$AY4)*12),"N/A") -> 1404.3667 | JX4: =IFERROR((YEARFRAC($AD4,$AZ4)*12),"N/A") -> 1404.3667 | JY4: =IFERROR((YEARFRAC($AD4,$BD4)*12),"N/A") -> 1404.3667 | JZ4: =IFERROR((YEARFRAC($AD4,$BE4)*12),"N/A") -> 1404.3667 | KA4: =IFERROR((YEARFRAC($AD4,$BI4)*12),"N/A") -> 1404.3667 | KB4: =IFERROR((YEARFRAC($AD4,$BJ4)*12),"N/A") -> 1404.3667 | KC4: =IFERROR((YEARFRAC($AD4,$BN4)*12),"N/A") -> 1404.3667 | KD4: =IFERROR((YEARFRAC($AD4,$BO4)*12),"N/A") -> 1404.3667 | KE4: =IFERROR((YEARFRAC($AD4,$BS4)*12),"N/A") -> 1404.3667 | KF4: =IFERROR((YEARFRAC($AD4,$BT4)*12),"N/A") -> 1404.3667 | KG4: =IFERROR((YEARFRAC($AD4,$BX4)*12),"N/A") -> 1404.3667 | KH4: =IFERROR((YEARFRAC($AD4,$BY4)*12),"N/A") -> N/A | KI4: =IFERROR((YEARFRAC($AD4,$CC4)*12),"N/A") -> 1404.3667 | KJ4: =IFERROR((YEARFRAC($AD4,$CD4)*12),"N/A") -> 1404.3667 | KK4: =IFERROR((YEARFRAC($AD4,$CH4)*12),"N/A") -> 1404.3667 | KL4: =IFERROR((YEARFRAC($AD4,$CI4)*12),"N/A") -> 1404.3667 | KM4: =IFERROR((YEARFRAC($AD4,$CM4)*12),"N/A") -> 1404.3667 | KN4: =IFERROR((YEARFRAC($AD4,$CN4)*12),"N/A") -> 1404.3667 | KO4: =IFERROR((YEARFRAC($AD4,$H4)*12),"N/A") -> 0.23333333 | KP4: =IFERROR((YEARFRAC($AD4,$K4)*12),"N/A") -> N/A | KQ4: =IFERROR((YEARFRAC($AD4,$P4)*12),"N/A") -> N/A | KR4: =IFERROR((YEARFRAC($AD4,$U4)*12),"N/A") -> N/A | KS4: =IFERROR((YEARFRAC($AD4,$Z4)*12),"N/A") -> N/A | KT4: =IFERROR((YEARFRAC($AD4,$CR4)*12),"N/A") -> 1404.3667 | KU4: =IFERROR((YEARFRAC($AD4,$CS4)*12),"N/A") -> 1404.3667 | KV4: =IFERROR((YEARFRAC($AD4,$CW4)*12),"N/A") -> 1404.3667 | KW4: =IFERROR((YEARFRAC($AD4,$CX4)*12),"N/A") -> 1404.3667 | KX4: =IFERROR((YEARFRAC($AD4,$DB4)*12),"N/A") -> 1404.3667 | KY4: =IFERROR((YEARFRAC($AD4,$DC4)*12),"N/A") -> 1404.3667 | KZ4: =IFERROR((YEARFRAC($AD4,$DG4)*12),"N/A") -> 1404.3667 | LA4: =IFERROR((YEARFRAC($AD4,$DH4)*12),"N/A") -> 1404.3667 | LB4: =IFERROR((YEARFRAC($AD4,$DL4)*12),"N/A") -> 1404.3667 | LC4: =IFERROR((YEARFRAC($AD4,$DM4)*12),"N/A") -> 1404.3667 | LD4: =IFERROR((YEARFRAC($AD4,$DQ4)*12),"N/A") -> 1404.3667 | LE4: =IFERROR((YEARFRAC($AD4,$DR4)*12),"N/A") -> 1404.3667 | LF4: =IFERROR((YEARFRAC($AD4,$DV4)*12),"N/A") -> 1404.3667 | LG4: =IFERROR((YEARFRAC($AD4,$DW4)*12),"N/A") -> 1404.3667 | LH4: =IFERROR((YEARFRAC($AD4,$EA4)*12),"N/A") -> 1404.3667 | LI4: =IFERROR((YEARFRAC($AD4,$EB4)*12),"N/A") -> 1404.3667 | LJ4: =IFERROR((YEARFRAC($AD4,$EF4)*12),"N/A") -> 1404.3667 | LK4: =IFERROR((YEARFRAC($AD4,$EG4)*12),"N/A") -> 1404.3667 | LL4: =IFERROR((YEARFRAC($AD4,$EK4)*12),"N/A") -> 1404.3667 | LM4: =IFERROR((YEARFRAC($AD4,$EL4)*12),"N/A") -> 1404.3667 | LN4: =IFERROR((YEARFRAC($AD4,$EP4)*12),"N/A") -> 1404.3667 | LO4: =IFERROR((YEARFRAC($AD4,$EQ4)*12),"N/A") -> 1404.3667 | LP4: =IFERROR((YEARFRAC($AD4,$EU4)*12),"N/A") -> 1404.3667 | LQ4: =IFERROR((YEARFRAC($AD4,$EV4)*12),"N/A") -> 1404.3667 | LR4: =IFERROR((YEARFRAC($AD4,$EZ4)*12),"N/A") -> 1404.3667 | LS4: =IFERROR((YEARFRAC($AD4,$FA4)*12),"N/A") -> 1404.3667 | LT4: =IFERROR((YEARFRAC($AD4,$EE4)*12),"N/A") -> 1404.3667 | LU4: =IFERROR((YEARFRAC($AD4,$EF4)*12),"N/A") -> 1404.3667 | LV4: =IFERROR((YEARFRAC($AD4,$FJ4)*12),"N/A") -> 1404.3667 | LW4: =IFERROR((YEARFRAC($AD4,$FK4)*12),"N/A") -> 1404.3667 | LX4: =IFERROR((YEARFRAC($AD4,$FL4)*12),"N/A") -> 1404.3667 | LY4: =IFERROR((YEARFRAC($AD4,$FN4)*12),"N/A") -> 1404.3667 | LZ4: =IFERROR((YEARFRAC($AD4,$FP4)*12),"N/A") -> 1404.3667 | MA4: =IFERROR((YEARFRAC($AD4,$FR4)*12),"N/A") -> 1404.3667 | MB4: =IFERROR((YEARFRAC($AD4,$FT4)*12),"N/A") -> 1404.3667 | MC4: =IFERROR((YEARFRAC($AD4,$FV4)*12),"N/A") -> 1404.3667 | MD4: =IFERROR((YEARFRAC($AD4,$FX4)*12),"N/A") -> 1404.3667 | ME4: =IFERROR((YEARFRAC($AD4,$FZ4)*12),"N/A") -> 1404.3667 | MF4: =IFERROR((YEARFRAC($AD4,$GB4)*12),"N/A") -> 1404.3667 | MG4: =IFERROR((YEARFRAC($AD4,$GD4)*12),"N/A") -> 1404.3667 | MH4: =IFERROR((YEARFRAC($AD4,$GF4)*12),"N/A") -> 1404.3667 | MI4: =IFERROR((YEARFRAC($AD4,$GH4)*12),"N/A") -> 1404.3667 | MJ4: =IFERROR((YEARFRAC($AD4,$GJ4)*12),"N/A") -> 1404.3667 | MK4: =IFERROR((YEARFRAC($AD4,$GL4)*12),"N/A") -> 1404.3667 | ML4: =IFERROR((YEARFRAC($AD4,$GN4)*12),"N/A") -> 1404.3667 | MM4: =IFERROR((YEARFRAC($AD4,$GR4)*12),"N/A") -> 1404.3667 | MN4: =IFERROR((YEARFRAC($AD4,$GS4)*12),"N/A") -> 1404.3667 | MO4: =IFERROR((YEARFRAC($AD4,$GW4)*12),"N/A") -> 1404.3667 | MP4: =IFERROR((YEARFRAC($AD4,$GX4)*12),"N/A") -> 1404.3667 | MQ4: =IFERROR((YEARFRAC($AD4,$HB4)*12),"N/A") -> 1404.3667 | MR4: =IFERROR((YEARFRAC($AD4,$HC4)*12),"N/A") -> 1404.3667 | MS4: =IFERROR((YEARFRAC($AD4,$HG4)*12),"N/A") -> 1404.3667 | MT4: =IFERROR((YEARFRAC($AD4,$HH4)*12),"N/A") -> 1404.3667 | MU4: =IFERROR((YEARFRAC($AD4,$HL4)*12),"N/A") -> 1404.3667 | MV4: =IFERROR((YEARFRAC($AD4,$HM4)*12),"N/A") -> 1404.3667 | MW4: =IFERROR((YEARFRAC($AD4,$HQ4)*12),"N/A") -> 1404.3667 | MX4: =IFERROR((YEARFRAC($AD4,$HR4)*12),"N/A") -> 1404.3667 | MY4: =IFERROR((YEARFRAC($AD4,$HV4)*12),"N/A") -> 1404.3667 | MZ4: =IFERROR((YEARFRAC($AD4,$HW4)*12),"N/A") -> 1404.3667 | NA4: =IFERROR((YEARFRAC($AD4,$IA4)*12),"N/A") -> 1404.3667 | NB4: =IFERROR((YEARFRAC($AD4,$IB4)*12),"N/A") -> 1404.3667 | NC4: =IFERROR((YEARFRAC($AD4,$IF4)*12),"N/A") -> 1404.3667 | ND4: =IFERROR((YEARFRAC($AD4,$IG4)*12),"N/A") -> 1404.3667 | NE4: =IFERROR((YEARFRAC($AD4,$IK4)*12),"N/A") -> 1404.3667 | NF4: =IFERROR((YEARFRAC($AD4,$IL4)*12),"N/A") -> 1404.3667 | NG4: =IFERROR((YEARFRAC($AD4,$IP4)*12),"N/A") -> 1404.3667 | NH4: =IFERROR((YEARFRAC($AD4,$IQ4)*12),"N/A") -> 1404.3667 | NI4: =IFERROR((YEARFRAC($AD4,$IU4)*12),"N/A") -> 1404.3667 | NJ4: =IFERROR((YEARFRAC($AD4,$IV4)*12),"N/A") -> 1404.3667 | NK4: =IFERROR((YEARFRAC($AD4,$IZ4)*12),"N/A") -> 1404.3667 | NL4: =IFERROR((YEARFRAC($AD4,$JA4)*12),"N/A") -> 1404.3667 | NM4: =IFERROR((YEARFRAC($AD4,$JE4)*12),"N/A") -> 1404.3667 | NN4: =IFERROR((YEARFRAC($AD4,$JF4)*12),"N/A") -> 1404.3667 | NO4: =IFERROR((YEARFRAC($AD4,$JJ4)*12),"N/A") -> 1404.3667 | NP4: =IFERROR((YEARFRAC($AD4,$JK4)*12),"N/A") -> 1404.3667 | NQ4: =$LX4 -> 1404.3667 | NR4: =IFERROR((YEARFRAC($AD4,$JN4)*12),"N/A") -> 1404.3667 | NS4: =IFERROR((YEARFRAC($AD4,$JQ4)*12),"N/A") -> 1404.3667 | NT4: =IFERROR((YEARFRAC($AD4,$JR4)*12),"N/A") -> 1404.3667 | NU4: =SUM($NR4,$NT4) -> 2808.7333 | NV4: {=INDEX($NQ4:$NS4,MATCH(TRUE,INDEX(ISNUMBER($NQ4:$NS4),0),0))} -> 1404.3667 | NW4: =IF($NQ4="N/A",0,1) -> 1 | NX4: =IF($JO4="Yes",1,0) -> 0 | NY4: =IF($NR4="N/A",0,1) -> 1 | NZ4: =IF(OR($NW4=1,$NX4=1),"1","0") -> 1
A5: 4250445798 | B5: No | C5: Treatment naïve | D5: No | E5: LH17-06069 | F5: A11 | G5: A12 | H5: 42774 | I5: Total abdominal hysterectomy | J5: Endometrium | K5: N/A | L5: N/A | M5: N/A | N5: N/A | O5: N/A | P5: N/A | Q5: N/A | R5: N/A | S5: N/A | T5: N/A | U5: N/A | V5: N/A | W5: LH17-06069 | X5: B3 | Y5: Lymph node | Z5: 42774 | AA5: N/A | AB5: F | AC5: 16856 | AD5: 42773 | AE5: =DATEDIF(AC5, AD5,"Y") -> 70 | AF5: Endometrioid adenocarcinoma | AG5: Specimen | AH5: Yes | AI5: 1b | AJ5: 0 | AK5: x | AL5: 0 | AM5: T1BN0M0 | AN5: 1 | AO5: N/A
A6: 4946723307 | D6: No | E6: LH17-07381 | F6: A9 | G6: A8 | H6: 42783 | I6: Total abdominal hysterectomy | J6: Endometrium | K6: N/A | L6: N/A | M6: N/A | N6: N/A | O6: N/A | P6: N/A | Q6: N/A | R6: N/A | S6: N/A | T6: N/A | U6: N/A | V6: N/A | W6: LH17-07381 | X6: C1 | Y6: Lymph node | Z6: 42783 | AB6: F | AC6: 15135 | AE6: =DATEDIF(AC6, AD6,"Y") -> #NUM! | AF6: Deeply invasive mixed adenocarcinoma (serous and endometroiod) | AG6: Specimen | AH6: Yes | AI6: 1b | AJ6: 0 | AK6: 0 | AL6: 0 | AM6: T1BN0M0 | AN6: 3 | AO6: N/A
A7: 4362503161 | D7: No | E7: LH17-10008 | F7: A4 | G7: A6 | H7: 42801 | I7: Total abdominal hysterectomy | J7: Endometrium | K7: N/A | L7: N/A | M7: N/A | N7: N/A | O7: N/A | P7: N/A | Q7: N/A | R7: N/A | S7: N/A | T7: N/A | U7: N/A | V7: N/A | W7: N/A | X7: N/A | Y7: N/A | Z7: N/A | AB7: F | AC7: 9597 | AE7: =DATEDIF(AC7, AD7,"Y") -> #NUM! | AF7: High grade serous adenocarcinoma | AG7: Specimen | AH7: Yes | AI7: 2 | AJ7: 0 | AK7: 0 | AL7: 0 | AM7: T2N0M0 | AN7: 3 | AO7: N/A
A8: 4363753323 | D8: No | E8: LH17-10854 | F8: A6 | G8: A10 | H8: 42807 | I8: Total abdominal hysterectomy | J8: Endometrium | K8: N/A | L8: N/A | M8: N/A | N8: N/A | O8: N/A | P8: N/A | Q8: N/A | R8: N/A | S8: N/A | T8: N/A | U8: N/A | V8: N/A | W8: N/A | X8: N/A | Y8: N/A | Z8: N/A | AB8: F | AC8: 12131 | AE8: =DATEDIF(AC8, AD8,"Y") -> #NUM! | AF8: Malignant mixed mullerian tumour with rhabdomyoblastic differentiation | AG8: Specimen | AH8: Yes | AI8: 3b | AJ8: 1 | AK8: 0 | AL8: 0 | AM8: T3BN1M0 | AN8: 3 | AO8: N/A
A9: 4662799619 | B9: N/A | C9: N/A | D9: N/A | E9: N/A | F9: N/A | G9: N/A | H9: N/A | I9: N/A | J9: N/A | K9: N/A | L9: N/A | M9: N/A | N9: N/A | O9: N/A | P9: N/A | Q9: N/A | R9: N/A | S9: N/A | T9: N/A | U9: N/A | V9: N/A | W9: LH17-11002 | X9: B5 | Y9: Pelvic node | Z9: 42808 | AB9: F | AC9: 12867 | AE9: =DATEDIF(AC9, AD9,"Y") -> #NUM! | AF9: N/A | AG9: N/A | AH9: N/A | AI9: N/A | AJ9: N/A | AK9: N/A | AL9: N/A | AM9: N/A | AN9: N/A | AO9: N/A | AP9: N/A | AQ9: N/A | AR9: N/A | AS9: N/A | AT9: N/A | AU9: N/A | AV9: N/A | AW9: N/A | AX9: N/A | AY9: N/A | AZ9: N/A | BA9: N/A | BB9: N/A | BC9: N/A | BD9: N/A | BE9: N/A | BF9: N/A | BG9: N/A | BH9: N/A | BI9: N/A | BJ9: N/A | BK9: N/A | BL9: N/A | BM9: N/A | BN9: N/A | BO9: N/A | BP9: N/A | BQ9: N/A | BR9: N/A | BS9: N/A | BT9: N/A | BU9: N/A | BV9: N/A | BW9: N/A | BX9: N/A | BY9: N/A | BZ9: N/A | CA9: N/A | CB9: N/A | CC9: N/A | CD9: N/A | CE9: N/A | CF9: N/A | CG9: N/A | CH9: N/A | CI9: N/A | CJ9: N/A | CK9: N/A | CL9: N/A | CM9: N/A | CN9: N/A | CO9: N/A | CP9: N/A | CQ9: N/A | CR9: N/A | CS9: N/A | CT9: N/A | CU9: N/A | CV9: N/A | CW9: N/A | CX9: N/A | CY9: N/A | CZ9: N/A | DA9: N/A | DB9: N/A | DC9: N/A | DD9: N/A | DE9: N/A | DF9: N/A | DG9: N/A | DH9: N/A | DI9: N/A | DJ9: N/A | DK9: N/A | DL9: N/A | DM9: N/A | DN9: N/A | DO9: N/A | DP9: N/A | DQ9: N/A | DR9: N/A | DS9: N/A | DT9: N/A | DU9: N/A | DV9: N/A | DW9: N/A | DX9: N/A | DY9: N/A | DZ9: N/A | EA9: N/A | EB9: N/A | EC9: N/A | ED9: N/A | EE9: N/A | EF9: N/A | EG9: N/A | EH9: N/A | EI9: N/A | EJ9: N/A | EK9: N/A | EL9: N/A | EM9: N/A | EN9: N/A | EO9: N/A | EP9: N/A | EQ9: N/A | ER9: N/A | ES9: N/A | ET9: N/A | EU9: N/A | EV9: N/A | EW9: N/A | EX9: N/A | EY9: N/A | EZ9: N/A | FA9: N/A | FB9: N/A | FC9: N/A | FD9: N/A | FE9: N/A | FF9: N/A | FG9: N/A | FH9: N/A | FI9: N/A | FJ9: N/A | FK9: N/A | FL9: N/A | FM9: N/A | FN9: N/A | FO9: N/A | FP9: N/A | FQ9: N/A | FR9: N/A | FS9: N/A | FT9: N/A | FU9: N/A | FV9: N/A | FW9: N/A | FX9: N/A | FY9: N/A | FZ9: N/A | GA9: N/A | GB9: N/A | GC9: N/A | GD9: N/A | GE9: N/A | GF9: N/A | GG9: N/A | GH9: N/A | GI9: N/A | GJ9: N/A | GK9: N/A | GL9: N/A | GM9: N/A | GN9: N/A | GO9: N/A | GP9: N/A | GQ9: N/A | GR9: N/A | GS9: N/A | GT9: N/A | GU9: N/A | GV9: N/A | GW9: N/A | GX9: N/A | GY9: N/A | GZ9: N/A | HA9: N/A | HB9: N/A | HC9: N/A | HD9: N/A | HE9: N/A | HF9: N/A | HG9: N/A | HH9: N/A | HI9: N/A | HJ9: N/A | HK9: N/A | HL9: N/A | HM9: N/A | HN9: N/A | HO9: N/A | HP9: N/A | HQ9: N/A | HR9: N/A | HS9: N/A | HT9: N/A | HU9: N/A | HV9: N/A | HW9: N/A | HX9: N/A | HY9: N/A | HZ9: N/A | IA9: N/A | IB9: N/A | IC9: N/A | ID9: N/A | IE9: N/A | IF9: N/A | IG9: N/A | IH9: N/A | II9: N/A | IJ9: N/A | IK9: N/A | IL9: N/A | IM9: N/A | IN9: N/A | IO9: N/A | IP9: N/A | IQ9: N/A | IR9: N/A | IS9: N/A | IT9: N/A | IU9: N/A | IV9: N/A | IW9: N/A | IX9: N/A | IY9: N/A | IZ9: N/A | JA9: N/A | JB9: N/A | JC9: N/A | JD9: N/A | JE9: N/A | JF9: N/A | JG9: N/A | JH9: N/A | JI9: N/A | JJ9: N/A | JK9: N/A | JL9: N/A | JM9: N/A | JN9: N/A | JO9: N/A | JP9: N/A | JQ9: N/A | JR9: N/A | JS9: N/A | JT9: N/A | JU9: N/A | JV9: N/A | JW9: N/A | JX9: N/A | JY9: N/A | JZ9: N/A | KA9: N/A | KB9: N/A | KC9: N/A | KD9: N/A | KE9: N/A | KF9: N/A | KG9: N/A | KH9: N/A | KI9: N/A | KJ9: N/A | KK9: N/A | KL9: N/A | KM9: N/A | KN9: N/A | KO9: N/A | KP9: N/A | KQ9: N/A | KR9: N/A | KS9: N/A | KT9: N/A | KU9: N/A | KV9: N/A | KW9: N/A | KX9: N/A | KY9: N/A | KZ9: N/A | LA9: N/A | LB9: N/A | LC9: N/A | LD9: N/A | LE9: N/A | LF9: N/A | LG9: N/A | LH9: N/A | LI9: N/A | LJ9: N/A | LK9: N/A | LL9: N/A | LM9: N/A | LN9: N/A | LO9: N/A | LP9: N/A | LQ9: N/A | LR9: N/A | LS9: N/A | LT9: N/A | LU9: N/A | LV9: N/A | LW9: N/A | LX9: N/A | LY9: N/A | LZ9: N/A | MA9: N/A | MB9: N/A | MC9: N/A | MD9: N/A | ME9: N/A | MF9: N/A | MG9: N/A | MH9: N/A | MI9: N/A | MJ9: N/A | MK9: N/A | ML9: N/A | MM9: N/A | MN9: N/A | MO9: N/A | MP9: N/A | MQ9: N/A | MR9: N/A | MS9: N/A | MT9: N/A | MU9: N/A | MV9: N/A | MW9: N/A | MX9: N/A | MY9: N/A | MZ9: N/A | NA9: N/A | NB9: N/A | NC9: N/A | ND9: N/A | NE9: N/A | NF9: N/A | NG9: N/A | NH9: N/A | NI9: N/A | NJ9: N/A | NK9: N/A | NL9: N/A | NM9: N/A | NN9: N/A | NO9: N/A | NP9: N/A | NQ9: N/A | NR9: N/A | NS9: N/A | NT9: N/A | NU9: N/A | NV9: N/A | NW9: N/A | NX9: N/A | NY9: N/A | NZ9: N/A
A10: 4367569659 | D10: No | E10: LH17-11093 | F10: A6 | G10: A8 | H10: 42808 | I10: Total laparoscopic Hysterectomy | J10: Endometrium | K10: N/A | L10: N/A | M10: N/A | N10: N/A | O10: N/A | P10: N/A | Q10: N/A | R10: N/A | S10: N/A | T10: N/A | U10: N/A | V10: N/A | W10: LH17-11093 | X10: D1 | Y10: Lymph node | Z10: 42808 | AB10: F | AC10: 12927 | AE10: =DATEDIF(AC10, AD10,"Y") -> #NUM! | AF10: Endometrioid adenocarcinoma | AG10: Specimen | AH10: Yes | AI10: 1b | AJ10: 0 | AK10: 0 | AL10: 0 | AM10: T1BN0M0 | AN10: 3 | AO10: N/A
A11: 4581564212 | D11: No | E11: LH17-11306 | F11: A8 | G11: A3 | H11: 42809 | I11: Total abdominal hysterectomy | J11: Endometrium | K11: N/A | L11: N/A | M11: N/A | N11: N/A | O11: N/A | P11: N/A | Q11: N/A | R11: N/A | S11: N/A | T11: N/A | U11: N/A | V11: N/A | W11: N/A | X11: N/A | Y11: N/A | Z11: N/A | AB11: F | AC11: 19418 | AE11: =DATEDIF(AC11, AD11,"Y") -> #NUM! | AF11: High grade carcinosarcoma of homologous type | AG11: Specimen | AH11: Yes | AI11: 2 | AJ11: 0 | AK11: 0 | AL11: 0 | AM11: T2N0M0 | AN11: 3 | AO11: N/A
A12: 4706490731 | D12: No | E12: LH17-12612 | F12: A10 | G12: A4 | H12: 42817 | I12: Total abdominal hysterectomy | J12: Endometrium | K12: N/A | L12: N/A | M12: N/A | N12: N/A | O12: N/A | P12: N/A | Q12: N/A | R12: N/A | S12: N/A | T12: N/A | U12: N/A | V12: N/A | W12: LH17-12612 | X12: C1 | Y12: Pelvic node | Z12: 42817 | AB12: F | AC12: 17832 | AE12: =DATEDIF(AC12, AD12,"Y") -> #NUM! | AF12: Endometrioid adenocarcinoma | AG12: Specimen | AH12: Yes | AI12: 2 | AJ12: 0 | AK12: 0 | AL12: 0 | AM12: T2N0M0 | AN12: 1 | AO12: N/A
A13: 4366490994 | D13: No | E13: LH17-13646 | F13: A20 | G13: A21 | H13: 42824 | I13: Total abdominal hysterectomy | J13: Endometrium | K13: N/A | L13: N/A | M13: N/A | N13: N/A | O13: N/A | P13: N/A | Q13: N/A | R13: N/A | S13: N/A | T13: N/A | U13: N/A | V13: N/A | W13: N/A | X13: N/A | Y13: N/A | Z13: N/A | AB13: F | AC13: 11938 | AE13: =DATEDIF(AC13, AD13,"Y") -> #NUM! | AF13: High-grade serous adenocarcinoma of the endometrium | AG13: Specimen | AH13: N/A | AI13: N/R | AJ13: N/R | AK13: 1 (Omentum) | AL13: 1 (Lung and lymph node) | AM13: N/A | AN13: 3 | AO13: N/A
A14: 4508221386 | D14: No | E14: LH17-15131 | F14: A15 | G14: A12 | H14: 42835 | I14: Total abdominal hysterectomy | J14: Endometrium | K14: N/A | L14: N/A | M14: N/A | N14: N/A | O14: N/A | P14: N/A | Q14: N/A | R14: N/A | S14: N/A | T14: N/A | U14: N/A | V14: N/A | W14: LH17-15131 | X14: G2 | Y14: Lymph node | Z14: 42835 | AB14: F | AC14: 17315 | AE14: =DATEDIF(AC14, AD14,"Y") -> #NUM! | AF14: Mixed high grade endometrioid and serous adenocarcinoma | AG14: Specimen | AH14: Yes | AI14: 1b | AJ14: 0 | AK14: 0 | AL14: 0 | AM14: T1BN0M0 | AN14: 3 | AO14: N/A
A15: 4905526434 | D15: No | E15: LH17-16034 | F15: A9 | G15: A15 | H15: 42843 | I15: Total abdominal hysterectomy | J15: Endometrium | K15: N/A | L15: N/A | M15: N/A | N15: N/A | O15: N/A | P15: N/A | Q15: N/A | R15: N/A | S15: N/A | T15: N/A | U15: N/A | V15: N/A | W15: N/A | X15: N/A | Y15: N/A | Z15: N/A | AB15: F | AC15: 17188 | AE15: =DATEDIF(AC15, AD15,"Y") -> #NUM! | AF15: Papillary serous carcinoma | AG15: Specimen | AH15: Yes | AI15: 1b | AJ15: 0 | AK15: 0 | AL15: 0 | AM15: T1BN0M0 | AN15: 3 | AO15: N/A
A16: 4663105459 | D16: No | E16: LH17-16275 | F16: A6 | G16: A15 | H16: 42844 | I16: Total abdominal hysterectomy | J16: Endometrium | K16: N/A | L16: N/A | M16: N/A | N16: N/A | O16: N/A | P16: N/A | Q16: N/A | R16: N/A | S16: N/A | T16: N/A | U16: N/A | V16: N/A | W16: N/A | X16: N/A | Y16: N/A | Z16: N/A | AB16: F | AC16: 14460 | AE16: =DATEDIF(AC16, AD16,"Y") -> #NUM! | AF16: Adenocarcinoma. Mixed clear cell/endometriod | AG16: Specimen | AH16: Yes | AI16: 1a | AJ16: 0 | AK16: 0 | AL16: 0 | AM16: T1AN0M0 | AN16: N/R | AO16: N/A
A17: 4389042653 | D17: No | E17: LH17-20256 | F17: 8 | G17: 10 | H17: 42870 | I17: Total laparoscopic hysterectomy | J17: Endometrium | K17: N/A | L17: N/A | M17: N/A | N17: N/A | O17: N/A | P17: N/A | Q17: N/A | R17: N/A | S17: N/A | T17: N/A | U17: N/A | V17: N/A | W17: N/A | X17: N/A | Y17: N/A | Z17: N/A | AB17: F | AC17: 13661 | AE17: =DATEDIF(AC17, AD17,"Y") -> #NUM! | AF17: Endometrioid adenocarcinoma | AG17: Specimen | AH17: Yes | AI17: 1b | AJ17: 0 | AK17: 0 | AL17: 0 | AM17: T1BN0M0 | AN17: 1 | AO17: N/A
A18: 6100474530 | D18: No | E18: LH17-22802 | F18: 3 | G18: 5 | H18: 42886 | I18: Total laparoscopic hysterectomy | J18: Endometrium | K18: N/A | L18: N/A | M18: N/A | N18: N/A | O18: N/A | P18: N/A | Q18: N/A | R18: N/A | S18: N/A | T18: N/A | U18: N/A | V18: N/A | W18: N/A | X18: N/A | Y18: N/A | Z18: N/A | AB18: F | AC18: 13548 | AE18: =DATEDIF(AC18, AD18,"Y") -> #NUM! | AF18: Endometrioid adenocarcinoma | AG18: Specimen | AH18: Yes | AI18: 1b | AJ18: 0 | AK18: 0 | AL18: 0 | AM18: T1BN0M0 | AN18: 1 | AO18: N/A
A19: 4426025737 | D19: No | E19: LH17-25751 | F19: A16 | G19: A33 | H19: 42905 | I19: Total abdominal hysterectomy | J19: Endometrium | K19: N/A | L19: N/A | M19: N/A | N19: N/A | O19: N/A | P19: N/A | Q19: N/A | R19: N/A | S19: N/A | T19: N/A | U19: N/A | V19: N/A | W19: LH17-25751 | X19: C3 | Y19: Pelvic node | Z19: 42905 | AB19: F | AC19: 16269 | AE19: =DATEDIF(AC19, AD19,"Y") -> #NUM! | AF19: Endometrioid adenocarcinoma | AG19: Specimen | AH19: Yes | AI19: 1a | AJ19: 0 | AK19: 0 | AL19: 0 | AM19: T1AN0M0 | AN19: 2 | AO19: N/A
A20: 6189690610 | D20: No | E20: LH17-28006 | F20: A11 | G20: A13 | H20: 42919 | I20: Total laparoscopic hysterectomy/Bilateral salpingo-oophorectomy | J20: Endometrium | K20: N/A | L20: N/A | M20: N/A | N20: N/A | O20: N/A | P20: N/A | Q20: N/A | R20: N/A | S20: N/A | T20: N/A | U20: N/A | V20: N/A | W20: N/A | X20: N/A | Y20: N/A | Z20: N/A | AB20: F | AC20: 10969 | AE20: =DATEDIF(AC20, AD20,"Y") -> #NUM! | AF20: Serous adenocarcinoma | AG20: Specimen | AH20: Yes | AI20: 1b | AJ20: 0 | AK20: 0 | AL20: 0 | AM20: T1BN0M0 | AN20: 3 | AO20: N/A
A21: 4740277069 | D21: No | E21: LH17-28649 | F21: A6 | G21: A11 | H21: 42922 | I21: Total laparoscopic hysterectomy/Bilateral salpingo-oophorectomy | J21: Endometrium | K21: N/A | L21: N/A | M21: N/A | N21: N/A | O21: N/A | P21: N/A | Q21: N/A | R21: N/A | S21: N/A | T21: N/A | U21: N/A | V21: N/A | W21: N/A | X21: N/A | Y21: N/A | Z21: N/A | AB21: F | AC21: 16888 | AE21: =DATEDIF(AC21, AD21,"Y") -> #NUM! | AF21: Endometrioid adenocarcinoma | AG21: Specimen | AH21: N/R | AI21: 1b | AJ21: 0 | AK21: 0 | AL21: 0 | AM21: T1BN0M0 | AN21: 1 | AO21: N/A
A22: 4100098251 | D22: No | E22: LH17-29718 | F22: 15 | G22: 6 | H22: 42929 | I22: Total laparoscopic hysterectomy/Bilateral salpingo-oophorectomy | J22: Endometrium | K22: N/A | L22: N/A | M22: N/A | N22: N/A | O22: N/A | P22: N/A | Q22: N/A | R22: N/A | S22: N/A | T22: N/A | U22: N/A | V22: N/A | W22: N/A | X22: N/A | Y22: N/A | Z22: N/A | AB22: F | AC22: 15527 | AE22: =DATEDIF(AC22, AD22,"Y") -> #NUM! | AF22: Endometrioid adenocarcinoma | AG22: Specimen | AH22: N/R | AI22: 1a | AJ22: 0 | AK22: 0 | AL22: 0 | AM22: T1AN0M0 | AN22: 1 | AO22: N/A
A23: 4860460391 | D23: No | E23: LH17-30635 | F23: A13 | G23: A14 | H23: 42935 | I23: Total laparoscopic hysterectomy | J23: Endometrium | K23: N/A | L23: N/A | M23: N/A | N23: N/A | O23: N/A | P23: N/A | Q23: N/A | R23: N/A | S23: N/A | T23: N/A | U23: N/A | V23: N/A | W23: LH17-30635 | X23: D3 | Y23: Pelvic node | Z23: 42935 | AB23: F | AC23: 21181 | AE23: =DATEDIF(AC23, AD23,"Y") -> #NUM! | AF23: Endometrioid adenocarcinoma | AG23: Specimen | AH23: Yes | AI23: 1b | AJ23: 0 | AK23: 0 | AL23: 0 | AM23: T1BN0M0 | AN23: 3 | AO23: N/A
A24: 4424137554 | B24: N/A | C24: N/A | D24: N/A | E24: N/A | F24: N/A | G24: N/A | H24: N/A | I24: N/A | J24: N/A | K24: N/A | L24: N/A | M24: N/A | N24: N/A | O24: N/A | P24: N/A | Q24: N/A | R24: N/A | S24: N/A | T24: N/A | U24: N/A | V24: N/A | W24: LH17-30829 | X24: D4 | Y24: Pelvic node | Z24: 42936 | AB24: F | AC24: 15088 | AE24: =DATEDIF(AC24, AD24,"Y") -> #NUM! | AF24: N/A | AG24: N/A | AH24: N/A | AI24: N/A | AJ24: N/A | AK24: N/A | AL24: N/A | AM24: N/A | AN24: N/A | AO24: N/A | AP24: N/A | AQ24: N/A | AR24: N/A | AS24: N/A | AT24: N/A | AU24: N/A | AV24: N/A | AW24: N/A | AX24: N/A | AY24: N/A | AZ24: N/A | BA24: N/A | BB24: N/A | BC24: N/A | BD24: N/A | BE24: N/A | BF24: N/A | BG24: N/A | BH24: N/A | BI24: N/A | BJ24: N/A | BK24: N/A | BL24: N/A | BM24: N/A | BN24: N/A | BO24: N/A | BP24: N/A | BQ24: N/A | BR24: N/A | BS24: N/A | BT24: N/A | BU24: N/A | BV24: N/A | BW24: N/A | BX24: N/A | BY24: N/A | BZ24: N/A | CA24: N/A | CB24: N/A | CC24: N/A | CD24: N/A | CE24: N/A | CF24: N/A | CG24: N/A | CH24: N/A | CI24: N/A | CJ24: N/A | CK24: N/A | CL24: N/A | CM24: N/A | CN24: N/A | CO24: N/A | CP24: N/A | CQ24: N/A | CR24: N/A | CS24: N/A | CT24: N/A | CU24: N/A | CV24: N/A | CW24: N/A | CX24: N/A | CY24: N/A | CZ24: N/A | DA24: N/A | DB24: N/A | DC24: N/A | DD24: N/A | DE24: N/A | DF24: N/A | DG24: N/A | DH24: N/A | DI24: N/A | DJ24: N/A | DK24: N/A | DL24: N/A | DM24: N/A | DN24: N/A | DO24: N/A | DP24: N/A | DQ24: N/A | DR24: N/A | DS24: N/A | DT24: N/A | DU24: N/A | DV24: N/A | DW24: N/A | DX24: N/A | DY24: N/A | DZ24: N/A | EA24: N/A | EB24: N/A | EC24: N/A | ED24: N/A | EE24: N/A | EF24: N/A | EG24: N/A | EH24: N/A | EI24: N/A | EJ24: N/A | EK24: N/A | EL24: N/A | EM24: N/A | EN24: N/A | EO24: N/A | EP24: N/A | EQ24: N/A | ER24: N/A | ES24: N/A | ET24: N/A | EU24: N/A | EV24: N/A | EW24: N/A | EX24: N/A | EY24: N/A | EZ24: N/A | FA24: N/A | FB24: N/A | FC24: N/A | FD24: N/A | FE24: N/A | FF24: N/A | FG24: N/A | FH24: N/A | FI24: N/A | FJ24: N/A | FK24: N/A | FL24: N/A | FM24: N/A | FN24: N/A | FO24: N/A | FP24: N/A | FQ24: N/A | FR24: N/A | FS24: N/A | FT24: N/A | FU24: N/A | FV24: N/A | FW24: N/A | FX24: N/A | FY24: N/A | FZ24: N/A | GA24: N/A | GB24: N/A | GC24: N/A | GD24: N/A | GE24: N/A | GF24: N/A | GG24: N/A | GH24: N/A | GI24: N/A | GJ24: N/A | GK24: N/A | GL24: N/A | GM24: N/A | GN24: N/A | GO24: N/A | GP24: N/A | GQ24: N/A | GR24: N/A | GS24: N/A | GT24: N/A | GU24: N/A | GV24: N/A | GW24: N/A | GX24: N/A | GY24: N/A | GZ24: N/A | HA24: N/A | HB24: N/A | HC24: N/A | HD24: N/A | HE24: N/A | HF24: N/A | HG24: N/A | HH24: N/A | HI24: N/A | HJ24: N/A | HK24: N/A | HL24: N/A | HM24: N/A | HN24: N/A | HO24: N/A | HP24: N/A | HQ24: N/A | HR24: N/A | HS24: N/A | HT24: N/A | HU24: N/A | HV24: N/A | HW24: N/A | HX24: N/A | HY24: N/A | HZ24: N/A | IA24: N/A | IB24: N/A | IC24: N/A | ID24: N/A | IE24: N/A | IF24: N/A | IG24: N/A | IH24: N/A | II24: N/A | IJ24: N/A | IK24: N/A | IL24: N/A | IM24: N/A | IN24: N/A | IO24: N/A | IP24: N/A | IQ24: N/A | IR24: N/A | IS24: N/A | IT24: N/A | IU24: N/A | IV24: N/A | IW24: N/A | IX24: N/A | IY24: N/A | IZ24: N/A | JA24: N/A | JB24: N/A | JC24: N/A | JD24: N/A | JE24: N/A | JF24: N/A | JG24: N/A | JH24: N/A | JI24: N/A | JJ24: N/A | JK24: N/A | JL24: N/A | JM24: N/A | JN24: N/A | JO24: N/A | JP24: N/A | JQ24: N/A | JR24: N/A | JS24: N/A | JT24: N/A | JU24: N/A | JV24: N/A | JW24: N/A | JX24: N/A | JY24: N/A | JZ24: N/A | KA24: N/A | KB24: N/A | KC24: N/A | KD24: N/A | KE24: N/A | KF24: N/A | KG24: N/A | KH24: N/A | KI24: N/A | KJ24: N/A | KK24: N/A | KL24: N/A | KM24: N/A | KN24: N/A | KO24: N/A | KP24: N/A | KQ24: N/A | KR24: N/A | KS24: N/A | KT24: N/A | KU24: N/A | KV24: N/A | KW24: N/A | KX24: N/A | KY24: N/A | KZ24: N/A | LA24: N/A | LB24: N/A | LC24: N/A | LD24: N/A | LE24: N/A | LF24: N/A | LG24: N/A | LH24: N/A | LI24: N/A | LJ24: N/A | LK24: N/A | LL24: N/A | LM24: N/A | LN24: N/A | LO24: N/A | LP24: N/A | LQ24: N/A | LR24: N/A | LS24: N/A | LT24: N/A | LU24: N/A | LV24: N/A | LW24: N/A | LX24: N/A | LY24: N/A | LZ24: N/A | MA24: N/A | MB24: N/A | MC24: N/A | MD24: N/A | ME24: N/A | MF24: N/A | MG24: N/A | MH24: N/A | MI24: N/A | MJ24: N/A | MK24: N/A | ML24: N/A | MM24: N/A | MN24: N/A | MO24: N/A | MP24: N/A | MQ24: N/A | MR24: N/A | MS24: N/A | MT24: N/A | MU24: N/A | MV24: N/A | MW24: N/A | MX24: N/A | MY24: N/A | MZ24: N/A | NA24: N/A | NB24: N/A | NC24: N/A | ND24: N/A | NE24: N/A | NF24: N/A | NG24: N/A | NH24: N/A | NI24: N/A | NJ24: N/A | NK24: N/A | NL24: N/A | NM24: N/A | NN24: N/A | NO24: N/A | NP24: N/A | NQ24: N/A | NR24: N/A | NS24: N/A | NT24: N/A | NU24: N/A | NV24: N/A | NW24: N/A | NX24: N/A | NY24: N/A | NZ24: N/A
A25: 4308926637 | D25: No | E25: LH17-30839 | F25: A15 | G25: N/A | H25: 42936 | I25: Total abdominal hysterectomy with bilateral salpingo-oophorectomy. | J25: Endometrium | K25: N/A | L25: N/A | M25: N/A | N25: N/A | O25: N/A | P25: N/A | Q25: N/A | R25: N/A | S25: N/A | T25: N/A | U25: N/A | V25: N/A | W25: N/A | X25: N/A | Y25: N/A | Z25: N/A | AB25: F | AC25: 14734 | AE25: =DATEDIF(AC25, AD25,"Y") -> #NUM! | AF25: Endometrioid carcinoma | AG25: Specimen | AH25: Yes | AI25: 1a | AJ25: 0 | AK25: 0 | AL25: 0 | AM25: T1AN0M0 | AN25: 1 | AO25: N/A
A26: 4861789125 | D26: No | E26: LH17-30974 | F26: A12 | G26: A22 | H26: 42937 | I26: Total abdominal hysterectomy | J26: Endometrium | K26: N/A | L26: N/A | M26: N/A | N26: N/A | O26: N/A | P26: N/A | Q26: N/A | R26: N/A | S26: N/A | T26: N/A | U26: N/A | V26: N/A | W26: N/A | X26: N/A | Y26: N/A | Z26: N/A | AB26: F | AC26: 22500 | AE26: =DATEDIF(AC26, AD26,"Y") -> #NUM! | AF26: Endometrioid adenocarcinoma | AG26: Specimen | AH26: Yes | AI26: 1a | AJ26: 0 | AK26: 0 | AL26: 0 | AM26: T1AN0M0 | AN26: 1 | AO26: N/A
A27: 4520776414 | D27: No | E27: LH17-32555 | F27: A6 | G27: N/A | H27: 42948 | I27: Total laparoscopic hysterectomy | J27: Endometrium | K27: N/A | L27: N/A | M27: N/A | N27: N/A | O27: N/A | P27: N/A | Q27: N/A | R27: N/A | S27: N/A | T27: N/A | U27: N/A | V27: N/A | W27: N/A | X27: N/A | Y27: N/A | Z27: N/A | AB27: F | AC27: 19253 | AE27: =DATEDIF(AC27, AD27,"Y") -> #NUM! | AF27: Endometrioid adenocarcinoma | AG27: Specimen | AH27: Yes | AI27: 1b | AJ27: 0 | AK27: 0 | AL27: 0 | AM27: T1BN0M0 | AN27: 1 | AO27: N/A
A28: 4582803245 | D28: No | E28: LH17-32987 | F28: 6 | G28: 7 | H28: 42950 | I28: Total laparoscopic hysterectomy/Bilateral salpingo-oophorectomy | J28: Endometrium | K28: N/A | L28: N/A | M28: N/A | N28: N/A | O28: N/A | P28: N/A | Q28: N/A | R28: N/A | S28: N/A | T28: N/A | U28: N/A | V28: N/A | W28: N/A | X28: N/A | Y28: N/A | Z28: N/A | AB28: F | AC28: 20209 | AE28: =DATEDIF(AC28, AD28,"Y") -> #NUM! | AF28: Endometrioid carcinoma | AG28: Specimen | AH28: N/R | AI28: 2 | AJ28: 0 | AK28: 0 | AL28: 0 | AM28: T2N0M0 | AN28: 2 | AO28: N/A
A29: 4948238384 | D29: No | E29: LH17-33790 | F29: A11 | G29: A12 | H29: 42956 | I29: Total abdominal hysterectomy | J29: Endometrium | K29: N/A | L29: N/A | M29: N/A | N29: N/A | O29: N/A | P29: N/A | Q29: N/A | R29: N/A | S29: N/A | T29: N/A | U29: N/A | V29: N/A | W29: LH17-33790 | X29: C3 | Y29: Pelvic node | Z29: 42956 | AB29: F | AC29: 12619 | AE29: =DATEDIF(AC29, AD29,"Y") -> #NUM! | AF29: Endometrioid adenocarcinoma | AG29: Specimen | AH29: Yes | AI29: 3a | AJ29: 0 | AK29: 0 | AL29: 0 | AM29: T3AN0M0 | AN29: 3 | AO29: N/A
A30: 4583815352 | D30: No | E30: LH17-34068 | F30: 4 | G30: N/A | H30: 42957 | I30: Total laparoscopic hysterectomy | J30: Endometrium | K30: N/A | L30: N/A | M30: N/A | N30: N/A | O30: N/A | P30: N/A | Q30: N/A | R30: N/A | S30: N/A | T30: N/A | U30: N/A | V30: N/A | W30: N/A | X30: N/A | Y30: N/A | Z30: N/A | AB30: F | AC30: 20935 | AE30: =DATEDIF(AC30, AD30,"Y") -> #NUM! | AF30: Endometrioid adenocarcinoma | AG30: Specimen | AH30: N/R | AI30: 1a | AJ30: 0 | AK30: 0 | AL30: 0 | AM30: T1AN0M0 | AN30: 1 | AO30: N/A
A31: 4109016088 | D31: No | E31: LH17-34353 | F31: A7 | G31: A6 | H31: 42961 | I31: Total abdominal hysterectomy | J31: Endometrium | K31: N/A | L31: N/A | M31: N/A | N31: N/A | O31: N/A | P31: N/A | Q31: N/A | R31: N/A | S31: N/A | T31: N/A | U31: N/A | V31: N/A | W31: N/A | X31: N/A | Y31: N/A | Z31: N/A | AB31: F | AC31: 16954 | AE31: =DATEDIF(AC31, AD31,"Y") -> #NUM! | AF31: Carcinosarcoma with heterologous elements | AG31: Specimen | AH31: Yes | AI31: 3 | AJ31: 2 | AK31: 0 | AL31: 0 | AM31: T3CN2M0 | AN31: N/R | AO31: N/A
A32: 4343616568 | D32: No | E32: LH17-35617 | F32: A2 | G32: N/A | H32: 42968 | I32: Total laparoscopic hysterectomy | J32: Endometrium | K32: N/A | L32: N/A | M32: N/A | N32: N/A | O32: N/A | P32: N/A | Q32: N/A | R32: N/A | S32: N/A | T32: N/A | U32: N/A | V32: N/A | W32: N/A | X32: N/A | Y32: N/A | Z32: N/A | AB32: F | AC32: 12808 | AE32: =DATEDIF(AC32, AD32,"Y") -> #NUM! | AF32: Endometrioid carcinoma | AG32: Specimen | AH32: Yes | AI32: 1a | AJ32: 0 | AK32: 0 | AL32: 0 | AM32: T1AN0M0 | AN32: 1 | AO32: N/A
A33: 4483680641 | D33: No | E33: LH17-35965 | F33: A9 | G33: A10 | H33: 42970 | I33: Total laparoscopic hysterectomy,bso,omental biopsy, pelvic and pa lymph node sampling | J33: Endometrium | K33: N/A | L33: N/A | M33: N/A | N33: N/A | O33: N/A | P33: N/A | Q33: N/A | R33: N/A | S33: N/A | T33: N/A | U33: N/A | V33: N/A | W33: LH17-35965 | X33: B4 | Y33: Lymph node | Z33: 42970 | AB33: F | AC33: 20760 | AE33: =DATEDIF(AC33, AD33,"Y") -> #NUM! | AF33: Clear cell carcinoma of endometrium | AG33: Specimen | AH33: Yes | AI33: 2 | AJ33: 0 | AK33: 0 | AL33: 0 | AM33: T2N0M0 | AN33: 3 | AO33: N/A
A34: 4347092857 | D34: No | E34: LH17-36526 | F34: A7 | G34: A6 | H34: 42976 | I34: Total laparoscopic hysterectomy | J34: Endometrium | K34: N/A | L34: N/A | M34: N/A | N34: N/A | O34: N/A | P34: N/A | Q34: N/A | R34: N/A | S34: N/A | T34: N/A | U34: N/A | V34: N/A | W34: N/A | X34: N/A | Y34: N/A | Z34: N/A | AB34: F | AC34: 12091 | AE34: =DATEDIF(AC34, AD34,"Y") -> #NUM! | AF34: Endometrioid carcinoma | AG34: Specimen | AH34: Yes | AI34: 3 | AJ34: 1 | AK34: 0 | AL34: 0 | AM34: T3CN1M0 | AN34: 2 | AO34: N/A
A35: 4583119461 | D35: No | E35: LH17-36679 | F35: A9 | G35: A8 | H35: 42976 | I35: Total abdominal hysterectomy | J35: Endometrium | K35: N/A | L35: N/A | M35: N/A | N35: N/A | O35: N/A | P35: N/A | Q35: N/A | R35: N/A | S35: N/A | T35: N/A | U35: N/A | V35: N/A | W35: N/A | X35: N/A | Y35: N/A | Z35: N/A | AB35: F | AC35: 20795 | AE35: =DATEDIF(AC35, AD35,"Y") -> #NUM! | AF35: Endometrioid carcinoma | AG35: Specimen | AH35: Yes | AI35: 3 | AJ35: 2 | AK35: 0 | AL35: 0 | AM35: T3CN2M0 | AN35: 2 | AO35: N/A
A36: 4425422260 | D36: No | E36: LH17-37241 | F36: A5 | G36: A6 | H36: 42979 | I36: Total abdominal hysterectomy | J36: Endometrium | K36: N/A | L36: N/A | M36: N/A | N36: N/A | O36: N/A | P36: N/A | Q36: N/A | R36: N/A | S36: N/A | T36: N/A | U36: N/A | V36: N/A | W36: N/A | X36: N/A | Y36: N/A | Z36: N/A | AB36: F | AC36: 15300 | AE36: =DATEDIF(AC36, AD36,"Y") -> #NUM! | AF36: Carcinosarcoma with heterologous elements | AG36: Specimen | AH36: Yes | AI36: 1b | AJ36: 0 | AK36: 0 | AL36: 0 | AM36: T1BN0M0 | AN36: 3 | AO36: N/A
A37: 4382637317 | D37: No | E37: LH17-37984 | F37: A4 | G37: A5 | H37: 42984 | I37: Total abdominal hysterectomy | J37: Endometrium | K37: N/A | L37: N/A | M37: N/A | N37: N/A | O37: N/A | P37: N/A | Q37: N/A | R37: N/A | S37: N/A | T37: N/A | U37: N/A | V37: N/A | W37: N/A | X37: N/A | Y37: N/A | Z37: N/A | AB37: F | AC37: 19707 | AE37: =DATEDIF(AC37, AD37,"Y") -> #NUM! | AF37: Endometrioid adenocarcinoma with foci of clear cell differentiation | AG37: Specimen | AH37: Yes | AI37: 1b | AJ37: 0 | AK37: 0 | AL37: 0 | AM37: T1BN0M0 | AN37: 2 | AO37: N/A
A38: 6263484020 | D38: No | E38: LH17-38467 | F38: A7 | G38: A6 | H38: 42989 | I38: Total abdominal hysterectomy | J38: Endometrium | K38: N/A | L38: N/A | M38: N/A | N38: N/A | O38: N/A | P38: N/A | Q38: N/A | R38: N/A | S38: N/A | T38: N/A | U38: N/A | V38: N/A | W38: N/A | X38: N/A | Y38: N/A | Z38: N/A | AB38: F | AC38: 19352 | AE38: =DATEDIF(AC38, AD38,"Y") -> #NUM! | AF38: Endometrioid carcinoma | AG38: Specimen | AH38: Yes | AI38: 3 | AJ38: 1 | AK38: 0 | AL38: 0 | AM38: T3CN1M0 | AN38: 2 | AO38: N/A
A39: 4508116930 | D39: No | E39: LH17-40476 | F39: A6 | G39: A7 | H39: 43000 | I39: Laparotomy/Total abdominal hysterectomy/Bilateral salpingo-oophorectomy/Pelvic and para-aortic lymphadenectomy/Omentectomy | J39: Endometrium | K39: N/A | L39: N/A | M39: N/A | N39: N/A | O39: N/A | P39: N/A | Q39: N/A | R39: N/A | S39: N/A | T39: N/A | U39: N/A | V39: N/A | W39: LH17-40476 | X39: D9 | Y39: Pelvic node | Z39: 43000 | AB39: F | AC39: 17624 | AE39: =DATEDIF(AC39, AD39,"Y") -> #NUM! | AF39: High-grade serous carcinoma | AG39: Specimen | AH39: Yes | AI39: 1b | AJ39: 0 | AK39: 0 | AL39: 0 | AM39: T1BN0M0 | AN39: 3 | AO39: N/A
A40: 6164754372 | D40: No | E40: LH17-41239 | F40: A13 | G40: A22 | H40: 43005 | I40: Laparotomy, total abdominal hysterectomy, bilateral salpingo-oophorectomy, infracolic omentectomy, pelvic and PA node dissection | J40: Endometrium | K40: N/A | L40: N/A | M40: N/A | N40: N/A | O40: N/A | P40: N/A | Q40: N/A | R40: N/A | S40: N/A | T40: N/A | U40: N/A | V40: N/A | W40: N/A | X40: N/A | Y40: N/A | Z40: N/A | AB40: F | AC40: 15130 | AE40: =DATEDIF(AC40, AD40,"Y") -> #NUM! | AF40: Carcinosarcoma showing rhabdomyoblastic differentiation | AG40: Specimen | AH40: Yes | AI40: 3 | AJ40: 2 | AK40: 0 | AL40: 0 | AM40: T3CN2M0 | AN40: 3 | AO40: N/A
A41: 4041363497 | D41: No | E41: LH17-41484 | F41: A4 | G41: A5 | H41: 43006 | I41: Total abdominal hysterectomy nec | J41: Endometrium | K41: N/A | L41: N/A | M41: N/A | N41: N/A | O41: N/A | P41: N/A | Q41: N/A | R41: N/A | S41: N/A | T41: N/A | U41: N/A | V41: N/A | W41: N/A | X41: N/A | Y41: N/A | Z41: N/A | AB41: F | AC41: 15879 | AE41: =DATEDIF(AC41, AD41,"Y") -> #NUM! | AF41: Endometrioid adenocarcinoma | AG41: Specimen | AH41: Yes | AI41: 3 | AJ41: 1 | AK41: 0 | AL41: 0 | AM41: T3CN1M0 | AN41: 3 | AO41: N/A
A42: 4581977029 | D42: No | E42: LH17-41775 | F42: A8 | G42: A16 | H42: 43007 | I42: Laparotomy with total abdominal hysterectomy, bilateral salpingo-oophorectomy, infracolic omentectomy, right pelvic lymphadenectomy and para-aortic lymph node sampling | J42: Endometrium | K42: N/A | L42: N/A | M42: N/A | N42: N/A | O42: N/A | P42: N/A | Q42: N/A | R42: N/A | S42: N/A | T42: N/A | U42: N/A | V42: N/A | W42: N/A | X42: N/A | Y42: N/A | Z42: N/A | AB42: F | AC42: 19463 | AE42: =DATEDIF(AC42, AD42,"Y") -> #NUM! | AF42: Endometrioid adenocarcinoma | AG42: Specimen | AH42: Yes | AI42: 1a | AJ42: 0 | AK42: 0 | AL42: 0 | AM42: T1AN0M0 | AN42: 1 | AO42: N/A
A43: 4381180755 | D43: No | E43: LH17-42076 | F43: A6 | G43: N/A | H43: 43010 | I43: Total laparoscopic hysterectomy | J43: Endometrium | K43: N/A | L43: N/A | M43: N/A | N43: N/A | O43: N/A | P43: N/A | Q43: N/A | R43: N/A | S43: N/A | T43: N/A | U43: N/A | V43: N/A | W43: N/A | X43: N/A | Y43: N/A | Z43: N/A | AB43: F | AC43: 15743 | AE43: =DATEDIF(AC43, AD43,"Y") -> #NUM! | AF43: Endometrioid carcinoma | AG43: Specimen | AH43: Yes | AI43: 1b | AJ43: 0 | AK43: 0 | AL43: 0 | AM43: T1BN0M0 | AN43: 2 | AO43: N/A
A44: 6307569778 | D44: No | E44: LH17-42609 | F44: A17 | G44: A18 | H44: 43013 | I44: Total abdominal hysterectomy | J44: Endometrium | K44: N/A | L44: N/A | M44: N/A | N44: N/A | O44: N/A | P44: N/A | Q44: N/A | R44: N/A | S44: N/A | T44: N/A | U44: N/A | V44: N/A | W44: LH17-42609 | X44: C8 | Y44: Pelvic node | Z44: 43013 | AB44: F | AC44: 19034 | AE44: =DATEDIF(AC44, AD44,"Y") -> #NUM! | AF44: High grade serous carcinoma | AG44: Specimen | AH44: Yes | AI44: 2 | AJ44: 0 | AK44: 0 | AL44: 0 | AM44: T2N0M0 | AN44: 3 | AO44: N/A
A45: 4122056497 | D45: No | E45: LH17-43301 | F45: A7 | G45: A15 | H45: 43018 | I45: Total abdominal hysterectomy | J45: Endometrium | K45: N/A | L45: N/A | M45: N/A | N45: N/A | O45: N/A | P45: N/A | Q45: N/A | R45: N/A | S45: N/A | T45: N/A | U45: N/A | V45: N/A | W45: N/A | X45: N/A | Y45: N/A | Z45: N/A | AB45: F | AC45: 26259 | AE45: =DATEDIF(AC45, AD45,"Y") -> #NUM! | AF45: Endometrioid carcinoma | AG45: Specimen | AH45: Yes | AI45: 3 | AJ45: 2 | AK45: 0 | AL45: 0 | AM45: T3CN2M0 | AN45: 2 | AO45: N/A
A46: 4462765699 | D46: No | E46: LH17-43390 | F46: A4 | G46: A7 | H46: 43018 | I46: Total abdominal hysterectomy | J46: Endometrium | K46: N/A | L46: N/A | M46: N/A | N46: N/A | O46: N/A | P46: N/A | Q46: N/A | R46: N/A | S46: N/A | T46: N/A | U46: N/A | V46: N/A | W46: N/A | X46: N/A | Y46: N/A | Z46: N/A | AB46: F | AC46: 21157 | AE46: =DATEDIF(AC46, AD46,"Y") -> #NUM! | AF46: High grade endometrioid carcinoma | AG46: Specimen | AH46: Yes | AI46: 3a | AJ46: 0 | AK46: 0 | AL46: 0 | AM46: T3AN0M0 | AN46: 3 | AO46: N/A
A47: 4520183251 | D47: No | E47: LH17-44148 | F47: A13 | G47: A20 | H47: 43024 | I47: Total abdominal hysterectomy | J47: Endometrium | K47: N/A | L47: N/A | M47: N/A | N47: N/A | O47: N/A | P47: N/A | Q47: N/A | R47: N/A | S47: N/A | T47: N/A | U47: N/A | V47: N/A | W47: LH17-44148 | X47: D6 | Y47: Pelvic node | Z47: 43024 | AB47: F | AC47: 18198 | AE47: =DATEDIF(AC47, AD47,"Y") -> #NUM! | AF47: Carcinosarcoma of endometrium, with heterologous differentiation | AG47: Specimen | AH47: Yes | AI47: NR | AJ47: NR | AK47: 1 (omentum) | AL47: 0 | AM47: N/A | AN47: 3 | AO47: N/A
A48: 4382520843 | D48: No | E48: LH17-44823 | F48: A2 | G48: A3 | H48: 43027 | I48: Total abdominal hysterectomy | J48: Endometrium | K48: N/A | L48: N/A | M48: N/A | N48: N/A | O48: N/A | P48: N/A | Q48: N/A | R48: N/A | S48: N/A | T48: N/A | U48: N/A | V48: N/A | W48: N/A | X48: N/A | Y48: N/A | Z48: N/A | AB48: F | AC48: 16412 | AE48: =DATEDIF(AC48, AD48,"Y") -> #NUM! | AF48: Endometrioid adenocarcinoma with secretory change | AG48: Specimen | AH48: No | AI48: 3b | AJ48: 0 | AK48: 0 | AL48: 0 | AM48: T3BN0M0 | AN48: 2 | AO48: N/A
A49: 6187579429 | D49: No | E49: LH17-45605 | F49: A9 | G49: A8 | H49: 43032 | I49: Total laparoscopic hysterectomy | J49: Endometrium | K49: N/A | L49: N/A | M49: N/A | N49: N/A | O49: N/A | P49: N/A | Q49: N/A | R49: N/A | S49: N/A | T49: N/A | U49: N/A | V49: N/A | W49: N/A | X49: N/A | Y49: N/A | Z49: N/A | AB49: F | AC49: 11629 | AE49: =DATEDIF(AC49, AD49,"Y") -> #NUM! | AF49: Endometrioid carcinoma | AG49: Specimen | AH49: Yes | AI49: 1b | AJ49: 0 | AK49: 0 | AL49: 0 | AM49: T1BN0M0 | AN49: 1 | AO49: N/A
A50: 4985797839 | D50: No | E50: LH17-46244 | F50: A6 | G50: A5 | H50: 43035 | I50: Total abdominal hysterectomy | J50: Endometrium | K50: N/A | L50: N/A | M50: N/A | N50: N/A | O50: N/A | P50: N/A | Q50: N/A | R50: N/A | S50: N/A | T50: N/A | U50: N/A | V50: N/A | W50: N/A | X50: N/A | Y50: N/A | Z50: N/A | AB50: F | AC50: 10699 | AE50: =DATEDIF(AC50, AD50,"Y") -> #NUM! | AF50: Endometrioid carcinoma | AG50: Specimen | AH50: No | AI50: 3 | AJ50: 1 | AK50: 0 | AL50: 0 | AM50: T3CN1M0 | AN50: 2 | AO50: N/A
A51: 4487137144 | D51: No | E51: LH17-47365 | F51: A11 | G51: A8 | H51: 43049 | I51: Total laparoscopic hysterectomy | J51: Endometrium | K51: N/A | L51: N/A | M51: N/A | N51: N/A | O51: N/A | P51: N/A | Q51: N/A | R51: N/A | S51: N/A | T51: N/A | U51: N/A | V51: N/A | W51: N/A | X51: N/A | Y51: N/A | Z51: N/A | AB51: F | AC51: 21530 | AE51: =DATEDIF(AC51, AD51,"Y") -> #NUM! | AF51: Endometrioid adenocarcinoma | AG51: Specimen | AH51: Yes | AI51: 1a | AJ51: 0 | AK51: 0 | AL51: 0 | AM51: T1AN0M0 | AN51: 1 | AO51: N/A
A52: 4360677073 | D52: No | E52: LH17-48623 | F52: A10 | G52: A16 | H52: 43045 | I52: Total abdominal hysterectomy | J52: Endometrium | K52: N/A | L52: N/A | M52: N/A | N52: N/A | O52: N/A | P52: N/A | Q52: N/A | R52: N/A | S52: N/A | T52: N/A | U52: N/A | V52: N/A | W52: LH17-48623 | X52: D2 | Y52: Pelvic node | Z52: 43045 | AB52: F | AC52: 14313 | AE52: =DATEDIF(AC52, AD52,"Y") -> #NUM! | AF52: Carcinosarcoma (with rhabdomyoblastic differentiation and high grade serous epithelial component) | AG52: Specimen | AH52: Yes | AI52: NR | AJ52: NR | AK52: 1 (Left common iliac) | AL52: 1 (omentum) | AM52: N/A | AN52: 3 | AO52: N/A
A53: 6229912589 | D53: No | E53: LH17-49693 | F53: A16 | G53: A7 | H53: 43056 | I53: Total laparoscopic hysterectomy | J53: Endometrium | K53: N/A | L53: N/A | M53: N/A | N53: N/A | O53: N/A | P53: N/A | Q53: N/A | R53: N/A | S53: N/A | T53: N/A | U53: N/A | V53: N/A | W53: N/A | X53: N/A | Y53: N/A | Z53: N/A | AB53: F | AC53: 15313 | AE53: =DATEDIF(AC53, AD53,"Y") -> #NUM! | AF53: Endometrioid adenocarcinoma | AG53: Specimen | AH53: Yes | AI53: 1b | AJ53: 0 | AK53: 0 | AL53: 0 | AM53: T1BN0M0 | AN53: 1 | AO53: N/A
A54: 4861611415 | D54: No | E54: LH17-49715 | F54: A11 | G54: A13 | H54: 43056 | I54: Total laparoscopic hysterectomy | J54: Endometrium | K54: N/A | L54: N/A | M54: N/A | N54: N/A | O54: N/A | P54: N/A | Q54: N/A | R54: N/A | S54: N/A | T54: N/A | U54: N/A | V54: N/A | W54: N/A | X54: N/A | Y54: N/A | Z54: N/A | AB54: F | AC54: 21568 | AE54: =DATEDIF(AC54, AD54,"Y") -> #NUM! | AF54: Endometrioid adenocarcinoma | AG54: Specimen | AI54: 1a | AJ54: 0 | AK54: 0 | AL54: 0 | AM54: T1AN0M0 | AN54: 1 | AO54: N/A
A55: 4489146531 | D55: No | E55: LH17-49816 | F55: A1 | G55: A2 | H55: 43056 | I55: Total laparoscopic hysterectomy | J55: Endometrium | K55: N/A | L55: N/A | M55: N/A | N55: N/A | O55: N/A | P55: N/A | Q55: N/A | R55: N/A | S55: N/A | T55: N/A | U55: N/A | V55: N/A | W55: LH17-49816 | X55: E3 | Y55: Para-aortic node | Z55: 43056 | AB55: F | AC55: 21139 | AE55: =DATEDIF(AC55, AD55,"Y") -> #NUM! | AF55: High grade serous endometrial carcinoma | AG55: Specimen | AH55: Yes | AI55: 2 | AJ55: 0 | AK55: 0 | AL55: 0 | AM55: T2N0M0 | AN55: 3 | AO55: N/A
A56: 4861418305 | D56: No | E56: LH17-50009 | F56: A5 | G56: A6 | H56: 43059 | I56: Total abdominal hysterectomy | J56: Endometrium | K56: N/A | L56: N/A | M56: N/A | N56: N/A | O56: N/A | P56: N/A | Q56: N/A | R56: N/A | S56: N/A | T56: N/A | U56: N/A | V56: N/A | W56: LH17-50009 | X56: D3 | Y56: Pelvic node | Z56: 43059 | AB56: F | AC56: 22169 | AE56: =DATEDIF(AC56, AD56,"Y") -> #NUM! | AF56: Endometrioid carcinoma of the endometrium | AG56: Specimen | AH56: Yes | AI56: 1a | AJ56: 0 | AK56: 0 | AL56: 0 | AM56: T1AN0M0 | AN56: 3 | AO56: N/A
A57: 4982509905 | B57: N/A | C57: N/A | D57: N/A | E57: N/A | F57: N/A | G57: N/A | H57: N/A | I57: N/A | J57: N/A | K57: N/A | L57: N/A | M57: N/A | N57: N/A | O57: N/A | P57: N/A | Q57: N/A | R57: N/A | S57: N/A | T57: N/A | U57: N/A | V57: N/A | W57: LH17-50634 | X57: C3 | Y57: Pelvic node | Z57: 43062 | AB57: F | AC57: 19838 | AE57: =DATEDIF(AC57, AD57,"Y") -> #NUM! | AF57: N/A | AG57: N/A | AH57: N/A | AI57: N/A | AJ57: N/A | AK57: N/A | AL57: N/A | AM57: N/A | AN57: N/A | AO57: N/A | AP57: N/A | AQ57: N/A | AR57: N/A | AS57: N/A | AT57: N/A | AU57: N/A | AV57: N/A | AW57: N/A | AX57: N/A | AY57: N/A | AZ57: N/A | BA57: N/A | BB57: N/A | BC57: N/A | BD57: N/A | BE57: N/A | BF57: N/A | BG57: N/A | BH57: N/A | BI57: N/A | BJ57: N/A | BK57: N/A | BL57: N/A | BM57: N/A | BN57: N/A | BO57: N/A | BP57: N/A | BQ57: N/A | BR57: N/A | BS57: N/A | BT57: N/A | BU57: N/A | BV57: N/A | BW57: N/A | BX57: N/A | BY57: N/A | BZ57: N/A | CA57: N/A | CB57: N/A | CC57: N/A | CD57: N/A | CE57: N/A | CF57: N/A | CG57: N/A | CH57: N/A | CI57: N/A | CJ57: N/A | CK57: N/A | CL57: N/A | CM57: N/A | CN57: N/A | CO57: N/A | CP57: N/A | CQ57: N/A | CR57: N/A | CS57: N/A | CT57: N/A | CU57: N/A | CV57: N/A | CW57: N/A | CX57: N/A | CY57: N/A | CZ57: N/A | DA57: N/A | DB57: N/A | DC57: N/A | DD57: N/A | DE57: N/A | DF57: N/A | DG57: N/A | DH57: N/A | DI57: N/A | DJ57: N/A | DK57: N/A | DL57: N/A | DM57: N/A | DN57: N/A | DO57: N/A | DP57: N/A | DQ57: N/A | DR57: N/A | DS57: N/A | DT57: N/A | DU57: N/A | DV57: N/A | DW57: N/A | DX57: N/A | DY57: N/A | DZ57: N/A | EA57: N/A | EB57: N/A | EC57: N/A | ED57: N/A | EE57: N/A | EF57: N/A | EG57: N/A | EH57: N/A | EI57: N/A | EJ57: N/A | EK57: N/A | EL57: N/A | EM57: N/A | EN57: N/A | EO57: N/A | EP57: N/A | EQ57: N/A | ER57: N/A | ES57: N/A | ET57: N/A | EU57: N/A | EV57: N/A | EW57: N/A | EX57: N/A | EY57: N/A | EZ57: N/A | FA57: N/A | FB57: N/A | FC57: N/A | FD57: N/A | FE57: N/A | FF57: N/A | FG57: N/A | FH57: N/A | FI57: N/A | FJ57: N/A | FK57: N/A | FL57: N/A | FM57: N/A | FN57: N/A | FO57: N/A | FP57: N/A | FQ57: N/A | FR57: N/A | FS57: N/A | FT57: N/A | FU57: N/A | FV57: N/A | FW57: N/A | FX57: N/A | FY57: N/A | FZ57: N/A | GA57: N/A | GB57: N/A | GC57: N/A | GD57: N/A | GE57: N/A | GF57: N/A | GG57: N/A | GH57: N/A | GI57: N/A | GJ57: N/A | GK57: N/A | GL57: N/A | GM57: N/A | GN57: N/A | GO57: N/A | GP57: N/A | GQ57: N/A | GR57: N/A | GS57: N/A | GT57: N/A | GU57: N/A | GV57: N/A | GW57: N/A | GX57: N/A | GY57: N/A | GZ57: N/A | HA57: N/A | HB57: N/A | HC57: N/A | HD57: N/A | HE57: N/A | HF57: N/A | HG57: N/A | HH57: N/A | HI57: N/A | HJ57: N/A | HK57: N/A | HL57: N/A | HM57: N/A | HN57: N/A | HO57: N/A | HP57: N/A | HQ57: N/A | HR57: N/A | HS57: N/A | HT57: N/A | HU57: N/A | HV57: N/A | HW57: N/A | HX57: N/A | HY57: N/A | HZ57: N/A | IA57: N/A | IB57: N/A | IC57: N/A | ID57: N/A | IE57: N/A | IF57: N/A | IG57: N/A | IH57: N/A | II57: N/A | IJ57: N/A | IK57: N/A | IL57: N/A | IM57: N/A | IN57: N/A | IO57: N/A | IP57: N/A | IQ57: N/A | IR57: N/A | IS57: N/A | IT57: N/A | IU57: N/A | IV57: N/A | IW57: N/A | IX57: N/A | IY57: N/A | IZ57: N/A | JA57: N/A | JB57: N/A | JC57: N/A | JD57: N/A | JE57: N/A | JF57: N/A | JG57: N/A | JH57: N/A | JI57: N/A | JJ57: N/A | JK57: N/A | JL57: N/A | JM57: N/A | JN57: N/A | JO57: N/A | JP57: N/A | JQ57: N/A | JR57: N/A | JS57: N/A | JT57: N/A | JU57: N/A | JV57: N/A | JW57: N/A | JX57: N/A | JY57: N/A | JZ57: N/A | KA57: N/A | KB57: N/A | KC57: N/A | KD57: N/A | KE57: N/A | KF57: N/A | KG57: N/A | KH57: N/A | KI57: N/A | KJ57: N/A | KK57: N/A | KL57: N/A | KM57: N/A | KN57: N/A | KO57: N/A | KP57: N/A | KQ57: N/A | KR57: N/A | KS57: N/A | KT57: N/A | KU57: N/A | KV57: N/A | KW57: N/A | KX57: N/A | KY57: N/A | KZ57: N/A | LA57: N/A | LB57: N/A | LC57: N/A | LD57: N/A | LE57: N/A | LF57: N/A | LG57: N/A | LH57: N/A | LI57: N/A | LJ57: N/A | LK57: N/A | LL57: N/A | LM57: N/A | LN57: N/A | LO57: N/A | LP57: N/A | LQ57: N/A | LR57: N/A | LS57: N/A | LT57: N/A | LU57: N/A | LV57: N/A | LW57: N/A | LX57: N/A | LY57: N/A | LZ57: N/A | MA57: N/A | MB57: N/A | MC57: N/A | MD57: N/A | ME57: N/A | MF57: N/A | MG57: N/A | MH57: N/A | MI57: N/A | MJ57: N/A | MK57: N/A | ML57: N/A | MM57: N/A | MN57: N/A | MO57: N/A | MP57: N/A | MQ57: N/A | MR57: N/A | MS57: N/A | MT57: N/A | MU57: N/A | MV57: N/A | MW57: N/A | MX57: N/A | MY57: N/A | MZ57: N/A | NA57: N/A | NB57: N/A | NC57: N/A | ND57: N/A | NE57: N/A | NF57: N/A | NG57: N/A | NH57: N/A | NI57: N/A | NJ57: N/A | NK57: N/A | NL57: N/A | NM57: N/A | NN57: N/A | NO57: N/A | NP57: N/A | NQ57: N/A | NR57: N/A | NS57: N/A | NT57: N/A | NU57: N/A | NV57: N/A | NW57: N/A | NX57: N/A | NY57: N/A | NZ57: N/A
A58: 4960912111 | D58: No | E58: LH17-51779 | F58: A5 | G58: A6 | H58: 43068 | I58: Total abdominal hysterectomy | J58: Endometrium | K58: N/A | L58: N/A | M58: N/A | N58: N/A | O58: N/A | P58: N/A | Q58: N/A | R58: N/A | S58: N/A | T58: N/A | U58: N/A | V58: N/A | W58: LH17-51779 | X58: C4 | Y58: Pelvic node | Z58: 43068 | AB58: F | AC58: 14195 | AE58: =DATEDIF(AC58, AD58,"Y") -> #NUM! | AF58: Endometrioid adenocarcinoma | AG58: Specimen | AH58: Yes | AI58: 3b | AJ58: 0 | AK58: 0 | AL58: 0 | AM58: T3BN0M0 | AN58: 2 | AO58: N/A
A59: 4989469372 | D59: No | E59: LH17-52159 | F59: A5 | G59: A7 | H59: 43073 | I59: Total laparoscopic hysterectomy | J59: Endometrium | K59: N/A | L59: N/A | M59: N/A | N59: N/A | O59: N/A | P59: N/A | Q59: N/A | R59: N/A | S59: N/A | T59: N/A | U59: N/A | V59: N/A | W59: N/A | X59: N/A | Y59: N/A | Z59: N/A | AB59: F | AC59: 14706 | AE59: =DATEDIF(AC59, AD59,"Y") -> #NUM! | AF59: Endometrioid carcinoma | AG59: Specimen | AH59: Yes | AI59: 1b | AJ59: 0 | AK59: 0 | AL59: 0 | AM59: T1BN0M0 | AN59: 1 | AO59: N/A
A60: 4582002722 | B60: N/A | C60: N/A | D60: N/A | E60: N/A | F60: N/A | G60: N/A | H60: N/A | I60: N/A | J60: N/A | K60: N/A | L60: N/A | M60: N/A | N60: N/A | O60: N/A | P60: N/A | Q60: N/A | R60: N/A | S60: N/A | T60: N/A | U60: N/A | V60: N/A | W60: LH17-52304 | X60: D3 | Y60: Pelvic node | Z60: 43075 | AB60: F | AC60: 19492 | AE60: =DATEDIF(AC60, AD60,"Y") -> #NUM! | AF60: N/A | AG60: N/A | AH60: N/A | AI60: N/A | AJ60: N/A | AK60: N/A | AL60: N/A | AM60: N/A | AN60: N/A | AO60: N/A | AP60: N/A | AQ60: N/A | AR60: N/A | AS60: N/A | AT60: N/A | AU60: N/A | AV60: N/A | AW60: N/A | AX60: N/A | AY60: N/A | AZ60: N/A | BA60: N/A | BB60: N/A | BC60: N/A | BD60: N/A | BE60: N/A | BF60: N/A | BG60: N/A | BH60: N/A | BI60: N/A | BJ60: N/A | BK60: N/A | BL60: N/A | BM60: N/A | BN60: N/A | BO60: N/A | BP60: N/A | BQ60: N/A | BR60: N/A | BS60: N/A | BT60: N/A | BU60: N/A | BV60: N/A | BW60: N/A | BX60: N/A | BY60: N/A | BZ60: N/A | CA60: N/A | CB60: N/A | CC60: N/A | CD60: N/A | CE60: N/A | CF60: N/A | CG60: N/A | CH60: N/A | CI60: N/A | CJ60: N/A | CK60: N/A | CL60: N/A | CM60: N/A | CN60: N/A | CO60: N/A | CP60: N/A | CQ60: N/A | CR60: N/A | CS60: N/A | CT60: N/A | CU60: N/A | CV60: N/A | CW60: N/A | CX60: N/A | CY60: N/A | CZ60: N/A | DA60: N/A | DB60: N/A | DC60: N/A | DD60: N/A | DE60: N/A | DF60: N/A | DG60: N/A | DH60: N/A | DI60: N/A | DJ60: N/A | DK60: N/A | DL60: N/A | DM60: N/A | DN60: N/A | DO60: N/A | DP60: N/A | DQ60: N/A | DR60: N/A | DS60: N/A | DT60: N/A | DU60: N/A | DV60: N/A | DW60: N/A | DX60: N/A | DY60: N/A | DZ60: N/A | EA60: N/A | EB60: N/A | EC60: N/A | ED60: N/A | EE60: N/A | EF60: N/A | EG60: N/A | EH60: N/A | EI60: N/A | EJ60: N/A | EK60: N/A | EL60: N/A | EM60: N/A | EN60: N/A | EO60: N/A | EP60: N/A | EQ60: N/A | ER60: N/A | ES60: N/A | ET60: N/A | EU60: N/A | EV60: N/A | EW60: N/A | EX60: N/A | EY60: N/A | EZ60: N/A | FA60: N/A | FB60: N/A | FC60: N/A | FD60: N/A | FE60: N/A | FF60: N/A | FG60: N/A | FH60: N/A | FI60: N/A | FJ60: N/A | FK60: N/A | FL60: N/A | FM60: N/A | FN60: N/A | FO60: N/A | FP60: N/A | FQ60: N/A | FR60: N/A | FS60: N/A | FT60: N/A | FU60: N/A | FV60: N/A | FW60: N/A | FX60: N/A | FY60: N/A | FZ60: N/A | GA60: N/A | GB60: N/A | GC60: N/A | GD60: N/A | GE60: N/A | GF60: N/A | GG60: N/A | GH60: N/A | GI60: N/A | GJ60: N/A | GK60: N/A | GL60: N/A | GM60: N/A | GN60: N/A | GO60: N/A | GP60: N/A | GQ60: N/A | GR60: N/A | GS60: N/A | GT60: N/A | GU60: N/A | GV60: N/A | GW60: N/A | GX60: N/A | GY60: N/A | GZ60: N/A | HA60: N/A | HB60: N/A | HC60: N/A | HD60: N/A | HE60: N/A | HF60: N/A | HG60: N/A | HH60: N/A | HI60: N/A | HJ60: N/A | HK60: N/A | HL60: N/A | HM60: N/A | HN60: N/A | HO60: N/A | HP60: N/A | HQ60: N/A | HR60: N/A | HS60: N/A | HT60: N/A | HU60: N/A | HV60: N/A | HW60: N/A | HX60: N/A | HY60: N/A | HZ60: N/A | IA60: N/A | IB60: N/A | IC60: N/A | ID60: N/A | IE60: N/A | IF60: N/A | IG60: N/A | IH60: N/A | II60: N/A | IJ60: N/A | IK60: N/A | IL60: N/A | IM60: N/A | IN60: N/A | IO60: N/A | IP60: N/A | IQ60: N/A | IR60: N/A | IS60: N/A | IT60: N/A | IU60: N/A | IV60: N/A | IW60: N/A | IX60: N/A | IY60: N/A | IZ60: N/A | JA60: N/A | JB60: N/A | JC60: N/A | JD60: N/A | JE60: N/A | JF60: N/A | JG60: N/A | JH60: N/A | JI60: N/A | JJ60: N/A | JK60: N/A | JL60: N/A | JM60: N/A | JN60: N/A | JO60: N/A | JP60: N/A | JQ60: N/A | JR60: N/A | JS60: N/A | JT60: N/A | JU60: N/A | JV60: N/A | JW60: N/A | JX60: N/A | JY60: N/A | JZ60: N/A | KA60: N/A | KB60: N/A | KC60: N/A | KD60: N/A | KE60: N/A | KF60: N/A | KG60: N/A | KH60: N/A | KI60: N/A | KJ60: N/A | KK60: N/A | KL60: N/A | KM60: N/A | KN60: N/A | KO60: N/A | KP60: N/A | KQ60: N/A | KR60: N/A | KS60: N/A | KT60: N/A | KU60: N/A | KV60: N/A | KW60: N/A | KX60: N/A | KY60: N/A | KZ60: N/A | LA60: N/A | LB60: N/A | LC60: N/A | LD60: N/A | LE60: N/A | LF60: N/A | LG60: N/A | LH60: N/A | LI60: N/A | LJ60: N/A | LK60: N/A | LL60: N/A | LM60: N/A | LN60: N/A | LO60: N/A | LP60: N/A | LQ60: N/A | LR60: N/A | LS60: N/A | LT60: N/A | LU60: N/A | LV60: N/A | LW60: N/A | LX60: N/A | LY60: N/A | LZ60: N/A | MA60: N/A | MB60: N/A | MC60: N/A | MD60: N/A | ME60: N/A | MF60: N/A | MG60: N/A | MH60: N/A | MI60: N/A | MJ60: N/A | MK60: N/A | ML60: N/A | MM60: N/A | MN60: N/A | MO60: N/A | MP60: N/A | MQ60: N/A | MR60: N/A | MS60: N/A | MT60: N/A | MU60: N/A | MV60: N/A | MW60: N/A | MX60: N/A | MY60: N/A | MZ60: N/A | NA60: N/A | NB60: N/A | NC60: N/A | ND60: N/A | NE60: N/A | NF60: N/A | NG60: N/A | NH60: N/A | NI60: N/A | NJ60: N/A | NK60: N/A | NL60: N/A | NM60: N/A | NN60: N/A | NO60: N/A | NP60: N/A | NQ60: N/A | NR60: N/A | NS60: N/A | NT60: N/A | NU60: N/A | NV60: N/A | NW60: N/A | NX60: N/A | NY60: N/A | NZ60: N/A
A61: 6286806113 | D61: No | E61: LH17-53225 | F61: A12 | G61: A13 | H61: 43077 | I61: Total abdominal hysterectomy | J61: Endometrium | K61: N/A | L61: N/A | M61: N/A | N61: N/A | O61: N/A | P61: N/A | Q61: N/A | R61: N/A | S61: N/A | T61: N/A | U61: N/A | V61: N/A | W61: N/A | X61: N/A | Y61: N/A | Z61: N/A | AB61: F | AC61: 16104 | AE61: =DATEDIF(AC61, AD61,"Y") -> #NUM! | AF61: Serous carcinoma of endometrium | AG61: Specimen | AH61: Yes | AI61: 1a | AJ61: 0 | AK61: 0 | AL61: 0 | AM61: T1AN0M0 | AN61: 3 | AO61: N/A
A62: 4509149697 | D62: No | E62: LH17-53882 | F62: A19 | G62: N/A | H62: 43082 | I62: Total laparoscopic hysterectomy | J62: Endometrium | K62: N/A | L62: N/A | M62: N/A | N62: N/A | O62: N/A | P62: N/A | Q62: N/A | R62: N/A | S62: N/A | T62: N/A | U62: N/A | V62: N/A | W62: N/A | X62: N/A | Y62: N/A | Z62: N/A | AB62: F | AC62: 18238 | AE62: =DATEDIF(AC62, AD62,"Y") -> #NUM! | AF62: Carcinosarcoma with heterologous elements | AG62: Specimen | AH62: Yes | AI62: 2 | AJ62: 0 | AK62: 0 | AL62: 0 | AM62: T2N0M0 | AN62: NR | AO62: N/A
A63: 4343549844 | D63: No | E63: LH17-54999 | F63: A6 | G63: A8 | H63: 43089 | I63: Total laparoscopic hysterectomy | J63: Endometrium | K63: N/A | L63: N/A | M63: N/A | N63: N/A | O63: N/A | P63: N/A | Q63: N/A | R63: N/A | S63: N/A | T63: N/A | U63: N/A | V63: N/A | W63: N/A | X63: N/A | Y63: N/A | Z63: N/A | AB63: F | AC63: 13918 | AE63: =DATEDIF(AC63, AD63,"Y") -> #NUM! | AF63: Endometrioid carcinoma | AG63: Specimen | AH63: Yes | AI63: 1a | AJ63: 0 | AK63: 0 | AL63: 0 | AM63: T1AN0M0 | AN63: 2 | AO63: N/A
A64: 4884142810 | D64: No | E64: LH17-55555 | F64: A19 | G64: A15 | H64: 43096 | I64: Total abdominal hysterectomy | J64: Endometrium | K64: N/A | L64: N/A | M64: N/A | N64: N/A | O64: N/A | P64: N/A | Q64: N/A | R64: N/A | S64: N/A | T64: N/A | U64: N/A | V64: N/A | W64: LH17-55555 | X64: C5 | Y64: Pelvic node | Z64: 43096 | AB64: F | AC64: 15728 | AE64: =DATEDIF(AC64, AD64,"Y") -> #NUM! | AF64: Carcinosarcoma with heterologous elements | AG64: Specimen | AH64: Yes | AI64: 3b | AJ64: 0 | AK64: 0 | AL64: 0 | AM64: T3BN0M0 | AN64: NR | AO64: N/A
A65: 4520918901 | D65: No | E65: LH18-00479 | F65: A3 | G65: A5 | H65: 43104 | I65: Total laparoscopic hysterectomy | J65: Endometrium | K65: N/A | L65: N/A | M65: N/A | N65: N/A | O65: N/A | P65: N/A | Q65: N/A | R65: N/A | S65: N/A | T65: N/A | U65: N/A | V65: N/A | W65: N/A | X65: N/A | Y65: N/A | Z65: N/A | AB65: F | AC65: 18755 | AE65: =DATEDIF(AC65, AD65,"Y") -> #NUM! | AF65: Serous adenocarcinoma of the endometrium | AG65: Specimen | AH65: Yes | AI65: 3 | AJ65: 2 | AK65: 0 | AL65: 0 | AM65: T3CN2M0 | AN65: 3 | AO65: N/A
A66: 4681263087 | D66: No | E66: LH18-01619 | F66: A3 | G66: N/A | H66: 43111 | I66: Total abdominal hysterectomy | J66: Endometrium | K66: N/A | L66: N/A | M66: N/A | N66: N/A | O66: N/A | P66: N/A | Q66: N/A | R66: N/A | S66: N/A | T66: N/A | U66: N/A | V66: N/A | W66: LH18-01619 | X66: C2 | Y66: Lymph node | Z66: 43111 | AB66: F | AC66: 12652 | AE66: =DATEDIF(AC66, AD66,"Y") -> #NUM! | AF66: Endometrioid carcinoma | AG66: Specimen | AH66: Yes | AI66: 1b | AJ66: 0 | AK66: 0 | AL66: 0 | AM66: T1BN0M0 | AN66: 3 | AO66: N/A
A67: 4509320175 | D67: No | E67: LH18-03854 | F67: A4 | G67: N/A | H67: 43125 | I67: Total laparoscopic hysterectomy | J67: Endometrium | K67: N/A | L67: N/A | M67: N/A | N67: N/A | O67: N/A | P67: N/A | Q67: N/A | R67: N/A | S67: N/A | T67: N/A | U67: N/A | V67: N/A | W67: N/A | X67: N/A | Y67: N/A | Z67: N/A | AB67: F | AC67: 18082 | AE67: =DATEDIF(AC67, AD67,"Y") -> #NUM! | AF67: Serous carcinoma of endometrium | AG67: Specimen | AH67: Yes | AI67: NR | AJ67: 0 | AK67: 0 | AL67: 1 (Omentum) | AM67: N/A | AN67: 2 | AO67: N/A
A68: 4508605656 | D68: No | E68: LH18-04036 | F68: A12 | G68: A16 | H68: 43126 | I68: Total abdominal hysterectomy | J68: Endometrium | K68: N/A | L68: N/A | M68: N/A | N68: N/A | O68: N/A | P68: N/A | Q68: N/A | R68: N/A | S68: N/A | T68: N/A | U68: N/A | V68: N/A | W68: LH18-04036 | X68: D5 | Y68: Pelvic node | Z68: 43126 | AB68: F | AC68: 17822 | AE68: =DATEDIF(AC68, AD68,"Y") -> #NUM! | AF68: Carcinosarcoma of homologous type | AG68: Specimen | AH68: Yes | AI68: 1b | AJ68: 0 | AK68: 0 | AL68: 0 | AM68: T1BN0M0 | AN68: 3 | AO68: N/A
A69: 4450205227 | D69: No | E69: LH18-05598 | F69: A10 | G69: A12 | H69: 43136 | I69: Total abdominal hysterectomy | J69: Endometrium | K69: N/A | L69: N/A | M69: N/A | N69: N/A | O69: N/A | P69: N/A | Q69: N/A | R69: N/A | S69: N/A | T69: N/A | U69: N/A | V69: N/A | W69: LH18-05598 | X69: C1 | Y69: Pelvic node | Z69: 43136 | AB69: F | AC69: 20407 | AE69: =DATEDIF(AC69, AD69,"Y") -> #NUM! | AF69: Serous carcinoma of endometrium | AG69: Specimen | AH69: Yes | AI69: 1a | AJ69: 0 | AK69: 0 | AL69: 0 | AM69: T1AN0M0 | AN69: 3 | AO69: N/A
A70: 4860694163 | D70: No | E70: LH18-07101 | F70: A1 | G70: A3 | H70: 43145 | I70: Total abdominal hysterectomy | J70: Endometrium | K70: N/A | L70: N/A | M70: N/A | N70: N/A | O70: N/A | P70: N/A | Q70: N/A | R70: N/A | S70: N/A | T70: N/A | U70: N/A | V70: N/A | W70: N/A | X70: N/A | Y70: N/A | Z70: N/A | AB70: F | AC70: 23255 | AE70: =DATEDIF(AC70, AD70,"Y") -> #NUM! | AF70: Endometrioid carcinoma featuring moderately pleomorphic neoplastic cells | AG70: Specimen | AH70: Yes | AI70: NR | AJ70: NR | AK70: NR | AL70: 1 (Hepatic, omentum, peritoneum) | AM70: N/A | AN70: 2 | AO70: N/A
A71: 6060078338 | D71: No | E71: LH18-08529 | F71: A10 | G71: A12 | H71: 43153 | I71: Total laparoscopic hysterectomy | J71: Endometrium | K71: N/A | L71: N/A | M71: N/A | N71: N/A | O71: N/A | P71: N/A | Q71: N/A | R71: N/A | S71: N/A | T71: N/A | U71: N/A | V71: N/A | W71: N/A | X71: N/A | Y71: N/A | Z71: N/A | AB71: F | AC71: 20665 | AE71: =DATEDIF(AC71, AD71,"Y") -> #NUM! | AF71: Endometrioid adenocarcinoma | AG71: Specimen | AH71: Yes | AI71: 1b | AJ71: 0 | AK71: 0 | AL71: 0 | AM71: T1BN0M0 | AN71: 1 | AO71: N/A
A72: 4382127971 | D72: No | E72: LH18-08833 | F72: A17 | G72: N/A | H72: 43157 | I72: Total abdominal hysterectomy | J72: Endometrium | K72: N/A | L72: N/A | M72: N/A | N72: N/A | O72: N/A | P72: N/A | Q72: N/A | R72: N/A | S72: N/A | T72: N/A | U72: N/A | V72: N/A | W72: N/A | X72: N/A | Y72: N/A | Z72: N/A | AB72: F | AC72: 16344 | AE72: =DATEDIF(AC72, AD72,"Y") -> #NUM! | AF72: Endometrioid adenocarcinoma | AG72: Specimen | AH72: Yes | AI72: 1b | AJ72: 0 | AK72: 0 | AL72: 0 | AM72: T1BN0M0 | AN72: 3 | AO72: N/A
A73: 4980896464 | D73: No | E73: LH18-09117 | F73: A13 | G73: A22 | H73: 43158 | I73: Total abdominal hysterectomy | J73: Endometrium | K73: N/A | L73: N/A | M73: N/A | N73: N/A | O73: N/A | P73: N/A | Q73: N/A | R73: N/A | S73: N/A | T73: N/A | U73: N/A | V73: N/A | W73: N/A | X73: N/A | Y73: N/A | Z73: N/A | AB73: F | AC73: 17827 | AE73: =DATEDIF(AC73, AD73,"Y") -> #NUM! | AF73: Carcinosarcoma with heterologus elements | AG73: Specimen | AH73: Yes | AI73: 3 | AJ73: 2 | AK73: 0 | AL73: 0 | AM73: T3CN2M0 | AN73: 2 | AO73: N/A
A74: 4607910880 | D74: No | E74: LH18-09944 | F74: A12 | G74: A7 | H74: 43164 | I74: Total abdominal hysterectomy | J74: Endometrium | K74: N/A | L74: N/A | M74: N/A | N74: N/A | O74: N/A | P74: N/A | Q74: N/A | R74: N/A | S74: N/A | T74: N/A | U74: N/A | V74: N/A | W74: N/A | X74: N/A | Y74: N/A | Z74: N/A | AB74: F | AC74: 19821 | AE74: =DATEDIF(AC74, AD74,"Y") -> #NUM! | AF74: Endometrioid adenocarcinoma | AG74: Specimen | AH74: Yes | AI74: 1b | AJ74: 0 | AK74: 0 | AL74: 0 | AM74: T1BN0M0 | AN74: 1 | AO74: N/A
A75: 4981932650 | D75: No | E75: LH18-11381 | F75: A10 | G75: A11 | H75: 43173 | I75: Total abdominal hysterectomy | J75: Endometrium | K75: N/A | L75: N/A | M75: N/A | N75: N/A | O75: N/A | P75: N/A | Q75: N/A | R75: N/A | S75: N/A | T75: N/A | U75: N/A | V75: N/A | W75: N/A | X75: N/A | Y75: N/A | Z75: N/A | AB75: F | AC75: 20114 | AE75: =DATEDIF(AC75, AD75,"Y") -> #NUM! | AF75: Endometrioid adenocarcinoma | AG75: Specimen | AH75: Yes | AI75: 1b | AJ75: 0 | AK75: 0 | AL75: 0 | AM75: T1BN0M0 | AN75: 2 | AO75: N/A
A76: 4148143605 | D76: No | E76: LH18-11648 | F76: A14 | G76: A12 | H76: 43174 | I76: Total laparoscopic hysterectomy + bilateral salpingo oophorectomy | J76: Endometrium | K76: N/A | L76: N/A | M76: N/A | N76: N/A | O76: N/A | P76: N/A | Q76: N/A | R76: N/A | S76: N/A | T76: N/A | U76: N/A | V76: N/A | W76: N/A | X76: N/A | Y76: N/A | Z76: N/A | AB76: F | AC76: 25020 | AE76: =DATEDIF(AC76, AD76,"Y") -> #NUM! | AF76: Endometrioid carcinoma | AG76: Specimen | AH76: Yes | AI76: 1a | AJ76: 0 | AK76: 0 | AL76: 0 | AM76: T1AN0M0 | AN76: 1 | AO76: N/A
A77: 4329476711 | B77: N/A | C77: N/A | D77: N/A | E77: N/A | F77: N/A | G77: N/A | H77: N/A | I77: N/A | J77: N/A | K77: N/A | L77: N/A | M77: N/A | N77: N/A | O77: N/A | P77: N/A | Q77: N/A | R77: N/A | S77: N/A | T77: N/A | U77: N/A | V77: N/A | W77: LH18-12664 | X77: D12 | Y77: Pelvic node | Z77: 43180 | AB77: F | AC77: 12714 | AE77: =DATEDIF(AC77, AD77,"Y") -> #NUM! | AF77: N/A | AG77: N/A | AH77: N/A | AI77: N/A | AJ77: N/A | AK77: N/A | AL77: N/A | AM77: N/A | AN77: N/A | AO77: N/A | AP77: N/A | AQ77: N/A | AR77: N/A | AS77: N/A | AT77: N/A | AU77: N/A | AV77: N/A | AW77: N/A | AX77: N/A | AY77: N/A | AZ77: N/A | BA77: N/A | BB77: N/A | BC77: N/A | BD77: N/A | BE77: N/A | BF77: N/A | BG77: N/A | BH77: N/A | BI77: N/A | BJ77: N/A | BK77: N/A | BL77: N/A | BM77: N/A | BN77: N/A | BO77: N/A | BP77: N/A | BQ77: N/A | BR77: N/A | BS77: N/A | BT77: N/A | BU77: N/A | BV77: N/A | BW77: N/A | BX77: N/A | BY77: N/A | BZ77: N/A | CA77: N/A | CB77: N/A | CC77: N/A | CD77: N/A | CE77: N/A | CF77: N/A | CG77: N/A | CH77: N/A | CI77: N/A | CJ77: N/A | CK77: N/A | CL77: N/A | CM77: N/A | CN77: N/A | CO77: N/A | CP77: N/A | CQ77: N/A | CR77: N/A | CS77: N/A | CT77: N/A | CU77: N/A | CV77: N/A | CW77: N/A | CX77: N/A | CY77: N/A | CZ77: N/A | DA77: N/A | DB77: N/A | DC77: N/A | DD77: N/A | DE77: N/A | DF77: N/A | DG77: N/A | DH77: N/A | DI77: N/A | DJ77: N/A | DK77: N/A | DL77: N/A | DM77: N/A | DN77: N/A | DO77: N/A | DP77: N/A | DQ77: N/A | DR77: N/A | DS77: N/A | DT77: N/A | DU77: N/A | DV77: N/A | DW77: N/A | DX77: N/A | DY77: N/A | DZ77: N/A | EA77: N/A | EB77: N/A | EC77: N/A | ED77: N/A | EE77: N/A | EF77: N/A | EG77: N/A | EH77: N/A | EI77: N/A | EJ77: N/A | EK77: N/A | EL77: N/A | EM77: N/A | EN77: N/A | EO77: N/A | EP77: N/A | EQ77: N/A | ER77: N/A | ES77: N/A | ET77: N/A | EU77: N/A | EV77: N/A | EW77: N/A | EX77: N/A | EY77: N/A | EZ77: N/A | FA77: N/A | FB77: N/A | FC77: N/A | FD77: N/A | FE77: N/A | FF77: N/A | FG77: N/A | FH77: N/A | FI77: N/A | FJ77: N/A | FK77: N/A | FL77: N/A | FM77: N/A | FN77: N/A | FO77: N/A | FP77: N/A | FQ77: N/A | FR77: N/A | FS77: N/A | FT77: N/A | FU77: N/A | FV77: N/A | FW77: N/A | FX77: N/A | FY77: N/A | FZ77: N/A | GA77: N/A | GB77: N/A | GC77: N/A | GD77: N/A | GE77: N/A | GF77: N/A | GG77: N/A | GH77: N/A | GI77: N/A | GJ77: N/A | GK77: N/A | GL77: N/A | GM77: N/A | GN77: N/A | GO77: N/A | GP77: N/A | GQ77: N/A | GR77: N/A | GS77: N/A | GT77: N/A | GU77: N/A | GV77: N/A | GW77: N/A | GX77: N/A | GY77: N/A | GZ77: N/A | HA77: N/A | HB77: N/A | HC77: N/A | HD77: N/A | HE77: N/A | HF77: N/A | HG77: N/A | HH77: N/A | HI77: N/A | HJ77: N/A | HK77: N/A | HL77: N/A | HM77: N/A | HN77: N/A | HO77: N/A | HP77: N/A | HQ77: N/A | HR77: N/A | HS77: N/A | HT77: N/A | HU77: N/A | HV77: N/A | HW77: N/A | HX77: N/A | HY77: N/A | HZ77: N/A | IA77: N/A | IB77: N/A | IC77: N/A | ID77: N/A | IE77: N/A | IF77: N/A | IG77: N/A | IH77: N/A | II77: N/A | IJ77: N/A | IK77: N/A | IL77: N/A | IM77: N/A | IN77: N/A | IO77: N/A | IP77: N/A | IQ77: N/A | IR77: N/A | IS77: N/A | IT77: N/A | IU77: N/A | IV77: N/A | IW77: N/A | IX77: N/A | IY77: N/A | IZ77: N/A | JA77: N/A | JB77: N/A | JC77: N/A | JD77: N/A | JE77: N/A | JF77: N/A | JG77: N/A | JH77: N/A | JI77: N/A | JJ77: N/A | JK77: N/A | JL77: N/A | JM77: N/A | JN77: N/A | JO77: N/A | JP77: N/A | JQ77: N/A | JR77: N/A | JS77: N/A | JT77: N/A | JU77: N/A | JV77: N/A | JW77: N/A | JX77: N/A | JY77: N/A | JZ77: N/A | KA77: N/A | KB77: N/A | KC77: N/A | KD77: N/A | KE77: N/A | KF77: N/A | KG77: N/A | KH77: N/A | KI77: N/A | KJ77: N/A | KK77: N/A | KL77: N/A | KM77: N/A | KN77: N/A | KO77: N/A | KP77: N/A | KQ77: N/A | KR77: N/A | KS77: N/A | KT77: N/A | KU77: N/A | KV77: N/A | KW77: N/A | KX77: N/A | KY77: N/A | KZ77: N/A | LA77: N/A | LB77: N/A | LC77: N/A | LD77: N/A | LE77: N/A | LF77: N/A | LG77: N/A | LH77: N/A | LI77: N/A | LJ77: N/A | LK77: N/A | LL77: N/A | LM77: N/A | LN77: N/A | LO77: N/A | LP77: N/A | LQ77: N/A | LR77: N/A | LS77: N/A | LT77: N/A | LU77: N/A | LV77: N/A | LW77: N/A | LX77: N/A | LY77: N/A | LZ77: N/A | MA77: N/A | MB77: N/A | MC77: N/A | MD77: N/A | ME77: N/A | MF77: N/A | MG77: N/A | MH77: N/A | MI77: N/A | MJ77: N/A | MK77: N/A | ML77: N/A | MM77: N/A | MN77: N/A | MO77: N/A | MP77: N/A | MQ77: N/A | MR77: N/A | MS77: N/A | MT77: N/A | MU77: N/A | MV77: N/A | MW77: N/A | MX77: N/A | MY77: N/A | MZ77: N/A | NA77: N/A | NB77: N/A | NC77: N/A | ND77: N/A | NE77: N/A | NF77: N/A | NG77: N/A | NH77: N/A | NI77: N/A | NJ77: N/A | NK77: N/A | NL77: N/A | NM77: N/A | NN77: N/A | NO77: N/A | NP77: N/A | NQ77: N/A | NR77: N/A | NS77: N/A | NT77: N/A | NU77: N/A | NV77: N/A | NW77: N/A | NX77: N/A | NY77: N/A | NZ77: N/A
A78: 4382069122 | D78: No | E78: LH18-13058 | F78: A15 | G78: N/A | H78: 43182 | I78: Total laparoscopic hysterectomy | J78: Endometrium | K78: N/A | L78: N/A | M78: N/A | N78: N/A | O78: N/A | P78: N/A | Q78: N/A | R78: N/A | S78: N/A | T78: N/A | U78: N/A | V78: N/A | W78: LH18-13058 | X78: C5 | Y78: Pelvic node | Z78: 43182 | AB78: F | AC78: 16245 | AE78: =DATEDIF(AC78, AD78,"Y") -> #NUM! | AF78: Endometrioid carcinoma | AG78: Specimen | AH78: Yes | AI78: 1b | AJ78: 0 | AK78: 0 | AL78: 0 | AM78: T1BN0M0 | AN78: 3 | AO78: N/A
A79: 4862265421 | D79: No | E79: LH18-13350 | F79: A16 | G79: A17 | H79: 43185 | I79: Laparoscopic converted to laparotomy/peritoneal washings and biopsies, total abdominal hysterectomy, bilateral salpingo-oophorectomy, pelvic, lymphadenectomy, para-aortic lymph node sampling, omentectomy, excision and repair of umbilical hernia._x000D_ | J79: Endometrium | K79: N/A | L79: N/A | M79: N/A | N79: N/A | O79: N/A | P79: N/A | Q79: N/A | R79: N/A | S79: N/A | T79: N/A | U79: N/A | V79: N/A | W79: N/A | X79: N/A | Y79: N/A | Z79: N/A | AB79: F | AC79: 22666 | AE79: =DATEDIF(AC79, AD79,"Y") -> #NUM! | AF79: Endometrioid carcinoma | AG79: Specimen | AH79: Yes | AI79: 3 | AJ79: 2 | AK79: 0 | AL79: 0 | AM79: T3CN2M0 | AN79: 3 | AO79: N/A
A80: 4581417937 | D80: No | E80: LH18-13744 | F80: A10 | G80: N/A | H80: 43187 | I80: Total laparoscopic hysterectomy | J80: Endometrium | K80: N/A | L80: N/A | M80: N/A | N80: N/A | O80: N/A | P80: N/A | Q80: N/A | R80: N/A | S80: N/A | T80: N/A | U80: N/A | V80: N/A | W80: N/A | X80: N/A | Y80: N/A | Z80: N/A | AB80: F | AC80: 19361 | AE80: =DATEDIF(AC80, AD80,"Y") -> #NUM! | AF80: Endometrioid carcinoma | AG80: Specimen | AH80: Yes | AI80: 1a | AJ80: 0 | AK80: 0 | AL80: 0 | AM80: T1AN0M0 | AN80: 1 | AO80: N/A
A81: 6302622166 | D81: No | E81: LH18-14629 | F81: A20 | G81: A16 | H81: 43195 | I81: Total laparoscopic hysterectomy | J81: Endometrium | K81: N/A | L81: N/A | M81: N/A | N81: N/A | O81: N/A | P81: N/A | Q81: N/A | R81: N/A | S81: N/A | T81: N/A | U81: N/A | V81: N/A | W81: LH18-14629 | X81: C4 | Y81: Node | Z81: 43195 | AB81: F | AC81: 20597 | AE81: =DATEDIF(AC81, AD81,"Y") -> #NUM! | AF81: Endometrioid carcinoma | AG81: Specimen | AH81: Yes | AI81: 1a | AJ81: 0 | AK81: 0 | AL81: 0 | AM81: T1AN0M0 | AN81: 3 | AO81: N/A

Sheet Supplementary (ship 1)
A1: NHS number | B1: Donor ID | C1: Specimen number | D1: FIGO grading
A2: 4520256615 | C2: LH17-02702 | D2: IIIC1
A3: 4250445798 | C3: LH17-06069 | D3: IB
A4: 4946723307 | C4: LH17-07381 | D4: IB
A5: 4362503161 | C5: LH17-10008 | D5: II
A6: 4363753323 | C6: LH17-10854 | D6: IIIC1
A7: 4367569659 | C7: LH17-11093 | D7: IB
A8: 4581564212 | C8: LH17-11306 | D8: II
A9: 4706490731 | C9: LH17-12612 | D9: II
A10: 4366490994 | C10: LH17-13646 | D10: IVB
A11: 4508221386 | C11: LH17-15131 | D11: IB
A12: 4905526434 | C12: LH17-16034 | D12: IB
A13: 4663105459 | C13: LH17-16275 | D13: IA
... A74: 6302622166 | C74: LH18-14629 | D74: IA

Sheet Follow up (ship 2)
A1: PLEASE BE AWARE COLUMNS MAY BE 'HIDDEN' OR 'COLLAPSED'
A3: NHS number | B3: Any Immunotherapy | C3: Specimen treatment subgrouping | D3: Specimen is a recurrence | E3: Selected specimen Anonymised ID | F3: Specimen Block number 1 | G3: Specimen Block number 2 | H3: Specimen surgery date | I3: Specimen surgery | J3: Specimen tumour site | K3: Primary Surgery date | L3: Primary tumour site | M3: Anonymized ID Matched met 1 | N3: Matched met 1 Block Number | O3: Matched met 1 Site | P3: Matched met 1 Surgery Date | Q3: Matched met 1 treatment subgrouping | R3: Anonymized ID Matched met 2 | S3: Matched met 2 Block Number | T3: Matched met 2 Site | U3: Matched met 2 Surgery Date | V3: Matched met 2 treatment subgrouping | W3: Anonymized ID Normal tissue | X3: Matched Normal tissue Block Number | Y3: Matched Normal tissue Site | Z3: Matched Normal tissue Surgery Date | AA3: Matched Normal treatment subgrouping | AB3: Gender | AC3: DOB | AD3: Date of DX | AE3: Age at Diagnosis | AF3: Specimen Histological Diagnosis | AG3: Staging/grading info provided for: | AH3: Resection margins clear | AI3: pT | AJ3: pN | AK3: pM | AL3: cM | AM3: TNM stage | AN3: Grade | AO3: Stage at DX (AJCC) | AP3: Any Neoadjuvant therapy | AQ3: Response to neoadjuvant therapy (TRS score) | AR3: Neoadjuvant Tx1 | AS3: Neoadjuvant Tx1 Agent | AT3: Neoadjuvant Tx1 Start Date | AU3: Neoadjuvant Tx1 End Date | AV3: Tumour response Neoadjuvant Tx1 | AW3: Neoadjuvant Tx2 | AX3: Neoadjuvant Tx2 Agent | AY3: Neoadjuvant Tx2 Start Date | AZ3: Neoadjuvant Tx2 End Date | BA3: Tumour response Neoadjuvant Tx2 | BB3: Neoadjuvant Tx3 | BC3: Neoadjuvant Tx3 Agent | BD3: Neoadjuvant Tx3 Start Date | BE3: Neoadjuvant Tx3 End Date | BF3: Tumour response Neoadjuvant Tx3 | BG3: Neoadjuvant Tx4 | BH3: Neoadjuvant Tx4 Agent | BI3: Neoadjuvant Tx4 Start Date | BJ3: Neoadjuvant Tx4 End Date | BK3: Tumour response Neoadjuvant Tx4 | BL3: Neoadjuvant Tx5 | BM3: Neoadjuvant Tx5 Agent | BN3: Neoadjuvant Tx5 Start Date | BO3: Neoadjuvant Tx5 End Date | BP3: Tumour response Neoadjuvant Tx5 | BQ3: Neoadjuvant Tx6 | BR3: Neoadjuvant Tx6 Agent | BS3: Neoadjuvant Tx6 Start Date | BT3: Neoadjuvant Tx6 End Date | BU3: Tumour response Neoadjuvant Tx6 | BV3: Neoadjuvant Tx7 | BW3: Neoadjuvant Tx7 Agent | BX3: Neoadjuvant Tx7 Start Date | BY3: Neoadjuvant Tx7 End Date | BZ3: Tumour response Neoadjuvant Tx7 | CA3: Neoadjuvant Tx8 | CB3: Neoadjuvant Tx8 Agent | CC3: Neoadjuvant Tx8 Start Date | CD3: Neoadjuvant Tx8 End Date | CE3: Tumour response Neoadjuvant Tx8 | CF3: Neoadjuvant Tx9 | CG3: Neoadjuvant Tx9 Agent | CH3: Neoadjuvant Tx9 Start Date | CI3: Neoadjuvant Tx9 End Date | CJ3: Tumour response Neoadjuvant Tx9 | CK3: Neoadjuvant Tx10 | CL3: Neoadjuvant Tx10 Agent | CM3: Neoadjuvant Tx10 Start Date | CN3: Neoadjuvant Tx10 End Date | CO3: Tumour response Neoadjuvant Tx10 | CP3: Adjuvant Tx1 | CQ3: Adjuvant Tx1 Agent | CR3: Adjuvant Tx1 Start Date | CS3: Adjuvant Tx1 End Date | CT3: Tumour response Adjuvant Tx1 | CU3: Adjuvant Tx2 | CV3: Adjuvant Tx2 Agent | CW3: Adjuvant Tx2 Start Date | CX3: Adjuvant Tx2 End Date | CY3: Tumour response Adjuvant Tx2 | CZ3: Adjuvant Tx3 | DA3: Adjuvant Tx3 Agent | DB3: Adjuvant Tx3 Start Date | DC3: Adjuvant Tx3 End Date | DD3: Tumour response Adjuvant Tx3 | DE3: Adjuvant Tx4 | DF3: Adjuvant Tx4 Agent | DG3: Adjuvant Tx4 Start Date | DH3: Adjuvant Tx4 End Date | DI3: Tumour response Adjuvant Tx4 | DJ3: Adjuvant Tx5 | DK3: Adjuvant Tx5 Agent | DL3: Adjuvant Tx5 Start Date | DM3: Adjuvant Tx5 End Date | DN3: Tumour response Adjuvant Tx5 | DO3: Adjuvant Tx6 | DP3: Adjuvant Tx6 Agent | DQ3: Adjuvant Tx6 Start Date | DR3: Adjuvant Tx6 End Date | DS3: Tumour response Adjuvant Tx6 | DT3: Adjuvant Tx7 | DU3: Adjuvant Tx7 Agent | DV3: Adjuvant Tx7 Start Date | DW3: Adjuvant Tx7 End Date | DX3: Tumour response Adjuvant Tx7 | DY3: Adjuvant Tx8 | DZ3: Adjuvant Tx8 Agent | EA3: Adjuvant Tx8 Start Date | EB3: Adjuvant Tx8 End Date | EC3: Tumour response Adjuvant Tx8 | ED3: Adjuvant Tx9 | EE3: Adjuvant Tx9 Agent | EF3: Adjuvant Tx9 Start Date | EG3: Adjuvant Tx9 End Date | EH3: Tumour response Adjuvant Tx9 | EI3: Adjuvant Tx10 | EJ3: Adjuvant Tx10 Agent | EK3: Adjuvant Tx10 Start Date | EL3: Adjuvant Tx10 End Date | EM3: Tumour response Adjuvant Tx10 | EN3: Adjuvant Tx11 | EO3: Adjuvant Tx11 Agent | EP3: Adjuvant Tx11 Start Date | EQ3: Adjuvant Tx11 End Date | ER3: Tumour response Adjuvant Tx11 | ES3: Adjuvant Tx12 | ET3: Adjuvant Tx12 Agent | EU3: Adjuvant Tx12 Start Date | EV3: Adjuvant Tx12 End Date | EW3: Tumour response Adjuvant Tx12 | EX3: Adjuvant Tx13 | EY3: Adjuvant Tx13 Agent | EZ3: Adjuvant Tx13 Start Date | FA3: Adjuvant Tx13 End Date | FB3: Tumour response Adjuvant Tx13 | FC3: Adjuvant Tx14 | FD3: Adjuvant Tx14 Agent | FE3: Adjuvant Tx14 Start Date | FF3: Adjuvant Tx14 End Date | FG3: Tumour response Adjuvant Tx14 | FH3: Adjuvant Tx15 | FI3: Adjuvant Tx15 Agent | FJ3: Adjuvant Tx15 Start Date | FK3: Adjuvant Tx15 End Date | FL3: Date recurrence/ progression 1 | FM3: Sites recurrence/ progression 1 | FN3: Date recurrence/ progression 2 | FO3: Sites recurrence/ progression 2 | FP3: Date recurrence/ progression 3 | FQ3: Sites recurrence/ progression 3 | FR3: Date recurrence/ progression 4 | FS3: Sites recurrence/ progression 4 | FT3: Date recurrence/ progression 5 | FU3: Sites recurrence/ progression 5 | FV3: Date recurrence/ progression 6 | FW3: Sites recurrence/ progression 6 | FX3: Date recurrence/ progression 7 | FY3: Sites recurrence/ progression 7 | FZ3: Date recurrence/ progression 8 | GA3: Sites recurrence/ progression 8 | GB3: Date recurrence/ progression 9 | GC3: Sites recurrence/ progression 9 | GD3: Date recurrence/ progression 10 | GE3: Sites recurrence/ progression 10 | GF3: Date recurrence/ progression 11 | GG3: Sites recurrence/ progression 11 | GH3: Date recurrence/ progression 12 | GI3: Sites recurrence/ progression 12 | GJ3: Date recurrence/ progression 13 | GK3: Sites recurrence/ progression 13 | GL3: Date recurrence/ progression 14 | GM3: Sites recurrence/ progression 14 | GN3: Date recurrence/ progression 15 | GO3: Sites recurrence/ progression 15 | GP3: Subsequent Tx1 | GQ3: Subsequent Tx1 Agent | GR3: Subsequent Tx1 Start Date | GS3: Subsequent Tx1 Finish Date | GT3: Tumour response to Subsequent Tx1 | GU3: Subsequent Tx2 | GV3: Subsequent Tx2 Agent | GW3: Subsequent Tx2 Start Date | GX3: Subsequent Tx2 Finish Date | GY3: Tumour response to Subsequent Tx2 | GZ3: Subsequent Tx3 | HA3: Subsequent Tx3 Agent | HB3: Subsequent Tx3 Start Date | HC3: Subsequent Tx3 Finish Date | HD3: Tumour response to Subsequent Tx3 | HE3: Subsequent Tx4 | HF3: Subsequent Tx4 Agent | HG3: Subsequent Tx4 Start Date | HH3: Subsequent Tx4 Finish Date | HI3: Tumour response to Subsequent Tx4 | HJ3: Subsequent Tx5 | HK3: Subsequent Tx5 Agent | HL3: Subsequent Tx5 Start Date | HM3: Subsequent Tx5 Finish Date | HN3: Tumour response to Subsequent Tx5 | HO3: Subsequent Tx6 | HP3: Subsequent Tx6 Agent | HQ3: Subsequent Tx6 Start Date | HR3: Subsequent Tx6 Finish Date | HS3: Tumour response to Subsequent Tx6 | HT3: Subsequent Tx7 | HU3: Subsequent Tx7 Agent | HV3: Subsequent Tx7 Start Date | HW3: Subsequent Tx7 Finish Date | HX3: Tumour response to Subsequent Tx7 | HY3: Subsequent Tx8 | HZ3: Subsequent Tx8 Agent | IA3: Subsequent Tx8 Start Date | IB3: Subsequent Tx8 Finish Date | IC3: Tumour response to Subsequent Tx8 | ID3: Subsequent Tx9 | IE3: Subsequent Tx9 Agent | IF3: Subsequent Tx9 Start Date | IG3: Subsequent Tx9 Finish Date | IH3: Tumour response to Subsequent Tx9 | II3: Subsequent Tx10 | IJ3: Subsequent Tx10 Agent | IK3: Subsequent Tx10 Start Date | IL3: Subsequent Tx10 Finish Date | IM3: Tumour response to Subsequent Tx10 | IN3: Subsequent Tx11 | IO3: Subsequent Tx11 Agent | IP3: Subsequent Tx11 Start Date | IQ3: Subsequent Tx11 Finish Date | IR3: Tumour response to Subsequent Tx11 | IS3: Subsequent Tx12 | IT3: Subsequent Tx12 Agent | IU3: Subsequent Tx12 Start Date | IV3: Subsequent Tx12 Finish Date | IW3: Tumour response to Subsequent Tx12 | IX3: Subsequent Tx13 | IY3: Subsequent Tx13 Agent | IZ3: Subsequent Tx13 Start Date | JA3: Subsequent Tx13 Finish Date | JB3: Tumour response to Subsequent Tx13 | JC3: Subsequent Tx14 | JD3: Subsequent Tx14 Agent | JE3: Subsequent Tx14 Start Date | JF3: Subsequent Tx14 Finish Date | JG3: Tumour response to Subsequent Tx14 | JH3: Subsequent Tx15 | JI3: Subsequent Tx15 Agent | JJ3: Subsequent Tx15 Start Date | JK3: Subsequent Tx15 Finish Date | JL3: Tumour response to Subsequent Tx15 | JM3: Current Status | JN3: Death date | JO3: Death tumour related | JP3: Cause of death | JQ3: Date last follow-up | JR3: Date Last Seen | JS3: Concurrent Medical Conditions | JT3: Comments from clinical team | JU3: TTE Neoadjuvant Tx1 Start Date | JV3: TTE Neoadjuvant Tx1 End Date | JW3: TTE Neoadjuvant Tx2 Start Date | JX3: TTE Neoadjuvant Tx2 End Date | JY3: TTE Neoadjuvant Tx3 Start Date | JZ3: TTE Neoadjuvant Tx3 End Date | KA3: TTE Neoadjuvant Tx4 Start Date | KB3: TTE Neoadjuvant Tx4 End Date | KC3: TTE Neoadjuvant Tx5 Start Date | KD3: TTE Neoadjuvant Tx5 End Date | KE3: TTE Neoadjuvant Tx6 Start Date | KF3: TTE Neoadjuvant Tx6 End Date | KG3: TTE Neoadjuvant Tx7 Start Date | KH3: TTE Neoadjuvant Tx7 End Date | KI3: TTE Neoadjuvant Tx8 Start Date | KJ3: TTE Neoadjuvant Tx8 End Date | KK3: TTE Neoadjuvant Tx9 Start Date | KL3: TTE Neoadjuvant Tx9 End Date | KM3: TTE Neoadjuvant Tx10 Start Date | KN3: TTE Neoadjuvant Tx10 End Date | KO3: TTE Specimen surgery date | KP3: TTE Primary Surgery date | KQ3: TTE Matched met 1 Surgery Date | KR3: TTE Matched met 2 Surgery Date | KS3: TTE Matched Normal tissue Surgery Date | KT3: TTE Adjuvant Tx1 Start Date | KU3: TTE Adjuvant Tx1 End Date | KV3: TTE Adjuvant Tx2 Start Date | KW3: TTE Adjuvant Tx2 End Date | KX3: TTE Adjuvant Tx3 Start Date | KY3: TTE Adjuvant Tx3 End Date | KZ3: TTE Adjuvant Tx4 Start Date | LA3: TTE Adjuvant Tx4 End Date | LB3: TTE Adjuvant Tx5 Start Date | LC3: TTE Adjuvant Tx5 End Date | LD3: TTE Adjuvant Tx6 Start Date | LE3: TTE Adjuvant Tx6 End Date | LF3: TTE Adjuvant Tx7 Start Date | LG3: TTE Adjuvant Tx7 End Date | LH3: TTE Adjuvant Tx8 Start Date | LI3: TTE Adjuvant Tx8 End Date | LJ3: TTE Adjuvant Tx9 Start Date | LK3: TTE Adjuvant Tx9 End Date | LL3: TTE Adjuvant Tx10 Start Date | LM3: TTE Adjuvant Tx10 End Date | LN3: TTE Adjuvant Tx11 Start Date | LO3: TTE Adjuvant Tx11 End Date | LP3: TTE Adjuvant Tx12 Start Date | LQ3: TTE Adjuvant Tx12 End Date | LR3: TTE Adjuvant Tx13 Start Date | LS3: TTE Adjuvant Tx13 End Date | LT3: TTE Adjuvant Tx14 Start Date | LU3: TTE Adjuvant Tx14 End Date | LV3: TTE Adjuvant Tx15 Start Date | LW3: TTE Adjuvant Tx15 End Date | LX3: TTE Date recurrence/ progression 1 | LY3: TTE Date recurrence/ progression 2 | LZ3: TTE Date recurrence/ progression 3 | MA3: TTE Date recurrence/ progression 4 | MB3: TTE Date recurrence/ progression 5 | MC3: TTE Date recurrence/ progression 6 | MD3: TTE Date recurrence/ progression 7 | ME3: TTE Date recurrence/ progression 8 | MF3: TTE Date recurrence/ progression 9 | MG3: TTE Date recurrence/ progression 10 | MH3: TTE Date recurrence/ progression 11 | MI3: TTE Date recurrence/ progression 12 | MJ3: TTE Date recurrence/ progression 13 | MK3: TTE Date recurrence/ progression 14 | ML3: TTE Date recurrence/ progression 15 | MM3: TTE Subsequent Tx1 Start Date | MN3: TTE Subsequent Tx1 Finish Date | MO3: TTE Subsequent Tx2 Start Date | MP3: TTE Subsequent Tx2 Finish Date | MQ3: TTE Subsequent Tx3 Start Date | MR3: TTE Subsequent Tx3 Finish Date | MS3: TTE Subsequent Tx4 Start Date | MT3: TTE Subsequent Tx4 Finish Date | MU3: TTE Subsequent Tx5 Start Date | MV3: TTE Subsequent Tx5 Finish Date | MW3: TTE Subsequent Tx6 Start Date | MX3: TTE Subsequent Tx6 Finish Date | MY3: TTE Subsequent Tx7 Start Date | MZ3: TTE Subsequent Tx7 Finish Date | NA3: TTE Subsequent Tx8 Start Date | NB3: TTE Subsequent Tx8 Finish Date | NC3: TTE Subsequent Tx9 Start Date | ND3: TTE Subsequent Tx9 Finish Date | NE3: TTE Subsequent Tx10 Start Date | NF3: TTE Subsequent Tx10 Finish Date | NG3: TTE Subsequent Tx11 Start Date | NH3: TTE Subsequent Tx11 Finish Date | NI3: TTE Subsequent Tx12 Start Date | NJ3: TTE Subsequent Tx12 Finish Date | NK3: TTE Subsequent Tx13 Start Date | NL3: TTE Subsequent Tx13 Finish Date | NM3: TTE Subsequent Tx14 Start Date | NN3: TTE Subsequent Tx14 Finish Date | NO3: TTE Subsequent Tx15 Start Date | NP3: TTE Subsequent Tx15 Finish Date | NQ3: TTE Recurrence (PFS) | NR3: TTE Death (OS and PFS) | NS3: TTE Date last follow-up (PFS) | NT3: TTE Date last seen (OS) | NU3: TTE Overall survival (OS) in months | NV3: TTE Progression free survival (PFS) in months | NW3: Event (recurrence/progression) | NX3: Event (cancer death) | NY3: Event (death; all causes) | NZ3: Event (recurrence or cancer death)
A4: 4329209322 | B4: No | D4: No | E4: LH18-15364 | F4: A7 | G4: A6 | H4: 43201 | I4: Total Abdominal Hysterectomy; Bilateral Salpingo-oophorectomy; Bilateral Pelvic Lymphadenectomy; Infracolic Omental Biopsy; Peritoneal Washings. | J4: Endometrium | K4: N/A | L4: N/A | M4: N/A | N4: N/A | O4: N/A | P4: N/A | Q4: N/A | R4: N/A | S4: N/A | T4: N/A | U4: N/A | V4: N/A | W4: N/A | X4: N/A | Y4: N/A | Z4: N/A | AA4: N/A | AB4: F | AC4: 13592 | AE4: =DATEDIF(AC4, AD4,"Y") -> #NUM! | AF4: Endometrioid adenocarcinoma, NOS | AG4: Specimen | AH4: Yes | AN4: 3 | AO4: N/A | JS4: hypertension, hypercholesteremia, asthma, ulcerative colitis and hypothyroidism | JU4: =IFERROR((YEARFRAC($AD4,$AT4)*12),"N/A") -> 0 | JV4: =IFERROR((YEARFRAC($AD4,$AU4)*12),"N/A") -> 0 | JW4: =IFERROR((YEARFRAC($AD4,$AY4)*12),"N/A") -> 0 | JX4: =IFERROR((YEARFRAC($AD4,$AZ4)*12),"N/A") -> 0 | JY4: =IFERROR((YEARFRAC($AD4,$BD4)*12),"N/A") -> 0 | JZ4: =IFERROR((YEARFRAC($AD4,$BE4)*12),"N/A") -> 0 | KA4: =IFERROR((YEARFRAC($AD4,$BI4)*12),"N/A") -> 0 | KB4: =IFERROR((YEARFRAC($AD4,$BJ4)*12),"N/A") -> 0 | KC4: =IFERROR((YEARFRAC($AD4,$BN4)*12),"N/A") -> 0 | KD4: =IFERROR((YEARFRAC($AD4,$BO4)*12),"N/A") -> 0 | KE4: =IFERROR((YEARFRAC($AD4,$BS4)*12),"N/A") -> 0 | KF4: =IFERROR((YEARFRAC($AD4,$BT4)*12),"N/A") -> 0 | KG4: =IFERROR((YEARFRAC($AD4,$BX4)*12),"N/A") -> 0 | KH4: =IFERROR((YEARFRAC($AD4,$BY4)*12),"N/A") -> N/A | KI4: =IFERROR((YEARFRAC($AD4,$CC4)*12),"N/A") -> 0 | KJ4: =IFERROR((YEARFRAC($AD4,$CD4)*12),"N/A") -> 0 | KK4: =IFERROR((YEARFRAC($AD4,$CH4)*12),"N/A") -> 0 | KL4: =IFERROR((YEARFRAC($AD4,$CI4)*12),"N/A") -> 0 | KM4: =IFERROR((YEARFRAC($AD4,$CM4)*12),"N/A") -> 0 | KN4: =IFERROR((YEARFRAC($AD4,$CN4)*12),"N/A") -> 0 | KO4: =IFERROR((YEARFRAC($AD4,$H4)*12),"N/A") -> 1419.3667 | KP4: =IFERROR((YEARFRAC($AD4,$K4)*12),"N/A") -> N/A | KQ4: =IFERROR((YEARFRAC($AD4,$P4)*12),"N/A") -> N/A | KR4: =IFERROR((YEARFRAC($AD4,$U4)*12),"N/A") -> N/A | KS4: =IFERROR((YEARFRAC($AD4,$Z4)*12),"N/A") -> N/A | KT4: =IFERROR((YEARFRAC($AD4,$CR4)*12),"N/A") -> 0 | KU4: =IFERROR((YEARFRAC($AD4,$CS4)*12),"N/A") -> 0 | KV4: =IFERROR((YEARFRAC($AD4,$CW4)*12),"N/A") -> 0 | KW4: =IFERROR((YEARFRAC($AD4,$CX4)*12),"N/A") -> 0 | KX4: =IFERROR((YEARFRAC($AD4,$DB4)*12),"N/A") -> 0 | KY4: =IFERROR((YEARFRAC($AD4,$DC4)*12),"N/A") -> 0 | KZ4: =IFERROR((YEARFRAC($AD4,$DG4)*12),"N/A") -> 0 | LA4: =IFERROR((YEARFRAC($AD4,$DH4)*12),"N/A") -> 0 | LB4: =IFERROR((YEARFRAC($AD4,$DL4)*12),"N/A") -> 0 | LC4: =IFERROR((YEARFRAC($AD4,$DM4)*12),"N/A") -> 0 | LD4: =IFERROR((YEARFRAC($AD4,$DQ4)*12),"N/A") -> 0 | LE4: =IFERROR((YEARFRAC($AD4,$DR4)*12),"N/A") -> 0 | LF4: =IFERROR((YEARFRAC($AD4,$DV4)*12),"N/A") -> 0 | LG4: =IFERROR((YEARFRAC($AD4,$DW4)*12),"N/A") -> 0 | LH4: =IFERROR((YEARFRAC($AD4,$EA4)*12),"N/A") -> 0 | LI4: =IFERROR((YEARFRAC($AD4,$EB4)*12),"N/A") -> 0 | LJ4: =IFERROR((YEARFRAC($AD4,$EF4)*12),"N/A") -> 0 | LK4: =IFERROR((YEARFRAC($AD4,$EG4)*12),"N/A") -> 0 | LL4: =IFERROR((YEARFRAC($AD4,$EK4)*12),"N/A") -> 0 | LM4: =IFERROR((YEARFRAC($AD4,$EL4)*12),"N/A") -> 0 | LN4: =IFERROR((YEARFRAC($AD4,$EP4)*12),"N/A") -> 0 | LO4: =IFERROR((YEARFRAC($AD4,$EQ4)*12),"N/A") -> 0 | LP4: =IFERROR((YEARFRAC($AD4,$EU4)*12),"N/A") -> 0 | LQ4: =IFERROR((YEARFRAC($AD4,$EV4)*12),"N/A") -> 0 | LR4: =IFERROR((YEARFRAC($AD4,$EZ4)*12),"N/A") -> 0 | LS4: =IFERROR((YEARFRAC($AD4,$FA4)*12),"N/A") -> 0 | LT4: =IFERROR((YEARFRAC($AD4,$EE4)*12),"N/A") -> 0 | LU4: =IFERROR((YEARFRAC($AD4,$EF4)*12),"N/A") -> 0 | LV4: =IFERROR((YEARFRAC($AD4,$FJ4)*12),"N/A") -> 0 | LW4: =IFERROR((YEARFRAC($AD4,$FK4)*12),"N/A") -> 0 | LX4: =IFERROR((YEARFRAC($AD4,$FL4)*12),"N/A") -> 0 | LY4: =IFERROR((YEARFRAC($AD4,$FN4)*12),"N/A") -> 0 | LZ4: =IFERROR((YEARFRAC($AD4,$FP4)*12),"N/A") -> 0 | MA4: =IFERROR((YEARFRAC($AD4,$FR4)*12),"N/A") -> 0 | MB4: =IFERROR((YEARFRAC($AD4,$FT4)*12),"N/A") -> 0 | MC4: =IFERROR((YEARFRAC($AD4,$FV4)*12),"N/A") -> 0 | MD4: =IFERROR((YEARFRAC($AD4,$FX4)*12),"N/A") -> 0 | ME4: =IFERROR((YEARFRAC($AD4,$FZ4)*12),"N/A") -> 0 | MF4: =IFERROR((YEARFRAC($AD4,$GB4)*12),"N/A") -> 0 | MG4: =IFERROR((YEARFRAC($AD4,$GD4)*12),"N/A") -> 0 | MH4: =IFERROR((YEARFRAC($AD4,$GF4)*12),"N/A") -> 0 | MI4: =IFERROR((YEARFRAC($AD4,$GH4)*12),"N/A") -> 0 | MJ4: =IFERROR((YEARFRAC($AD4,$GJ4)*12),"N/A") -> 0 | MK4: =IFERROR((YEARFRAC($AD4,$GL4)*12),"N/A") -> 0 | ML4: =IFERROR((YEARFRAC($AD4,$GN4)*12),"N/A") -> 0 | MM4: =IFERROR((YEARFRAC($AD4,$GR4)*12),"N/A") -> 0 | MN4: =IFERROR((YEARFRAC($AD4,$GS4)*12),"N/A") -> 0 | MO4: =IFERROR((YEARFRAC($AD4,$GW4)*12),"N/A") -> 0 | MP4: =IFERROR((YEARFRAC($AD4,$GX4)*12),"N/A") -> 0 | MQ4: =IFERROR((YEARFRAC($AD4,$HB4)*12),"N/A") -> 0 | MR4: =IFERROR((YEARFRAC($AD4,$HC4)*12),"N/A") -> 0 | MS4: =IFERROR((YEARFRAC($AD4,$HG4)*12),"N/A") -> 0 | MT4: =IFERROR((YEARFRAC($AD4,$HH4)*12),"N/A") -> 0 | MU4: =IFERROR((YEARFRAC($AD4,$HL4)*12),"N/A") -> 0 | MV4: =IFERROR((YEARFRAC($AD4,$HM4)*12),"N/A") -> 0 | MW4: =IFERROR((YEARFRAC($AD4,$HQ4)*12),"N/A") -> 0 | MX4: =IFERROR((YEARFRAC($AD4,$HR4)*12),"N/A") -> 0 | MY4: =IFERROR((YEARFRAC($AD4,$HV4)*12),"N/A") -> 0 | MZ4: =IFERROR((YEARFRAC($AD4,$HW4)*12),"N/A") -> 0 | NA4: =IFERROR((YEARFRAC($AD4,$IA4)*12),"N/A") -> 0 | NB4: =IFERROR((YEARFRAC($AD4,$IB4)*12),"N/A") -> 0 | NC4: =IFERROR((YEARFRAC($AD4,$IF4)*12),"N/A") -> 0 | ND4: =IFERROR((YEARFRAC($AD4,$IG4)*12),"N/A") -> 0 | NE4: =IFERROR((YEARFRAC($AD4,$IK4)*12),"N/A") -> 0 | NF4: =IFERROR((YEARFRAC($AD4,$IL4)*12),"N/A") -> 0 | NG4: =IFERROR((YEARFRAC($AD4,$IP4)*12),"N/A") -> 0 | NH4: =IFERROR((YEARFRAC($AD4,$IQ4)*12),"N/A") -> 0 | NI4: =IFERROR((YEARFRAC($AD4,$IU4)*12),"N/A") -> 0 | NJ4: =IFERROR((YEARFRAC($AD4,$IV4)*12),"N/A") -> 0 | NK4: =IFERROR((YEARFRAC($AD4,$IZ4)*12),"N/A") -> 0 | NL4: =IFERROR((YEARFRAC($AD4,$JA4)*12),"N/A") -> 0 | NM4: =IFERROR((YEARFRAC($AD4,$JE4)*12),"N/A") -> 0 | NN4: =IFERROR((YEARFRAC($AD4,$JF4)*12),"N/A") -> 0 | NO4: =IFERROR((YEARFRAC($AD4,$JJ4)*12),"N/A") -> 0 | NP4: =IFERROR((YEARFRAC($AD4,$JK4)*12),"N/A") -> 0 | NQ4: =$LX4 -> 0 | NR4: =IFERROR((YEARFRAC($AD4,$JN4)*12),"N/A") -> 0 | NS4: =IFERROR((YEARFRAC($AD4,$JQ4)*12),"N/A") -> 0 | NT4: =IFERROR((YEARFRAC($AD4,$JR4)*12),"N/A") -> 0 | NU4: =SUM($NR4,$NT4) -> 0 | NV4: {=INDEX($NQ4:$NS4,MATCH(TRUE,INDEX(ISNUMBER($NQ4:$NS4),0),0))} -> 0 | NW4: =IF($NQ4="N/A",0,1) -> 1 | NX4: =IF($JO4="Yes",1,0) -> 0 | NY4: =IF($NR4="N/A",0,1) -> 1 | NZ4: =IF(OR($NW4=1,$NX4=1),"1","0") -> 1
A5: 4860738853 | B5: No | D5: No | E5: LH18-15484 | F5: A14 | G5: A15 | H5: 43201 | I5: Total abdominal hysterectomy nec | J5: Endometrium | K5: N/A | L5: N/A | M5: N/A | N5: N/A | O5: N/A | P5: N/A | Q5: N/A | R5: N/A | S5: N/A | T5: N/A | U5: N/A | V5: N/A | W5: N/A | X5: N/A | Y5: N/A | Z5: N/A | AA5: N/A | AB5: F | AC5: 23226 | AE5: =DATEDIF(AC5, AD5,"Y") -> #NUM! | AF5: Endometrioid adenocarcinoma, NOS | AG5: Specimen | AH5: Yes | AN5: 3 | AO5: N/A
A6: 4383572731 | B6: No | D6: No | E6: LH18-15845 | F6: A9(L) | G6: A11 | H6: 43203 | I6: Total laparoscopic hysterectomy | J6: Endometrium | K6: N/A | L6: N/A | M6: N/A | N6: N/A | O6: N/A | P6: N/A | Q6: N/A | R6: N/A | S6: N/A | T6: N/A | U6: N/A | V6: N/A | W6: N/A | X6: N/A | Y6: N/A | Z6: N/A | AA6: N/A | AB6: F | AC6: 14889 | AE6: =DATEDIF(AC6, AD6,"Y") -> #NUM! | AF6: Endometrioid adenocarcinoma, NOS | AG6: Specimen | AH6: Yes | AN6: 2 | AO6: N/A
A7: 4303155993 | B7: No | D7: No | E7: LH18-16236 | F7: A5 | G7: A2 | H7: 43206 | I7: Total laparoscopic hysterectomy | J7: Endometrium | K7: N/A | L7: N/A | M7: N/A | N7: N/A | O7: N/A | P7: N/A | Q7: N/A | R7: N/A | S7: N/A | T7: N/A | U7: N/A | V7: N/A | W7: N/A | X7: N/A | Y7: N/A | Z7: N/A | AA7: N/A | AB7: F | AC7: 15806 | AE7: =DATEDIF(AC7, AD7,"Y") -> #NUM! | AF7: Endometrioid carcinoma, focal squamous differentiation | AG7: Specimen | AH7: Yes | AN7: 1 | AO7: N/A
A8: 4861956706 | B8: No | D8: No | E8: LH18-17511 | F8: A8 | G8: A3 | H8: 43214 | I8: Total laparoscopic hysterectomy | J8: Endometrium | K8: N/A | L8: N/A | M8: N/A | N8: N/A | O8: N/A | P8: N/A | Q8: N/A | R8: N/A | S8: N/A | T8: N/A | U8: N/A | V8: N/A | W8: N/A | X8: N/A | Y8: N/A | Z8: N/A | AA8: N/A | AB8: F | AC8: 22762 | AE8: =DATEDIF(AC8, AD8,"Y") -> #NUM! | AF8: Endometrioid carcinoma, squamous differentiation | AG8: Specimen | AH8: Yes | AN8: 1 | AO8: N/A
A9: 4848783208 | B9: No | D9: No | E9: LH18-20193 | F9: A7 | G9: A8 | H9: 43230 | I9: Total laparoscopic hysterectomy | J9: Endometrium | K9: N/A | L9: N/A | M9: N/A | N9: N/A | O9: N/A | P9: N/A | Q9: N/A | R9: N/A | S9: N/A | T9: N/A | U9: N/A | V9: N/A | W9: N/A | X9: N/A | Y9: N/A | Z9: N/A | AA9: N/A | AB9: F | AC9: 21767 | AE9: =DATEDIF(AC9, AD9,"Y") -> #NUM! | AF9: Endometrioid adenocarcinoma, NOS | AG9: Specimen | AH9: Yes | AN9: 1 | AO9: N/A
A10: 4482209414 | B10: No | D10: No | E10: LH18-20274 | F10: A13 | G10: A14 | H10: 43231 | I10: Total laparoscopic hysterectomy | J10: Endometrium | K10: N/A | L10: N/A | M10: N/A | N10: N/A | O10: N/A | P10: N/A | Q10: N/A | R10: N/A | S10: N/A | T10: N/A | U10: N/A | V10: N/A | W10: N/A | X10: N/A | Y10: N/A | Z10: N/A | AA10: N/A | AB10: F | AC10: 18581 | AE10: =DATEDIF(AC10, AD10,"Y") -> #NUM! | AF10: Endometrioid adenocarcinoma, NOS | AG10: Specimen | AH10: Yes | AN10: 3 | AO10: N/A
A11: 4849472818 | B11: No | D11: No | E11: LH18-20302 | F11: A10 | G11: A8 | H11: 43231 | I11: Total abdominal hysterectomy | J11: Endometrium | K11: N/A | L11: N/A | M11: N/A | N11: N/A | O11: N/A | P11: N/A | Q11: N/A | R11: N/A | S11: N/A | T11: N/A | U11: N/A | V11: N/A | W11: N/A | X11: N/A | Y11: N/A | Z11: N/A | AA11: N/A | AB11: F | AC11: 23252 | AE11: =DATEDIF(AC11, AD11,"Y") -> #NUM! | AF11: Endometrioid adenocarcinoma with mucinous and secretory differentiation | AG11: Specimen | AH11: Yes | AN11: 1 | AO11: N/A
A12: 4423755157 | B12: No | D12: No | E12: LH18-21046 | F12: A9 | G12: A6(L) | H12: 43236 | I12: Total abdominal hysterectomy nec | J12: Endometrium | K12: N/A | L12: N/A | M12: N/A | N12: N/A | O12: N/A | P12: N/A | Q12: N/A | R12: N/A | S12: N/A | T12: N/A | U12: N/A | V12: N/A | W12: N/A | X12: N/A | Y12: N/A | Z12: N/A | AA12: N/A | AB12: F | AC12: 16964 | AE12: =DATEDIF(AC12, AD12,"Y") -> #NUM! | AF12: Carcinosarcoma with heterologous elements; Squamous and Rhabdomyosarcomatous differentiation | AG12: Specimen | AH12: Yes | AN12: 3 | AO12: N/A
A13: 4606237317 | B13: No | D13: No | E13: LH18-22036 | F13: A6 | G13: A7 | H13: 43242 | I13: Total abdominal hysterectomy nec | J13: Endometrium | K13: N/A | L13: N/A | M13: N/A | N13: N/A | O13: N/A | P13: N/A | Q13: N/A | R13: N/A | S13: N/A | T13: N/A | U13: N/A | V13: N/A | W13: N/A | X13: N/A | Y13: N/A | Z13: N/A | AA13: N/A | AB13: F | AC13: 19419 | AE13: =DATEDIF(AC13, AD13,"Y") -> #NUM! | AF13: Mixed carcinoma: clear cell and endometrioid | AG13: Specimen | AH13: Yes | AN13: 3 | AO13: N/A
A14: 6311634686 | B14: No | D14: No | E14: LH18-22454 | F14: A4 | G14: A5 | H14: 43244 | I14: Total laparoscopic hysterectomy | J14: Endometrium | K14: N/A | L14: N/A | M14: N/A | N14: N/A | O14: N/A | P14: N/A | Q14: N/A | R14: N/A | S14: N/A | T14: N/A | U14: N/A | V14: N/A | W14: N/A | X14: N/A | Y14: N/A | Z14: N/A | AA14: N/A | AB14: F | AC14: 19906 | AE14: =DATEDIF(AC14, AD14,"Y") -> #NUM! | AF14: Endometrioid adenocarcinoma, NOS | AG14: Specimen | AH14: Yes | AN14: 2 | AO14: N/A
A15: 4381431065 | B15: No | D15: No | E15: LH18-22773 | F15: A6 | G15: A5 | H15: 43245 | I15: Total abdominal hysterectomy nec | J15: Endometrium | K15: N/A | L15: N/A | M15: N/A | N15: N/A | O15: N/A | P15: N/A | Q15: N/A | R15: N/A | S15: N/A | T15: N/A | U15: N/A | V15: N/A | W15: N/A | X15: N/A | Y15: N/A | Z15: N/A | AA15: N/A | AB15: F | AC15: 16307 | AE15: =DATEDIF(AC15, AD15,"Y") -> #NUM! | AF15: Serous carcinoma | AG15: Specimen | AH15: No | AN15: 3 | AO15: N/A
A16: 4861939941 | B16: No | D16: No | E16: LH18-22989 | F16: A8 | G16: A11 | H16: 43239 | I16: Total laparoscopic hysterectomy | J16: Endometrium | K16: N/A | L16: N/A | M16: N/A | N16: N/A | O16: N/A | P16: N/A | Q16: N/A | R16: N/A | S16: N/A | T16: N/A | U16: N/A | V16: N/A | W16: N/A | X16: N/A | Y16: N/A | Z16: N/A | AA16: N/A | AB16: F | AC16: 22540 | AE16: =DATEDIF(AC16, AD16,"Y") -> #NUM! | AF16: Endometrioid carcinoma, with areas of mucinous differentiation | AG16: Specimen | AH16: Yes | AN16: 2 | AO16: N/A
... A92: 4381731344 | B92: No | D92: No | E92: LH21-12410 | F92: A7 | G92: A6 | H92: 44286 | I92: Total abdominal hysterectomy nec | J92: Endometrium | K92: N/A | L92: N/A | M92: N/A | N92: N/A | O92: N/A | P92: N/A | Q92: N/A | R92: N/A | S92: N/A | T92: N/A | U92: N/A | V92: N/A | W92: N/A | X92: N/A | Y92: N/A | Z92: N/A | AA92: N/A | AB92: F | AC92: 14638 | AE92: =DATEDIF(AC92, AD92,"Y") -> #NUM! | AF92: Mixed: high grade adenocarcinoma with features of endometrioid and serous carcinoma | AG92: Specimen | AH92: Yes | AN92: 3 | AO92: N/A

Sheet Supplementary (ship 2)
A1: NHS number | B1: Donor ID | C1: Specimen number | D1: FIGO grading
A2: 4329209322 | C2: LH18-15364 | D2: IA
A3: 4860738853 | C3: LH18-15484 | D3: II
A4: 4383572731 | C4: LH18-15845 | D4: II
A5: 4303155993 | C5: LH18-16236 | D5: IA
A6: 4861956706 | C6: LH18-17511 | D6: II
A7: 4848783208 | C7: LH18-20193 | D7: IB
A8: 4482209414 | C8: LH18-20274 | D8: II
A9: 4849472818 | C9: LH18-20302 | D9: IIIA
A10: 4423755157 | C10: LH18-21046 | D10: IA
A11: 4606237317 | C11: LH18-22036 | D11: IVB
A12: 6311634686 | C12: LH18-22454 | D12: IB
A13: 4381431065 | C13: LH18-22773 | D13: IIIC2
... A90: 4381731344 | C90: LH21-12410 | D90: II

Sheet Follow up (Ship 3)
A1: PLEASE BE AWARE COLUMNS MAY BE 'HIDDEN' OR 'COLLAPSED'
A3: NHS number | B3: Any Immunotherapy | C3: Specimen treatment subgrouping | D3: Specimen is a recurrence | E3: Selected specimen Anonymised ID | F3: Specimen Block number 1 | G3: Specimen Block number 2 | H3: Specimen surgery date | I3: Specimen surgery | J3: Specimen tumour site | K3: Primary Surgery date | L3: Primary tumour site | M3: Anonymized ID Matched met 1 | N3: Matched met 1 Block Number | O3: Matched met 1 Site | P3: Matched met 1 Surgery Date | Q3: Matched met 1 treatment subgrouping | R3: Anonymized ID Matched met 2 | S3: Matched met 2 Block Number | T3: Matched met 2 Site | U3: Matched met 2 Surgery Date | V3: Matched met 2 treatment subgrouping | W3: Anonymized ID Normal tissue | X3: Matched Normal tissue Block Number | Y3: Matched Normal tissue Site | Z3: Matched Normal tissue Surgery Date | AA3: Matched Normal treatment subgrouping | AB3: Gender | AC3: DOB | AD3: Date of DX | AE3: Age at Diagnosis | AF3: Specimen Histological Diagnosis | AG3: Staging/grading info provided for: | AH3: Resection margins clear | AI3: pT | AJ3: pN | AK3: pM | AL3: cM | AM3: TNM stage | AN3: Grade | AO3: Stage at DX (AJCC) | AP3: Any Neoadjuvant therapy | AQ3: Response to neoadjuvant therapy (TRS score) | AR3: Neoadjuvant Tx1 | AS3: Neoadjuvant Tx1 Agent | AT3: Neoadjuvant Tx1 Start Date | AU3: Neoadjuvant Tx1 End Date | AV3: Tumour response Neoadjuvant Tx1 | AW3: Neoadjuvant Tx2 | AX3: Neoadjuvant Tx2 Agent | AY3: Neoadjuvant Tx2 Start Date | AZ3: Neoadjuvant Tx2 End Date | BA3: Tumour response Neoadjuvant Tx2 | BB3: Neoadjuvant Tx3 | BC3: Neoadjuvant Tx3 Agent | BD3: Neoadjuvant Tx3 Start Date | BE3: Neoadjuvant Tx3 End Date | BF3: Tumour response Neoadjuvant Tx3 | BG3: Neoadjuvant Tx4 | BH3: Neoadjuvant Tx4 Agent | BI3: Neoadjuvant Tx4 Start Date | BJ3: Neoadjuvant Tx4 End Date | BK3: Tumour response Neoadjuvant Tx4 | BL3: Neoadjuvant Tx5 | BM3: Neoadjuvant Tx5 Agent | BN3: Neoadjuvant Tx5 Start Date | BO3: Neoadjuvant Tx5 End Date | BP3: Tumour response Neoadjuvant Tx5 | BQ3: Neoadjuvant Tx6 | BR3: Neoadjuvant Tx6 Agent | BS3: Neoadjuvant Tx6 Start Date | BT3: Neoadjuvant Tx6 End Date | BU3: Tumour response Neoadjuvant Tx6 | BV3: Neoadjuvant Tx7 | BW3: Neoadjuvant Tx7 Agent | BX3: Neoadjuvant Tx7 Start Date | BY3: Neoadjuvant Tx7 End Date | BZ3: Tumour response Neoadjuvant Tx7 | CA3: Neoadjuvant Tx8 | CB3: Neoadjuvant Tx8 Agent | CC3: Neoadjuvant Tx8 Start Date | CD3: Neoadjuvant Tx8 End Date | CE3: Tumour response Neoadjuvant Tx8 | CF3: Neoadjuvant Tx9 | CG3: Neoadjuvant Tx9 Agent | CH3: Neoadjuvant Tx9 Start Date | CI3: Neoadjuvant Tx9 End Date | CJ3: Tumour response Neoadjuvant Tx9 | CK3: Neoadjuvant Tx10 | CL3: Neoadjuvant Tx10 Agent | CM3: Neoadjuvant Tx10 Start Date | CN3: Neoadjuvant Tx10 End Date | CO3: Tumour response Neoadjuvant Tx10 | CP3: Adjuvant Tx1 | CQ3: Adjuvant Tx1 Agent | CR3: Adjuvant Tx1 Start Date | CS3: Adjuvant Tx1 End Date | CT3: Tumour response Adjuvant Tx1 | CU3: Adjuvant Tx2 | CV3: Adjuvant Tx2 Agent | CW3: Adjuvant Tx2 Start Date | CX3: Adjuvant Tx2 End Date | CY3: Tumour response Adjuvant Tx2 | CZ3: Adjuvant Tx3 | DA3: Adjuvant Tx3 Agent | DB3: Adjuvant Tx3 Start Date | DC3: Adjuvant Tx3 End Date | DD3: Tumour response Adjuvant Tx3 | DE3: Adjuvant Tx4 | DF3: Adjuvant Tx4 Agent | DG3: Adjuvant Tx4 Start Date | DH3: Adjuvant Tx4 End Date | DI3: Tumour response Adjuvant Tx4 | DJ3: Adjuvant Tx5 | DK3: Adjuvant Tx5 Agent | DL3: Adjuvant Tx5 Start Date | DM3: Adjuvant Tx5 End Date | DN3: Tumour response Adjuvant Tx5 | DO3: Adjuvant Tx6 | DP3: Adjuvant Tx6 Agent | DQ3: Adjuvant Tx6 Start Date | DR3: Adjuvant Tx6 End Date | DS3: Tumour response Adjuvant Tx6 | DT3: Adjuvant Tx7 | DU3: Adjuvant Tx7 Agent | DV3: Adjuvant Tx7 Start Date | DW3: Adjuvant Tx7 End Date | DX3: Tumour response Adjuvant Tx7 | DY3: Adjuvant Tx8 | DZ3: Adjuvant Tx8 Agent | EA3: Adjuvant Tx8 Start Date | EB3: Adjuvant Tx8 End Date | EC3: Tumour response Adjuvant Tx8 | ED3: Adjuvant Tx9 | EE3: Adjuvant Tx9 Agent | EF3: Adjuvant Tx9 Start Date | EG3: Adjuvant Tx9 End Date | EH3: Tumour response Adjuvant Tx9 | EI3: Adjuvant Tx10 | EJ3: Adjuvant Tx10 Agent | EK3: Adjuvant Tx10 Start Date | EL3: Adjuvant Tx10 End Date | EM3: Tumour response Adjuvant Tx10 | EN3: Adjuvant Tx11 | EO3: Adjuvant Tx11 Agent | EP3: Adjuvant Tx11 Start Date | EQ3: Adjuvant Tx11 End Date | ER3: Tumour response Adjuvant Tx11 | ES3: Adjuvant Tx12 | ET3: Adjuvant Tx12 Agent | EU3: Adjuvant Tx12 Start Date | EV3: Adjuvant Tx12 End Date | EW3: Tumour response Adjuvant Tx12 | EX3: Adjuvant Tx13 | EY3: Adjuvant Tx13 Agent | EZ3: Adjuvant Tx13 Start Date | FA3: Adjuvant Tx13 End Date | FB3: Tumour response Adjuvant Tx13 | FC3: Adjuvant Tx14 | FD3: Adjuvant Tx14 Agent | FE3: Adjuvant Tx14 Start Date | FF3: Adjuvant Tx14 End Date | FG3: Tumour response Adjuvant Tx14 | FH3: Adjuvant Tx15 | FI3: Adjuvant Tx15 Agent | FJ3: Adjuvant Tx15 Start Date | FK3: Adjuvant Tx15 End Date | FL3: Date recurrence/ progression 1 | FM3: Sites recurrence/ progression 1 | FN3: Date recurrence/ progression 2 | FO3: Sites recurrence/ progression 2 | FP3: Date recurrence/ progression 3 | FQ3: Sites recurrence/ progression 3 | FR3: Date recurrence/ progression 4 | FS3: Sites recurrence/ progression 4 | FT3: Date recurrence/ progression 5 | FU3: Sites recurrence/ progression 5 | FV3: Date recurrence/ progression 6 | FW3: Sites recurrence/ progression 6 | FX3: Date recurrence/ progression 7 | FY3: Sites recurrence/ progression 7 | FZ3: Date recurrence/ progression 8 | GA3: Sites recurrence/ progression 8 | GB3: Date recurrence/ progression 9 | GC3: Sites recurrence/ progression 9 | GD3: Date recurrence/ progression 10 | GE3: Sites recurrence/ progression 10 | GF3: Date recurrence/ progression 11 | GG3: Sites recurrence/ progression 11 | GH3: Date recurrence/ progression 12 | GI3: Sites recurrence/ progression 12 | GJ3: Date recurrence/ progression 13 | GK3: Sites recurrence/ progression 13 | GL3: Date recurrence/ progression 14 | GM3: Sites recurrence/ progression 14 | GN3: Date recurrence/ progression 15 | GO3: Sites recurrence/ progression 15 | GP3: Subsequent Tx1 | GQ3: Subsequent Tx1 Agent | GR3: Subsequent Tx1 Start Date | GS3: Subsequent Tx1 Finish Date | GT3: Tumour response to Subsequent Tx1 | GU3: Subsequent Tx2 | GV3: Subsequent Tx2 Agent | GW3: Subsequent Tx2 Start Date | GX3: Subsequent Tx2 Finish Date | GY3: Tumour response to Subsequent Tx2 | GZ3: Subsequent Tx3 | HA3: Subsequent Tx3 Agent | HB3: Subsequent Tx3 Start Date | HC3: Subsequent Tx3 Finish Date | HD3: Tumour response to Subsequent Tx3 | HE3: Subsequent Tx4 | HF3: Subsequent Tx4 Agent | HG3: Subsequent Tx4 Start Date | HH3: Subsequent Tx4 Finish Date | HI3: Tumour response to Subsequent Tx4 | HJ3: Subsequent Tx5 | HK3: Subsequent Tx5 Agent | HL3: Subsequent Tx5 Start Date | HM3: Subsequent Tx5 Finish Date | HN3: Tumour response to Subsequent Tx5 | HO3: Subsequent Tx6 | HP3: Subsequent Tx6 Agent | HQ3: Subsequent Tx6 Start Date | HR3: Subsequent Tx6 Finish Date | HS3: Tumour response to Subsequent Tx6 | HT3: Subsequent Tx7 | HU3: Subsequent Tx7 Agent | HV3: Subsequent Tx7 Start Date | HW3: Subsequent Tx7 Finish Date | HX3: Tumour response to Subsequent Tx7 | HY3: Subsequent Tx8 | HZ3: Subsequent Tx8 Agent | IA3: Subsequent Tx8 Start Date | IB3: Subsequent Tx8 Finish Date | IC3: Tumour response to Subsequent Tx8 | ID3: Subsequent Tx9 | IE3: Subsequent Tx9 Agent | IF3: Subsequent Tx9 Start Date | IG3: Subsequent Tx9 Finish Date | IH3: Tumour response to Subsequent Tx9 | II3: Subsequent Tx10 | IJ3: Subsequent Tx10 Agent | IK3: Subsequent Tx10 Start Date | IL3: Subsequent Tx10 Finish Date | IM3: Tumour response to Subsequent Tx10 | IN3: Subsequent Tx11 | IO3: Subsequent Tx11 Agent | IP3: Subsequent Tx11 Start Date | IQ3: Subsequent Tx11 Finish Date | IR3: Tumour response to Subsequent Tx11 | IS3: Subsequent Tx12 | IT3: Subsequent Tx12 Agent | IU3: Subsequent Tx12 Start Date | IV3: Subsequent Tx12 Finish Date | IW3: Tumour response to Subsequent Tx12 | IX3: Subsequent Tx13 | IY3: Subsequent Tx13 Agent | IZ3: Subsequent Tx13 Start Date | JA3: Subsequent Tx13 Finish Date | JB3: Tumour response to Subsequent Tx13 | JC3: Subsequent Tx14 | JD3: Subsequent Tx14 Agent | JE3: Subsequent Tx14 Start Date | JF3: Subsequent Tx14 Finish Date | JG3: Tumour response to Subsequent Tx14 | JH3: Subsequent Tx15 | JI3: Subsequent Tx15 Agent | JJ3: Subsequent Tx15 Start Date | JK3: Subsequent Tx15 Finish Date | JL3: Tumour response to Subsequent Tx15 | JM3: Current Status | JN3: Death date | JO3: Death tumour related | JP3: Cause of death | JQ3: Date last follow-up | JR3: Date Last Seen | JS3: Concurrent Medical Conditions | JT3: Comments from clinical team | JU3: TTE Neoadjuvant Tx1 Start Date | JV3: TTE Neoadjuvant Tx1 End Date | JW3: TTE Neoadjuvant Tx2 Start Date | JX3: TTE Neoadjuvant Tx2 End Date | JY3: TTE Neoadjuvant Tx3 Start Date | JZ3: TTE Neoadjuvant Tx3 End Date | KA3: TTE Neoadjuvant Tx4 Start Date | KB3: TTE Neoadjuvant Tx4 End Date | KC3: TTE Neoadjuvant Tx5 Start Date | KD3: TTE Neoadjuvant Tx5 End Date | KE3: TTE Neoadjuvant Tx6 Start Date | KF3: TTE Neoadjuvant Tx6 End Date | KG3: TTE Neoadjuvant Tx7 Start Date | KH3: TTE Neoadjuvant Tx7 End Date | KI3: TTE Neoadjuvant Tx8 Start Date | KJ3: TTE Neoadjuvant Tx8 End Date | KK3: TTE Neoadjuvant Tx9 Start Date | KL3: TTE Neoadjuvant Tx9 End Date | KM3: TTE Neoadjuvant Tx10 Start Date | KN3: TTE Neoadjuvant Tx10 End Date | KO3: TTE Specimen surgery date | KP3: TTE Primary Surgery date | KQ3: TTE Matched met 1 Surgery Date | KR3: TTE Matched met 2 Surgery Date | KS3: TTE Matched Normal tissue Surgery Date | KT3: TTE Adjuvant Tx1 Start Date | KU3: TTE Adjuvant Tx1 End Date | KV3: TTE Adjuvant Tx2 Start Date | KW3: TTE Adjuvant Tx2 End Date | KX3: TTE Adjuvant Tx3 Start Date | KY3: TTE Adjuvant Tx3 End Date | KZ3: TTE Adjuvant Tx4 Start Date | LA3: TTE Adjuvant Tx4 End Date | LB3: TTE Adjuvant Tx5 Start Date | LC3: TTE Adjuvant Tx5 End Date | LD3: TTE Adjuvant Tx6 Start Date | LE3: TTE Adjuvant Tx6 End Date | LF3: TTE Adjuvant Tx7 Start Date | LG3: TTE Adjuvant Tx7 End Date | LH3: TTE Adjuvant Tx8 Start Date | LI3: TTE Adjuvant Tx8 End Date | LJ3: TTE Adjuvant Tx9 Start Date | LK3: TTE Adjuvant Tx9 End Date | LL3: TTE Adjuvant Tx10 Start Date | LM3: TTE Adjuvant Tx10 End Date | LN3: TTE Adjuvant Tx11 Start Date | LO3: TTE Adjuvant Tx11 End Date | LP3: TTE Adjuvant Tx12 Start Date | LQ3: TTE Adjuvant Tx12 End Date | LR3: TTE Adjuvant Tx13 Start Date | LS3: TTE Adjuvant Tx13 End Date | LT3: TTE Adjuvant Tx14 Start Date | LU3: TTE Adjuvant Tx14 End Date | LV3: TTE Adjuvant Tx15 Start Date | LW3: TTE Adjuvant Tx15 End Date | LX3: TTE Date recurrence/ progression 1 | LY3: TTE Date recurrence/ progression 2 | LZ3: TTE Date recurrence/ progression 3 | MA3: TTE Date recurrence/ progression 4 | MB3: TTE Date recurrence/ progression 5 | MC3: TTE Date recurrence/ progression 6 | MD3: TTE Date recurrence/ progression 7 | ME3: TTE Date recurrence/ progression 8 | MF3: TTE Date recurrence/ progression 9 | MG3: TTE Date recurrence/ progression 10 | MH3: TTE Date recurrence/ progression 11 | MI3: TTE Date recurrence/ progression 12 | MJ3: TTE Date recurrence/ progression 13 | MK3: TTE Date recurrence/ progression 14 | ML3: TTE Date recurrence/ progression 15 | MM3: TTE Subsequent Tx1 Start Date | MN3: TTE Subsequent Tx1 Finish Date | MO3: TTE Subsequent Tx2 Start Date | MP3: TTE Subsequent Tx2 Finish Date | MQ3: TTE Subsequent Tx3 Start Date | MR3: TTE Subsequent Tx3 Finish Date | MS3: TTE Subsequent Tx4 Start Date | MT3: TTE Subsequent Tx4 Finish Date | MU3: TTE Subsequent Tx5 Start Date | MV3: TTE Subsequent Tx5 Finish Date | MW3: TTE Subsequent Tx6 Start Date | MX3: TTE Subsequent Tx6 Finish Date | MY3: TTE Subsequent Tx7 Start Date | MZ3: TTE Subsequent Tx7 Finish Date | NA3: TTE Subsequent Tx8 Start Date | NB3: TTE Subsequent Tx8 Finish Date | NC3: TTE Subsequent Tx9 Start Date | ND3: TTE Subsequent Tx9 Finish Date | NE3: TTE Subsequent Tx10 Start Date | NF3: TTE Subsequent Tx10 Finish Date | NG3: TTE Subsequent Tx11 Start Date | NH3: TTE Subsequent Tx11 Finish Date | NI3: TTE Subsequent Tx12 Start Date | NJ3: TTE Subsequent Tx12 Finish Date | NK3: TTE Subsequent Tx13 Start Date | NL3: TTE Subsequent Tx13 Finish Date | NM3: TTE Subsequent Tx14 Start Date | NN3: TTE Subsequent Tx14 Finish Date | NO3: TTE Subsequent Tx15 Start Date | NP3: TTE Subsequent Tx15 Finish Date | NQ3: TTE Recurrence (PFS) | NR3: TTE Death (OS and PFS) | NS3: TTE Date last follow-up (PFS) | NT3: TTE Date last seen (OS) | NU3: TTE Overall survival (OS) in months | NV3: TTE Progression free survival (PFS) in months | NW3: Event (recurrence/progression) | NX3: Event (cancer death) | NY3: Event (death; all causes) | NZ3: Event (recurrence or cancer death)
A4: 4387508752 | B4: No | C4: Treatment naïve | D4: No | E4: LH18-25699 | F4: A11 | G4: A12 | H4: 43266 | I4: Laparoscopic extensive adhesiolysis, total hysterectomy and bilateral salpingo-oophorectomy | J4: Uterine corpus (Endomyometrium) | K4: N/A | L4: N/A | M4: N/A | N4: N/A | O4: N/A | P4: N/A | Q4: N/A | R4: N/A | S4: N/A | T4: N/A | U4: N/A | V4: N/A | W4: N/A | X4: N/A | Y4: N/A | Z4: N/A | AA4: N/A | AB4: F | AC4: 15882 | AD4: 43213 | AE4: =DATEDIF(AC4, AD4,"Y") -> 74 | AF4: Mixed endometrioid and serous adenocarcinoma | AG4: Specimen | AH4: Yes | AI4: 1a | AJ4: NR | AK4: NR | AL4: 0 | AM4: T1AN0M0 | AN4: 2 | AO4: N/A | AP4: No | AQ4: N/A | JS4: hypertension, hypercholesteremia, asthma, ulcerative colitis and hypothyroidism | JU4: =IFERROR((YEARFRAC($AD4,$AT4)*12),"N/A") -> 1419.7667 | JV4: =IFERROR((YEARFRAC($AD4,$AU4)*12),"N/A") -> 1419.7667 | JW4: =IFERROR((YEARFRAC($AD4,$AY4)*12),"N/A") -> 1419.7667 | JX4: =IFERROR((YEARFRAC($AD4,$AZ4)*12),"N/A") -> 1419.7667 | JY4: =IFERROR((YEARFRAC($AD4,$BD4)*12),"N/A") -> 1419.7667 | JZ4: =IFERROR((YEARFRAC($AD4,$BE4)*12),"N/A") -> 1419.7667 | KA4: =IFERROR((YEARFRAC($AD4,$BI4)*12),"N/A") -> 1419.7667 | KB4: =IFERROR((YEARFRAC($AD4,$BJ4)*12),"N/A") -> 1419.7667 | KC4: =IFERROR((YEARFRAC($AD4,$BN4)*12),"N/A") -> 1419.7667 | KD4: =IFERROR((YEARFRAC($AD4,$BO4)*12),"N/A") -> 1419.7667 | KE4: =IFERROR((YEARFRAC($AD4,$BS4)*12),"N/A") -> 1419.7667 | KF4: =IFERROR((YEARFRAC($AD4,$BT4)*12),"N/A") -> 1419.7667 | KG4: =IFERROR((YEARFRAC($AD4,$BX4)*12),"N/A") -> 1419.7667 | KH4: =IFERROR((YEARFRAC($AD4,$BY4)*12),"N/A") -> N/A | KI4: =IFERROR((YEARFRAC($AD4,$CC4)*12),"N/A") -> 1419.7667 | KJ4: =IFERROR((YEARFRAC($AD4,$CD4)*12),"N/A") -> 1419.7667 | KK4: =IFERROR((YEARFRAC($AD4,$CH4)*12),"N/A") -> 1419.7667 | KL4: =IFERROR((YEARFRAC($AD4,$CI4)*12),"N/A") -> 1419.7667 | KM4: =IFERROR((YEARFRAC($AD4,$CM4)*12),"N/A") -> 1419.7667 | KN4: =IFERROR((YEARFRAC($AD4,$CN4)*12),"N/A") -> 1419.7667 | KO4: =IFERROR((YEARFRAC($AD4,$H4)*12),"N/A") -> 1.7333333 | KP4: =IFERROR((YEARFRAC($AD4,$K4)*12),"N/A") -> N/A | KQ4: =IFERROR((YEARFRAC($AD4,$P4)*12),"N/A") -> N/A | KR4: =IFERROR((YEARFRAC($AD4,$U4)*12),"N/A") -> N/A | KS4: =IFERROR((YEARFRAC($AD4,$Z4)*12),"N/A") -> N/A | KT4: =IFERROR((YEARFRAC($AD4,$CR4)*12),"N/A") -> 1419.7667 | KU4: =IFERROR((YEARFRAC($AD4,$CS4)*12),"N/A") -> 1419.7667 | KV4: =IFERROR((YEARFRAC($AD4,$CW4)*12),"N/A") -> 1419.7667 | KW4: =IFERROR((YEARFRAC($AD4,$CX4)*12),"N/A") -> 1419.7667 | KX4: =IFERROR((YEARFRAC($AD4,$DB4)*12),"N/A") -> 1419.7667 | KY4: =IFERROR((YEARFRAC($AD4,$DC4)*12),"N/A") -> 1419.7667 | KZ4: =IFERROR((YEARFRAC($AD4,$DG4)*12),"N/A") -> 1419.7667 | LA4: =IFERROR((YEARFRAC($AD4,$DH4)*12),"N/A") -> 1419.7667 | LB4: =IFERROR((YEARFRAC($AD4,$DL4)*12),"N/A") -> 1419.7667 | LC4: =IFERROR((YEARFRAC($AD4,$DM4)*12),"N/A") -> 1419.7667 | LD4: =IFERROR((YEARFRAC($AD4,$DQ4)*12),"N/A") -> 1419.7667 | LE4: =IFERROR((YEARFRAC($AD4,$DR4)*12),"N/A") -> 1419.7667 | LF4: =IFERROR((YEARFRAC($AD4,$DV4)*12),"N/A") -> 1419.7667 | LG4: =IFERROR((YEARFRAC($AD4,$DW4)*12),"N/A") -> 1419.7667 | LH4: =IFERROR((YEARFRAC($AD4,$EA4)*12),"N/A") -> 1419.7667 | LI4: =IFERROR((YEARFRAC($AD4,$EB4)*12),"N/A") -> 1419.7667 | LJ4: =IFERROR((YEARFRAC($AD4,$EF4)*12),"N/A") -> 1419.7667 | LK4: =IFERROR((YEARFRAC($AD4,$EG4)*12),"N/A") -> 1419.7667 | LL4: =IFERROR((YEARFRAC($AD4,$EK4)*12),"N/A") -> 1419.7667 | LM4: =IFERROR((YEARFRAC($AD4,$EL4)*12),"N/A") -> 1419.7667 | LN4: =IFERROR((YEARFRAC($AD4,$EP4)*12),"N/A") -> 1419.7667 | LO4: =IFERROR((YEARFRAC($AD4,$EQ4)*12),"N/A") -> 1419.7667 | LP4: =IFERROR((YEARFRAC($AD4,$EU4)*12),"N/A") -> 1419.7667 | LQ4: =IFERROR((YEARFRAC($AD4,$EV4)*12),"N/A") -> 1419.7667 | LR4: =IFERROR((YEARFRAC($AD4,$EZ4)*12),"N/A") -> 1419.7667 | LS4: =IFERROR((YEARFRAC($AD4,$FA4)*12),"N/A") -> 1419.7667 | LT4: =IFERROR((YEARFRAC($AD4,$EE4)*12),"N/A") -> 1419.7667 | LU4: =IFERROR((YEARFRAC($AD4,$EF4)*12),"N/A") -> 1419.7667 | LV4: =IFERROR((YEARFRAC($AD4,$FJ4)*12),"N/A") -> 1419.7667 | LW4: =IFERROR((YEARFRAC($AD4,$FK4)*12),"N/A") -> 1419.7667 | LX4: =IFERROR((YEARFRAC($AD4,$FL4)*12),"N/A") -> 1419.7667 | LY4: =IFERROR((YEARFRAC($AD4,$FN4)*12),"N/A") -> 1419.7667 | LZ4: =IFERROR((YEARFRAC($AD4,$FP4)*12),"N/A") -> 1419.7667 | MA4: =IFERROR((YEARFRAC($AD4,$FR4)*12),"N/A") -> 1419.7667 | MB4: =IFERROR((YEARFRAC($AD4,$FT4)*12),"N/A") -> 1419.7667 | MC4: =IFERROR((YEARFRAC($AD4,$FV4)*12),"N/A") -> 1419.7667 | MD4: =IFERROR((YEARFRAC($AD4,$FX4)*12),"N/A") -> 1419.7667 | ME4: =IFERROR((YEARFRAC($AD4,$FZ4)*12),"N/A") -> 1419.7667 | MF4: =IFERROR((YEARFRAC($AD4,$GB4)*12),"N/A") -> 1419.7667 | MG4: =IFERROR((YEARFRAC($AD4,$GD4)*12),"N/A") -> 1419.7667 | MH4: =IFERROR((YEARFRAC($AD4,$GF4)*12),"N/A") -> 1419.7667 | MI4: =IFERROR((YEARFRAC($AD4,$GH4)*12),"N/A") -> 1419.7667 | MJ4: =IFERROR((YEARFRAC($AD4,$GJ4)*12),"N/A") -> 1419.7667 | MK4: =IFERROR((YEARFRAC($AD4,$GL4)*12),"N/A") -> 1419.7667 | ML4: =IFERROR((YEARFRAC($AD4,$GN4)*12),"N/A") -> 1419.7667 | MM4: =IFERROR((YEARFRAC($AD4,$GR4)*12),"N/A") -> 1419.7667 | MN4: =IFERROR((YEARFRAC($AD4,$GS4)*12),"N/A") -> 1419.7667 | MO4: =IFERROR((YEARFRAC($AD4,$GW4)*12),"N/A") -> 1419.7667 | MP4: =IFERROR((YEARFRAC($AD4,$GX4)*12),"N/A") -> 1419.7667 | MQ4: =IFERROR((YEARFRAC($AD4,$HB4)*12),"N/A") -> 1419.7667 | MR4: =IFERROR((YEARFRAC($AD4,$HC4)*12),"N/A") -> 1419.7667 | MS4: =IFERROR((YEARFRAC($AD4,$HG4)*12),"N/A") -> 1419.7667 | MT4: =IFERROR((YEARFRAC($AD4,$HH4)*12),"N/A") -> 1419.7667 | MU4: =IFERROR((YEARFRAC($AD4,$HL4)*12),"N/A") -> 1419.7667 | MV4: =IFERROR((YEARFRAC($AD4,$HM4)*12),"N/A") -> 1419.7667 | MW4: =IFERROR((YEARFRAC($AD4,$HQ4)*12),"N/A") -> 1419.7667 | MX4: =IFERROR((YEARFRAC($AD4,$HR4)*12),"N/A") -> 1419.7667 | MY4: =IFERROR((YEARFRAC($AD4,$HV4)*12),"N/A") -> 1419.7667 | MZ4: =IFERROR((YEARFRAC($AD4,$HW4)*12),"N/A") -> 1419.7667 | NA4: =IFERROR((YEARFRAC($AD4,$IA4)*12),"N/A") -> 1419.7667 | NB4: =IFERROR((YEARFRAC($AD4,$IB4)*12),"N/A") -> 1419.7667 | NC4: =IFERROR((YEARFRAC($AD4,$IF4)*12),"N/A") -> 1419.7667 | ND4: =IFERROR((YEARFRAC($AD4,$IG4)*12),"N/A") -> 1419.7667 | NE4: =IFERROR((YEARFRAC($AD4,$IK4)*12),"N/A") -> 1419.7667 | NF4: =IFERROR((YEARFRAC($AD4,$IL4)*12),"N/A") -> 1419.7667 | NG4: =IFERROR((YEARFRAC($AD4,$IP4)*12),"N/A") -> 1419.7667 | NH4: =IFERROR((YEARFRAC($AD4,$IQ4)*12),"N/A") -> 1419.7667 | NI4: =IFERROR((YEARFRAC($AD4,$IU4)*12),"N/A") -> 1419.7667 | NJ4: =IFERROR((YEARFRAC($AD4,$IV4)*12),"N/A") -> 1419.7667 | NK4: =IFERROR((YEARFRAC($AD4,$IZ4)*12),"N/A") -> 1419.7667 | NL4: =IFERROR((YEARFRAC($AD4,$JA4)*12),"N/A") -> 1419.7667 | NM4: =IFERROR((YEARFRAC($AD4,$JE4)*12),"N/A") -> 1419.7667 | NN4: =IFERROR((YEARFRAC($AD4,$JF4)*12),"N/A") -> 1419.7667 | NO4: =IFERROR((YEARFRAC($AD4,$JJ4)*12),"N/A") -> 1419.7667 | NP4: =IFERROR((YEARFRAC($AD4,$JK4)*12),"N/A") -> 1419.7667 | NQ4: =$LX4 -> 1419.7667 | NR4: =IFERROR((YEARFRAC($AD4,$JN4)*12),"N/A") -> 1419.7667 | NS4: =IFERROR((YEARFRAC($AD4,$JQ4)*12),"N/A") -> 1419.7667 | NT4: =IFERROR((YEARFRAC($AD4,$JR4)*12),"N/A") -> 1419.7667 | NU4: =SUM($NR4,$NT4) -> 2839.5333 | NV4: {=INDEX($NQ4:$NS4,MATCH(TRUE,INDEX(ISNUMBER($NQ4:$NS4),0),0))} -> 1419.7667 | NW4: =IF($NQ4="N/A",0,1) -> 1 | NX4: =IF($JO4="Yes",1,0) -> 0 | NY4: =IF($NR4="N/A",0,1) -> 1 | NZ4: =IF(OR($NW4=1,$NX4=1),"1","0") -> 1
A5: 4425695976 | B5: No | C5: Treatment naïve | D5: No | E5: LH18-26339 | F5: A13 | G5: A15 | H5: 43270 | I5: Staging for endometrial cancer: TLH, BSO, Pelvic Lymphadenectomy, washings, and adhesiolysis | J5: Uterine corpus (Endomyometrium) | K5: N/A | L5: N/A | M5: N/A | N5: N/A | O5: N/A | P5: N/A | Q5: N/A | R5: N/A | S5: N/A | T5: N/A | U5: N/A | V5: N/A | W5: N/A | X5: N/A | Y5: N/A | Z5: N/A | AA5: N/A | AB5: F | AC5: 15773 | AD5: 43270 | AE5: =DATEDIF(AC5, AD5,"Y") -> 75 | AF5: Endometrioid adenocarcinoma | AG5: Specimen | AH5: Yes | AI5: 2 | AJ5: 0 | AK5: NR | AL5: 0 | AM5: T2N0M0 | AN5: 1 | AO5: N/A | AP5: No | AQ5: N/A
A6: 4381015940 | B6: No | C6: Treatment naïve | D6: No | E6: LH18-27900 | F6: A7 | G6: A6 | H6: 43279 | I6: Total Abdominal Hysterectomy; Bilateral Salpingo-oophorectomy; Extensive adhesiolysis; Peritoneal washings. | J6: Uterine corpus (anterior endomyometrium) | K6: N/A | L6: N/A | M6: N/A | N6: N/A | O6: N/A | P6: N/A | Q6: N/A | R6: N/A | S6: N/A | T6: N/A | U6: N/A | V6: N/A | W6: N/A | X6: N/A | Y6: N/A | Z6: N/A | AA6: N/A | AB6: F | AC6: 15162 | AD6: 43242 | AE6: =DATEDIF(AC6, AD6,"Y") -> 76 | AF6: Endometrioid carcinoma | AG6: Specimen | AH6: NR | AI6: 1a | AJ6: NR | AK6: NR | AL6: 0 | AM6: T1AN0M0 | AN6: 2 | AO6: N/A | AP6: No | AQ6: N/A
A7: 4269850612 | B7: No | C7: Treatment naïve | D7: No | E7: LH18-28277 | F7: A13 | G7: A12 | H7: 43285 | I7: Adhesiolysis/Total laparoscopic hysterectomy/Bilateral salpingo-oophorectomy | J7: Uterine corpus (Endomyometrium) | K7: N/A | L7: N/A | M7: N/A | N7: N/A | O7: N/A | P7: N/A | Q7: N/A | R7: N/A | S7: N/A | T7: N/A | U7: N/A | V7: N/A | W7: N/A | X7: N/A | Y7: N/A | Z7: N/A | AA7: N/A | AB7: F | AC7: 14880 | AD7: 43243 | AE7: =DATEDIF(AC7, AD7,"Y") -> 77 | AF7: Carcinosarcoma with G3 endometrioid epithelial component | AG7: Specimen | AH7: Yes | AI7: 1a | AJ7: NR | AK7: NR | AL7: 0 | AM7: T1AN0M0 | AN7: 3 | AO7: N/A | AP7: No | AQ7: N/A
A8: 4387993316 | B8: No | C8: Treatment naïve | D8: No | E8: LH18-28644 | F8: A17 | G8: N/A | H8: 43286 | I8: Laparoscopic hysterectomy, bilateral salpingo-oophorectomy | J8: Uterine corpus (Endomyometrium) | K8: N/A | L8: N/A | M8: N/A | N8: N/A | O8: N/A | P8: N/A | Q8: N/A | R8: N/A | S8: N/A | T8: N/A | U8: N/A | V8: N/A | W8: N/A | X8: N/A | Y8: N/A | Z8: N/A | AA8: N/A | AB8: F | AC8: 17265 | AD8: 43255 | AE8: =DATEDIF(AC8, AD8,"Y") -> 71 | AF8: Endometrioid carcinoma | AG8: Specimen | AH8: NR | AI8: 1b | AJ8: NR | AK8: NR | AL8: 0 | AM8: T1BN0M0 | AN8: 1 | AO8: N/A | AP8: No | AQ8: N/A

Sheet Ship 3 anonymized
A1: Donor ID | B1: Any Immunotherapy | C1: Specimen treatment subgrouping | D1: Specimen is a recurrence | E1: Selected specimen Anonymised ID | F1: Specimen Block number 1 | G1: Specimen Block number 2 | H1: Specimen surgery date | I1: Specimen surgery | J1: Specimen tumour site | K1: Primary Surgery date | L1: Primary tumour site | M1: Anonymized ID Matched met 1 | N1: Matched met 1 Block Number | O1: Matched met 1 Site | P1: Matched met 1 Surgery Date | Q1: Matched met 1 treatment subgrouping | R1: Anonymized ID Matched met 2 | S1: Matched met 2 Block Number | T1: Matched met 2 Site | U1: Matched met 2 Surgery Date | V1: Matched met 2 treatment subgrouping | W1: Anonymized ID Normal tissue | X1: Matched Normal tissue Block Number | Y1: Matched Normal tissue Site | Z1: Matched Normal tissue Surgery Date | AA1: Matched Normal treatment subgrouping | AB1: Gender | AC1: Date of DX | AD1: Age at Diagnosis | AE1: Specimen Histological Diagnosis | AF1: Staging/grading info provided for: | AG1: Resection margins clear | AH1: pT | AI1: pN | AJ1: pM | AK1: cM | AL1: TNM stage | AM1: Grade | AN1: Stage at DX (AJCC)
A2: LDS0003060 | B2: No | C2: Treatment naïve | D2: No | E2: LH18-25699 | F2: A11 | G2: A12 | H2: =IFERROR("Q" &INT((MONTH('Follow up (Ship 3)'!H4)+2)/3) & "-" & YEAR('Follow up (Ship 3)'!H4),"N/A") -> Q2-2018 | I2: Laparoscopic extensive adhesiolysis, total hysterectomy and bilateral salpingo-oophorectomy | J2: Uterine corpus (Endomyometrium) | K2: N/A | L2: N/A | M2: N/A | N2: N/A | O2: N/A | P2: N/A | Q2: N/A | R2: N/A | S2: N/A | T2: N/A | U2: N/A | V2: N/A | W2: N/A | X2: N/A | Y2: N/A | Z2: N/A | AA2: N/A | AB2: F | AC2: =IFERROR("Q" &INT((MONTH('Follow up (Ship 3)'!AD4)+2)/3) & "-" & YEAR('Follow up (Ship 3)'!AD4),"N/A") -> Q2-2018 | AD2: 74 | AE2: Mixed endometrioid and serous adenocarcinoma | AF2: Specimen | AG2: Yes | AH2: 1a | AI2: NR | AJ2: NR | AK2: 0 | AL2: T1AN0M0 | AM2: 2 | AN2: N/A
A3: LDS0003061 | B3: No | C3: Treatment naïve | D3: No | E3: LH18-26339 | F3: A13 | G3: A15 | H3: =IFERROR("Q" &INT((MONTH('Follow up (Ship 3)'!H5)+2)/3) & "-" & YEAR('Follow up (Ship 3)'!H5),"N/A") -> Q2-2018 | I3: Staging for endometrial cancer: TLH, BSO, Pelvic Lymphadenectomy, washings, and adhesiolysis | J3: Uterine corpus (Endomyometrium) | K3: N/A | L3: N/A | M3: N/A | N3: N/A | O3: N/A | P3: N/A | Q3: N/A | R3: N/A | S3: N/A | T3: N/A | U3: N/A | V3: N/A | W3: N/A | X3: N/A | Y3: N/A | Z3: N/A | AA3: N/A | AB3: F | AC3: =IFERROR("Q" &INT((MONTH('Follow up (Ship 3)'!AD5)+2)/3) & "-" & YEAR('Follow up (Ship 3)'!AD5),"N/A") -> Q2-2018 | AD3: 75 | AE3: Endometrioid adenocarcinoma | AF3: Specimen | AG3: Yes | AH3: 2 | AI3: 0 | AJ3: NR | AK3: 0 | AL3: T2N0M0 | AM3: 1 | AN3: N/A
A4: LDS0003062 | B4: No | C4: Treatment naïve | D4: No | E4: LH18-27900 | F4: A7 | G4: A6 | H4: =IFERROR("Q" &INT((MONTH('Follow up (Ship 3)'!H6)+2)/3) & "-" & YEAR('Follow up (Ship 3)'!H6),"N/A") -> Q2-2018 | I4: Total Abdominal Hysterectomy; Bilateral Salpingo-oophorectomy; Extensive adhesiolysis; Peritoneal washings. | J4: Uterine corpus (anterior endomyometrium) | K4: N/A | L4: N/A | M4: N/A | N4: N/A | O4: N/A | P4: N/A | Q4: N/A | R4: N/A | S4: N/A | T4: N/A | U4: N/A | V4: N/A | W4: N/A | X4: N/A | Y4: N/A | Z4: N/A | AA4: N/A | AB4: F | AC4: =IFERROR("Q" &INT((MONTH('Follow up (Ship 3)'!AD6)+2)/3) & "-" & YEAR('Follow up (Ship 3)'!AD6),"N/A") -> Q2-2018 | AD4: 76 | AE4: Endometrioid carcinoma | AF4: Specimen | AG4: NR | AH4: 1a | AI4: NR | AJ4: NR | AK4: 0 | AL4: T1AN0M0 | AM4: 2 | AN4: N/A
A5: LDS0003063 | B5: No | C5: Treatment naïve | D5: No | E5: LH18-28277 | F5: A13 | G5: A12 | H5: =IFERROR("Q" &INT((MONTH('Follow up (Ship 3)'!H7)+2)/3) & "-" & YEAR('Follow up (Ship 3)'!H7),"N/A") -> Q3-2018 | I5: Adhesiolysis/Total laparoscopic hysterectomy/Bilateral salpingo-oophorectomy | J5: Uterine corpus (Endomyometrium) | K5: N/A | L5: N/A | M5: N/A | N5: N/A | O5: N/A | P5: N/A | Q5: N/A | R5: N/A | S5: N/A | T5: N/A | U5: N/A | V5: N/A | W5: N/A | X5: N/A | Y5: N/A | Z5: N/A | AA5: N/A | AB5: F | AC5: =IFERROR("Q" &INT((MONTH('Follow up (Ship 3)'!AD7)+2)/3) & "-" & YEAR('Follow up (Ship 3)'!AD7),"N/A") -> Q2-2018 | AD5: 77 | AE5: Carcinosarcoma with G3 endometrioid epithelial component | AF5: Specimen | AG5: Yes | AH5: 1a | AI5: NR | AJ5: NR | AK5: 0 | AL5: T1AN0M0 | AM5: 3 | AN5: N/A
A6: LDS0003064 | B6: No | C6: Treatment naïve | D6: No | E6: LH18-28644 | F6: A17 | G6: N/A | H6: =IFERROR("Q" &INT((MONTH('Follow up (Ship 3)'!H8)+2)/3) & "-" & YEAR('Follow up (Ship 3)'!H8),"N/A") -> Q3-2018 | I6: Laparoscopic hysterectomy, bilateral salpingo-oophorectomy | J6: Uterine corpus (Endomyometrium) | K6: N/A | L6: N/A | M6: N/A | N6: N/A | O6: N/A | P6: N/A | Q6: N/A | R6: N/A | S6: N/A | T6: N/A | U6: N/A | V6: N/A | W6: N/A | X6: N/A | Y6: N/A | Z6: N/A | AA6: N/A | AB6: F | AC6: =IFERROR("Q" &INT((MONTH('Follow up (Ship 3)'!AD8)+2)/3) & "-" & YEAR('Follow up (Ship 3)'!AD8),"N/A") -> Q2-2018 | AD6: 71 | AE6: Endometrioid carcinoma | AF6: Specimen | AG6: NR | AH6: 1b | AI6: NR | AJ6: NR | AK6: 0 | AL6: T1BN0M0 | AM6: 1 | AN6: N/A

Sheet Supplementary (ship 3)
A1: NHS number | B1: Donor ID | C1: Specimen number | D1: FIGO Staging
A2: 4387508752 | B2: LDS0003060 | C2: LH18-25699 | D2: IA
A3: 4425695976 | B3: LDS0003061 | C3: LH18-26339 | D3: II
A4: 4381015940 | B4: LDS0003062 | C4: LH18-27900 | D4: IA
A5: 4269850612 | B5: LDS0003063 | C5: LH18-28277 | D5: IA
A6: 4387993316 | B6: LDS0003064 | C6: LH18-28644 | D6: IB

Sheet Calculations & Lists
E1: Therapy type | F1: Yes/No | G1: Matched Normal treatment subgrouping | H1: Staging/grading info provided for: | K1: A= grade 3+, B = grade 4+, C= Grade 6+
B2: Red text = cells to select for formula | E2: Radiotherapy | F2: Yes | G2: Treatment naïve | H2: Specimen
B3: When copying and pasting formulas, you need to delete the ' before the = | E3: Chemotherapy | F3: No | G3: Immunotherapy naïve | H3: Primary tumour | K3: Header | L3: A | M3: Column
E4: Immunotherapy | F4: N/A | G4: Immunotherapy only | H4: N/A | J4: A | K4: NHS number | L4: =LEFT(ADDRESS(1, ROW(L3), 4, TRUE), (ROW(L3)>26)+1) -> C | M4: A
E5: Mixed therapy | F5: NR | G5: Mixed treatment | H5: NR | J5: B | K5: Any Immunotherapy | L5: =LEFT(ADDRESS(1, ROW(L4), 4, TRUE), (ROW(L4)>26)+1) -> D | M5: B
B6: Age at diagnosis | C6: =DATEDIF(DOB, DODx,"Y") | E6: Other | G6: N/A | J6: A | K6: Specimen treatment subgrouping | L6: =LEFT(ADDRESS(1, ROW(L5), 4, TRUE), (ROW(L5)>26)+1) -> E | M6: C
B7: Quarter formula | C7: =IFERROR("Q" &INT((MONTH(cell with date)+2)/3) & "-" & YEAR(same cell with date),"N/A") | E7: N/A | G7: NR | J7: B | K7: Specimen is a recurrence | L7: =LEFT(ADDRESS(1, ROW(L6), 4, TRUE), (ROW(L6)>26)+1) -> F | M7: D
B8: The months between two dates in decimals | C8: =IFERROR((YEARFRAC(DODx,cell with date)*12),"N/A") | E8: NR | J8: A | K8: Selected specimen Anonymised ID | L8: =LEFT(ADDRESS(1, ROW(L7), 4, TRUE), (ROW(L7)>26)+1) -> G | M8: E
B9: OS | C9: =SUM(time to event death,Time to event date last seen) | J9: A | K9: Specimen Block number 1 | L9: =LEFT(ADDRESS(1, ROW(L8), 4, TRUE), (ROW(L8)>26)+1) -> H | M9: F
B10: PFS | C10: =INDEX(Time to event recurrence;time to event death;Time to event date last follow-up,MATCH(TRUE,INDEX(ISNUMBER(),0),0)) | J10: A | K10: Specimen Block number 2 | L10: =LEFT(ADDRESS(1, ROW(L9), 4, TRUE), (ROW(L9)>26)+1) -> I | M10: G
B11: Event (recurrence/progression) | C11: =IF(Time to event recurrence="N/A",0,1) | J11: A | K11: Specimen surgery date | L11: =LEFT(ADDRESS(1, ROW(L10), 4, TRUE), (ROW(L10)>26)+1) -> J | M11: H
B12: Event (cancer death) | C12: =IF(=Death due to tumour/ assumed tumour related Yes/No"Yes",1,0) | J12: A | K12: Specimen surgery | L12: =LEFT(ADDRESS(1, ROW(L11), 4, TRUE), (ROW(L11)>26)+1) -> K | M12: I
B13: Event (death; all causes) | C13: =IF(time to event death="N/A",0,1) | J13: A | K13: Specimen tumour site | L13: =LEFT(ADDRESS(1, ROW(L12), 4, TRUE), (ROW(L12)>26)+1) -> L | M13: J
B14: Event (recurrence or cancer death) | C14: =IF(OR(Event recurrence/progression=1,Event cancer death=1),"1","0") | J14: A | K14: Primary Surgery date | L14: =LEFT(ADDRESS(1, ROW(L13), 4, TRUE), (ROW(L13)>26)+1) -> M | M14: K
B15: Combine TNM | C15: =CONCATENATE("T",cell with pT,"N",cell with pN,"M",cell with cM)
B16: Combine text from 2 cells | C16: =cell number&" "&second cell | J16: A | K16: Primary tumour site | L16: =LEFT(ADDRESS(1, ROW(L14), 4, TRUE), (ROW(L14)>26)+1) -> N | M16: L
J17: A | K17: Anonymized ID Matched met 1 | L17: =LEFT(ADDRESS(1, ROW(L16), 4, TRUE), (ROW(L16)>26)+1) -> P | M17: M
J18: A | K18: Matched met 1 Block Number | L18: =LEFT(ADDRESS(1, ROW(L17), 4, TRUE), (ROW(L17)>26)+1) -> Q | M18: N
J19: A | K19: Matched met 1 Site | L19: =LEFT(ADDRESS(1, ROW(L18), 4, TRUE), (ROW(L18)>26)+1) -> R | M19: O
C20: =DATEDIF(DODx, DOD,"d"),OR DATEDIF(DODx,DLS,"d") | J20: A | K20: Matched met 1 Surgery Date | L20: =LEFT(ADDRESS(1, ROW(L19), 4, TRUE), (ROW(L19)>26)+1) -> S | M20: P
J21: A | K21: Matched met 1 treatment subgrouping | L21: =LEFT(ADDRESS(1, ROW(L20), 4, TRUE), (ROW(L20)>26)+1) -> T | M21: Q
J22: A | K22: Anonymized ID Matched met 2 | L22: =LEFT(ADDRESS(1, ROW(L21), 4, TRUE), (ROW(L21)>26)+1) -> U | M22: R
J23: A | K23: Matched met 2 Block Number | L23: =LEFT(ADDRESS(1, ROW(L22), 4, TRUE), (ROW(L22)>26)+1) -> V | M23: S
J24: A | K24: Matched met 2 Site | L24: =LEFT(ADDRESS(1, ROW(L23), 4, TRUE), (ROW(L23)>26)+1) -> W | M24: T
J25: A | K25: Matched met 2 Surgery Date | L25: =LEFT(ADDRESS(1, ROW(L24), 4, TRUE), (ROW(L24)>26)+1) -> X | M25: U
J26: A | K26: Matched met 2 treatment subgrouping | L26: =LEFT(ADDRESS(1, ROW(L25), 4, TRUE), (ROW(L25)>26)+1) -> Y | M26: V
J27: A | K27: Anonymized ID Normal tissue | L27: =LEFT(ADDRESS(1, ROW(L26), 4, TRUE), (ROW(L26)>26)+1) -> Z | M27: W
J28: A | K28: Matched Normal tissue Block Number | L28: =LEFT(ADDRESS(1, ROW(L27), 4, TRUE), (ROW(L27)>26)+1) -> AA | M28: X
J29: A | K29: Matched Normal tissue Site | L29: =LEFT(ADDRESS(1, ROW(L28), 4, TRUE), (ROW(L28)>26)+1) -> AB | M29: Y
J30: A | K30: Matched Normal tissue Surgery Date | L30: =LEFT(ADDRESS(1, ROW(L29), 4, TRUE), (ROW(L29)>26)+1) -> AC | M30: Z
J31: A | K31: Matched Normal treatment subgrouping | L31: =LEFT(ADDRESS(1, ROW(L30), 4, TRUE), (ROW(L30)>26)+1) -> AD | M31: AA
J32: A | K32: Gender | L32: =LEFT(ADDRESS(1, ROW(L31), 4, TRUE), (ROW(L31)>26)+1) -> AE | M32: AB
... J383: C | K383: TTE Subsequent Tx 15 Finish Date | L383: =LEFT(ADDRESS(1, ROW(L382), 4, TRUE), (ROW(L382)>26)+1) -> NR | M383: NO
J384: C | K384: Final case review
J385: C | K385: Sending data
J386: B | K386: Sending blocks

Sheet Treatments
A1: Chemotherapy agents | B1: Immunotherapy agent | C1: Hormal therapy agents | D1: Non-therapy agents
A2: ETOPOSIDE | B2: ATEZOLIZUMAB | D2: CIPROFLOXACIN
A3: CARBOPLATIN | D3: DEXAMETHASONE
A4: CAPECITABINE | D4: FILGRASTIM
A5: GEMCITABINE | D5: LOPERAMIDE
A6: DOCETAXEL | D6: METOCLOPRAMIDE
A7: CETUXIMAB | D7: ONDANSETRON
A8: CISPLATIN | D8: SODIUM CHLORIDE
D9: ZEROBASE
D10: LINE FLUSH
