Workbook

Sheet Follow up (ship 1)
A2: Column1 | B2: Column2 | C2: Column3 | D2: Column4 | E2: Column5 | F2: Column6 | G2: Column7 | H2: Column8 | I2: Column9 | J2: Column10 | K2: Column11 | L2: Column12 | M2: Column13 | N2: Column14 | O2: Column15 | P2: Column16 | Q2: Column17 | R2: Column18 | S2: Column19 | T2: Column20 | U2: Column21 | V2: Column22 | W2: Column23 | X2: Column24 | Y2: Column25 | Z2: Column26 | AA2: Column27 | AB2: Column28 | AC2: Column29 | AD2: Column30 | AE2: Column31 | AF2: Column32 | AG2: Column33 | AH2: Column34 | AI2: Column35 | AJ2: Column36 | AK2: Column37 | AL2: Column38 | AM2: Column39 | AN2: Column40 | AO2: Column41 | AP2: Column42 | AQ2: Column43 | AR2: Column44 | AS2: Column45 | AT2: Column46 | AU2: Column47 | AV2: Column48 | AW2: Column49 | AX2: Column50 | AY2: Column51 | AZ2: Column52 | BA2: Column53 | BB2: Column54 | BC2: Column55 | BD2: Column56 | BE2: Column57 | BF2: Column58 | BG2: Column59 | BH2: Column60 | BI2: Column61 | BJ2: Column62 | BK2: Column63 | BL2: Column64 | BM2: Column65 | BN2: Column66 | BO2: Column67 | BP2: Column68 | BQ2: Column69 | BR2: Column70 | BS2: Column71 | BT2: Column72 | BU2: Column73 | BV2: Column74 | BW2: Column75 | BX2: Column76 | BY2: Column77 | BZ2: Column78 | CA2: Column79 | CB2: Column80 | CC2: Column81 | CD2: Column82 | CE2: Column83 | CF2: Column84 | CG2: Column85 | CH2: Column86 | CI2: Column87 | CJ2: Column88 | CK2: Column89 | CL2: Column90 | CM2: Column91 | CN2: Column92 | CO2: Column93 | CP2: Column94 | CQ2: Column95 | CR2: Column96 | CS2: Column97 | CT2: Column98 | CU2: Column99 | CV2: Column100 | CW2: Column101 | CX2: Column102 | CY2: Column103 | CZ2: Column104 | DA2: Column105 | DB2: Column106 | DC2: Column107 | DD2: Column108 | DE2: Column109 | DF2: Time to event (in months) | DG2: Column110 | DH2: Column111 | DI2: Column112 | DJ2: Column113 | DK2: Column114 | DL2: Column115 | DM2: Column116 | DN2: Column117 | DO2: Column118 | DP2: Column119 | DQ2: Column120 | DR2: Column121 | DS2: Column122 | DT2: Column123 | DU2: Column124 | DV2: Column125 | DW2: Column126 | DX2: Column127 | DY2: Column128 | DZ2: Column129 | EA2: Column130 | EB2: Column131 | EC2: Column132 | ED2: Column133 | EE2: Column134 | EF2: Column135 | EG2: Column136 | EH2: Column137 | EI2: Column138 | EJ2: Column139 | EK2: Column140 | EL2: Column141 | EM2: Column142 | EN2: Column143 | EO2: Column144 | EP2: Column145 | EQ2: Column146 | ER2: Column147 | ES2: Column148 | ET2: Column149 | EU2: Column150 | EV2: Column151 | EW2: Column152 | EX2: Column153 | EY2: Column154 | EZ2: Column155 | FA2: Column156 | FB2: Column157 | FC2: Column158 | FD2: Column159 | FE2: Column160
AB3: Neoadjuvant treatment | BB3: Adjuvant treatment | BU3: Relapse/progression | CM3: Metstatic treatment | DF3: Neoadjuvant treatment | DR3: Specimen collection | DV3: Adjuvant treatment | EF3: Relapse/progression | EM3: Metstatic treatment | EU3: OS/PFS
A4: NHS | B4: Any Immunotherapy | C4: Specimen is a recurrence (Y/N) | D4: Selected specimen Anonymised ID | E4: Specimen Block number | F4: Specimen Surgery Date (DD/MM/YYYY) | G4: Anonymized ID Normal tissue | H4: Matched Normal tissue Block Number | I4: Matched Normal tissue Site | J4: Matched Normal tissue Surgery Date (DD/MM/YY) | K4: Specimen surgery | L4: Specimen tumour site | M4: Primary tumour site | N4: Gender | O4: DOB (DD/MM/YYYY) | P4: Date of DX (DD/MM/YYYY) | Q4: Age at Diagnosis (years) | R4: Specimen Histological Diagnosis | S4: Resection margins clear (Y/N) | T4: pT | U4: pN | V4: pM | W4: cM | X4: FIGO Grade | Y4: Grade | Z4: TNM stage | AA4: Stage at DX (AJCC) | AB4: Neoadjuvant therapy (Y/N) | AC4: Response to neoadjuvant therapy (TRS score) | AD4: Neoadjuvant radioTx | AE4: Start Date | AF4: End Date | AG4: Tumour response | AH4: Neoadjuvant chemo Tx1 | AI4: Start Date | AJ4: End Date | AK4: Tumour response | AL4: Neoadjuvant chemo Tx2 | AM4: Start Date | AN4: End Date | AO4: Tumour response | AP4: Neoadjuvant chemoTx 3 | AQ4: Start Date | AR4: End Date | AS4: Tumour response | AT4: Neoadjuvant Immunotherapy Tx 1 | AU4: Start Date | AV4: End Date | AW4: Tumour response | AX4: Neoadjuvant Immunotherapy Tx 2 | AY4: Start Date | AZ4: End Date | BA4: Tumour response | BB4: Adjuvant radio Tx 1 | BC4: Start Date | BD4: End Date | BE4: Adjuvant ChemoTx 1 | BF4: Start Date | BG4: End Date | BH4: Tumour response | BI4: Adjuvant ChemoTx 2 | BJ4: Start Date | BK4: End Date | BL4: Tumour response | BM4: Adjuvant ChemoTx 3 | BN4: Start Date | BO4: End Date | BP4: Tumour response | BQ4: Adjuvant Imunnotherapy Tx1 | BR4: Start Date | BS4: End Date | BT4: Tumour response | BU4: Date relapse/ progression 1 | BV4: Sites relapse/ progression 1 | BW4: Date relapse/ progression 2 | BX4: Sites relapse/ progression 2 | BY4: Date relapse/ progression 3 | BZ4: Sites relapse/ progression 3 | CA4: Date relapse/ progression 4 | CB4: Sites relapse/ progression 4 | CC4: Date relapse/ progression 5 | CD4: Sites relapse/ progression 5 | CE4: Date relapse/ progression 6 | CF4: Sites relapse/ progression 6 | CG4: Date relapse/ progression 7 | CH4: Sites relapse/ progression 7 | CI4: Date relapse/ progression 8 | CJ4: Sites relapse/ progression 8 | CK4: Date relapse/ progression 9 | CL4: Sites relapse/ progression 9 | CM4: Metastatic/ recurrent Tx 1 | CN4: Start Date | CO4: Finish Date | CP4: Tumour response | CQ4: Metastatic/ recurrent Tx 2 | CR4: Start Date | CS4: Finish Date | CT4: Tumour response | CU4: Metastatic/ recurrent Tx 3 | CV4: Start Date | CW4: Finish Date | CX4: Tumour response | CY4: Current Status | CZ4: Death date | DA4: Death due to tumour/ assumed tumour related? (Y/N) | DB4: Cause of death | DC4: Date last follow-up | DD4: Date Last Seen | DE4: Concurrent Medical Conditions | DF4: Rx1 start | DG4: Rx1 end | DH4: Chemo Tx1 start | DI4: Chemo Tx1 end | DJ4: Chemo Tx2 start | DK4: Chemo Tx2 end | DL4: Chemo Tx3 start | DM4: Chemo Tx3 end | DN4: Immunotherapy Tx1 start | DO4: Immunotherapy Tx1 end | DP4: Immunotherapy Tx2 start | DQ4: Immunotherapy Tx2 end | DR4: Specimen surgery | DS4: Matched met 1 surgery | DT4: Matched met 2 surgery | DU4: Normal tissue surgery | DV4: Adjuvant Rx1 start | DW4: Adjuvant Rx1 end | DX4: Adjuvant Chemo Tx1 start | DY4: Adjuvant Chemo Tx1 end | DZ4: Adjuvant Chemo Tx2 start | EA4: Adjuvant Chemo Tx2 end | EB4: Adjuvant Chemo Tx3 start | EC4: Adjuvant Chemo Tx3 end | ED4: Immunotherapy Tx1 start | EE4: Immunotherapy Tx1 end | EF4: Relapse/ progression 1 | EG4: Relapse/ progression 2 | EH4: Relapse/ progression 3 | EI4: Relapse/ progression 4 | EJ4: Relapse/ progression 5 | EK4: Relapse/ progression 6 | EL4: Relapse/ progression 7 | EM4: Relapse/ progression 8 | EN4: Relapse/ progression 9 | EO4: Metastatic Tx1 start | EP4: Metastatic Tx1 end | EQ4: Metastatic Tx2 start | ER4: Metastatic Tx2 end | ES4: Metastatic Tx3 start | ET4: Metastatic Tx3 end | EU4: Recurrence (PFS) | EV4: Death (OS and PFS) | EW4: Date last follow-up (PFS) | EX4: Date last seen (OS) | EY4: Overall survival (OS) in months | EZ4: Progression free survival (PFS) in months | FA4: Event (recurrence/progression) | FB4: Event (cancer death) | FC4: Event (death; all causes) | FD4: Event (recurrence or cancer death) | FE4: Comments from clinical team
A5: 4520256615 | C5: N | D5: LH17-02702 | E5: A1, A12 | F5: 42753 | G5: N/A | H5: N/A | I5: N/A | J5: N/A | K5: Total abdominal hysterectomy | L5: Endometrium | M5: N/A | N5: F | O5: 18552 | P5: 42703 | Q5: =DATEDIF(O5, P5,"Y") -> 66 | R5: Carcinosarcoma with heterologous differentiation | S5: Y | T5: 2 | U5: 1 | V5: 0 | W5: 0 | X5: IIIC1 | Y5: NR | Z5: T2N1M0 | AA5: IIIC1 | DE5: Asthma, cervical spondylosis, high cholesterol, hypertension, hypothyroidism, ulcerative colitis, gout. | DF5: =IFERROR((YEARFRAC(P5,AE5)*12),"N/A") -> 1402.9667 | DG5: =IFERROR((YEARFRAC(P5,AF5)*12),"N/A") -> 1402.9667 | DH5: =IFERROR((YEARFRAC(P5,AI5)*12),"N/A") -> 1402.9667 | DI5: =IFERROR((YEARFRAC(P5,AJ5)*12),"N/A") -> 1402.9667 | DJ5: =IFERROR((YEARFRAC(P5,AM5)*12),"N/A") -> 1402.9667 | DK5: =IFERROR((YEARFRAC(P5,AN5)*12),"N/A") -> 1402.9667 | DL5: =IFERROR((YEARFRAC(P5,AQ5)*12),"N/A") -> 1402.9667 | DM5: =IFERROR((YEARFRAC(P5,AR5)*12),"N/A") -> 1402.9667 | DN5: =IFERROR((YEARFRAC(P5,AU5)*12),"N/A") -> 1402.9667 | DO5: =IFERROR((YEARFRAC(P5,AV5)*12),"N/A") -> 1402.9667 | DP5: =IFERROR((YEARFRAC(P5,AY5)*12),"N/A") -> 1402.9667 | DQ5: =IFERROR((YEARFRAC(P5,AZ5)*12),"N/A") -> 1402.9667 | DR5: =IFERROR((YEARFRAC(P5,F5)*12),"N/A") -> 1.6333333 | DS5: =IFERROR((YEARFRAC(P5,#REF!)*12),"N/A") -> N/A | DT5: =IFERROR((YEARFRAC(P5,#REF!)*12),"N/A") -> N/A | DU5: =IFERROR((YEARFRAC(P5,#REF!)*12),"N/A") -> N/A | DV5: =IFERROR((YEARFRAC(P5,BC5)*12),"N/A") -> 1402.9667 | DW5: =IFERROR((YEARFRAC(P5,BD5)*12),"N/A") -> 1402.9667 | DX5: =IFERROR((YEARFRAC(P5,BF5)*12),"N/A") -> 1402.9667 | DY5: =IFERROR((YEARFRAC(P5,BG5)*12),"N/A") -> 1402.9667 | DZ5: =IFERROR((YEARFRAC(P5,BJ5)*12),"N/A") -> 1402.9667 | EA5: =IFERROR((YEARFRAC(P5,BK5)*12),"N/A") -> 1402.9667 | EB5: =IFERROR((YEARFRAC(P5,BN5)*12),"N/A") -> 1402.9667 | EC5: =IFERROR((YEARFRAC(P5,BO5)*12),"N/A") -> 1402.9667 | ED5: =IFERROR((YEARFRAC(P5,BR5)*12),"N/A") -> 1402.9667 | EE5: =IFERROR((YEARFRAC(P5,BS5)*12),"N/A") -> 1402.9667 | EF5: =IFERROR((YEARFRAC(P5,BU5)*12),"N/A") -> 1402.9667 | EG5: =IFERROR((YEARFRAC(P5,BW5)*12),"N/A") -> 1402.9667 | EH5: =IFERROR((YEARFRAC(P5,BY5)*12),"N/A") -> 1402.9667 | EI5: =IFERROR((YEARFRAC(P5,CA5)*12),"N/A") -> 1402.9667 | EJ5: =IFERROR((YEARFRAC(P5,CC5)*12),"N/A") -> 1402.9667 | EK5: =IFERROR((YEARFRAC(P5,CE5)*12),"N/A") -> 1402.9667 | EL5: =IFERROR((YEARFRAC(P5,CG5)*12),"N/A") -> 1402.9667 | EM5: =IFERROR((YEARFRAC(P5,CI5)*12),"N/A") -> 1402.9667 | EN5: =IFERROR((YEARFRAC(P5,CK5)*12),"N/A") -> 1402.9667 | EO5: =IFERROR((YEARFRAC(P5,CN5)*12),"N/A") -> 1402.9667 | EP5: =IFERROR((YEARFRAC(P5,CO5)*12),"N/A") -> 1402.9667 | EQ5: =IFERROR((YEARFRAC(P5,CR5)*12),"N/A") -> 1402.9667 | ER5: =IFERROR((YEARFRAC(P5,CS5)*12),"N/A") -> 1402.9667 | ES5: =IFERROR((YEARFRAC(P5,CV5)*12),"N/A") -> 1402.9667 | ET5: =IFERROR((YEARFRAC(P5,CW5)*12),"N/A") -> 1402.9667 | EU5: =EF5 -> 1402.9667 | EV5: =IFERROR((YEARFRAC(P5,CZ5)*12),"N/A") -> 1402.9667 | EW5: =IFERROR((YEARFRAC(P5,DC5)*12),"N/A") -> 1402.9667 | EX5: =IFERROR((YEARFRAC(P5,DD5)*12),"N/A") -> 1402.9667 | EY5: =SUM(EV5,EX5) -> 2805.9333 | EZ5: {=INDEX(EU5:EX5,MATCH(TRUE,INDEX(ISNUMBER(EU5:EX5),0),0))} -> 1402.9667 | FA5: =IF(EU5="N/A",0,1) -> 1 | FB5: =IF(DA5="Y",1,0) -> 0 | FC5: =IF(EV5="N/A",0,1) -> 1 | FD5: =IF(OR(FA5=1,FB5=1),"1","0") -> 1
A6: 4250445798 | C6: N | D6: LH17-06069 | E6: A11, A12 | F6: 42774 | G6: LH17-06069 | H6: B3 | I6: Lymph node | J6: 42774 | K6: Total abdominal hysterectomy | L6: Endometrium | M6: N/A | N6: F | O6: 16856 | P6: 42740 | Q6: =DATEDIF(O6, P6,"Y") -> 70 | R6: Endometrioid adenocarcinoma | S6: Y | T6: 1b | U6: 0 | V6: x | W6: 0 | X6: IB | Y6: 1 | Z6: T1BN0M0 | AA6: IB
A7: 4946723307 | C7: N | D7: LH17-07381 | E7: A9, A8 | F7: 42783 | G7: LH17-07381 | H7: C1 | I7: Lymph node | J7: 42783 | K7: Total abdominal hysterectomy | L7: Endometrium | M7: N/A | N7: F | O7: 15135 | P7: 42751 | Q7: =DATEDIF(O7, P7,"Y") -> 75 | R7: Deeply invasive mixed adenocarcinoma (serous and endometroiod) | S7: Y | T7: 1b | U7: 0 | V7: 0 | W7: 0 | X7: IB | Y7: 3 | Z7: T1BN0M0 | AA7: IB
A8: 4362503161 | C8: N | D8: LH17-10008 | E8: A4, A6 | F8: 42801 | G8: N/A | H8: N/A | I8: N/A | J8: N/A | K8: Total abdominal hysterectomy | L8: Endometrium | M8: N/A | N8: F | O8: 9597 | P8: 42727 | Q8: =DATEDIF(O8, P8,"Y") -> 90 | R8: High grade serous adenocarcinoma | S8: Y | T8: 2 | U8: 0 | V8: 0 | W8: 0 | X8: II | Y8: 3 | Z8: T2N0M0 | AA8: II
A9: 4363753323 | C9: N | D9: LH17-10854 | E9: A6, A10 | F9: 42807 | G9: N/A | H9: N/A | I9: N/A | J9: N/A | K9: Total abdominal hysterectomy | L9: Endometrium | M9: N/A | N9: F | O9: 12131 | P9: 37568 | Q9: =DATEDIF(O9, P9,"Y") -> 69 | R9: Malignant mixed mullerian tumour with rhabdomyoblastic differentiation | S9: Y | T9: 3b | U9: 1 | V9: 0 | W9: 0 | X9: IIIC1 | Y9: 3 | Z9: T3BN1M0 | AA9: IIIC1 | DE9: Previous rectal cancer
A10: 4662799619 | B10: N/A | C10: N/A | D10: N/A | E10: N/A | F10: N/A | G10: LH17-11002 | H10: B5 | I10: Pelvic node | J10: 42808 | K10: N/A | L10: N/A | M10: N/A | N10: F | O10: 12867 | P10: 42808 | Q10: =DATEDIF(O10, P10,"Y") -> 81 | R10: N/A | S10: N/A | T10: N/A | U10: N/A | V10: N/A | W10: N/A | X10: N/A | Y10: N/A | Z10: N/A | AA10: N/A | AB10: N/A | AC10: N/A | AD10: N/A | AE10: N/A | AF10: N/A | AG10: N/A | AH10: N/A | AI10: N/A | AJ10: N/A | AK10: N/A | AL10: N/A | AM10: N/A | AN10: N/A | AO10: N/A | AP10: N/A | AQ10: N/A | AR10: N/A | AS10: N/A | AT10: N/A | AU10: N/A | AV10: N/A | AW10: N/A | AX10: N/A | AY10: N/A | AZ10: N/A | BA10: N/A | BB10: N/A | BC10: N/A | BD10: N/A | BE10: N/A | BF10: N/A | BG10: N/A | BH10: N/A | BI10: N/A | BJ10: N/A | BK10: N/A | BL10: N/A | BM10: N/A | BN10: N/A | BO10: N/A | BP10: N/A | BQ10: N/A | BR10: N/A | BS10: N/A | BT10: N/A | BU10: N/A | BV10: N/A | BW10: N/A | BX10: N/A | BY10: N/A | BZ10: N/A | CA10: N/A | CB10: N/A | CC10: N/A | CD10: N/A | CE10: N/A | CF10: N/A | CG10: N/A | CH10: N/A | CI10: N/A | CJ10: N/A | CK10: N/A | CL10: N/A | CM10: N/A | CN10: N/A | CO10: N/A | CP10: N/A | CQ10: N/A | CR10: N/A | CS10: N/A | CT10: N/A | CU10: N/A | CV10: N/A | CW10: N/A | CX10: N/A | CY10: N/A | CZ10: N/A | DA10: N/A | DB10: N/A | DC10: N/A | DD10: N/A | DE10: N/A
A11: 4367569659 | C11: N | D11: LH17-11093 | E11: A6,A8 | F11: 42808 | G11: LH17-11093 | H11: D1 | I11: Lymph node | J11: 42808 | K11: Total laparoscopic Hysterectomy | L11: Endometrium | M11: N/A | N11: F | O11: 12927 | P11: 42783 | Q11: =DATEDIF(O11, P11,"Y") -> 81 | R11: Endometrioid adenocarcinoma | S11: Y | T11: 1b | U11: 0 | V11: 0 | W11: 0 | X11: IB | Y11: 3 | Z11: T1BN0M0 | AA11: IB
A12: 4581564212 | C12: N | D12: LH17-11306 | E12: A8, A3 | F12: 42809 | G12: N/A | H12: N/A | I12: N/A | J12: N/A | K12: Total abdominal hysterectomy | L12: Endometrium | M12: N/A | N12: F | O12: 19418 | P12: 42739 | Q12: =DATEDIF(O12, P12,"Y") -> 63 | R12: High grade carcinosarcoma of homologous type | S12: Y | T12: 2 | U12: 0 | V12: 0 | W12: 0 | X12: II | Y12: 3 | Z12: T2N0M0 | AA12: II
A13: 4706490731 | C13: N | D13: LH17-12612 | E13: A10, A4 | F13: 42817 | G13: LH17-12612 | H13: C1 | I13: Pelvic node | J13: 42817 | K13: Total abdominal hysterectomy | L13: Endometrium | M13: N/A | N13: F | O13: 17832 | P13: 42748 | Q13: =DATEDIF(O13, P13,"Y") -> 68 | R13: Endometrioid adenocarcinoma | S13: Y | T13: 2 | U13: 0 | V13: 0 | W13: 0 | X13: II | Y13: 1 | Z13: T2N0M0 | AA13: II | DE13: Previous RCC and lung cancer
A14: 4366490994 | C14: N | D14: LH17-13646 | E14: A20, A21 | F14: 42824 | G14: N/A | H14: N/A | I14: N/A | J14: N/A | K14: Total abdominal hysterectomy | L14: Endometrium | M14: N/A | N14: F | O14: 11938 | P14: 42779 | Q14: =DATEDIF(O14, P14,"Y") -> 84 | R14: High-grade serous adenocarcinoma of the endometrium | S14: N/A | T14: N/R | U14: N/R | V14: 1 (Omentum) | W14: 1 (Lung and lymph node) | X14: IVB | Y14: 3 | Z14: N/A | AA14: IVB | DE14: Previous breast cancer.
A15: 4508221386 | C15: N | D15: LH17-15131 | E15: A15, A12 | F15: 42835 | G15: LH17-15131 | H15: G2 | I15: Lymph node | J15: 42835 | K15: Total abdominal hysterectomy | L15: Endometrium | M15: N/A | N15: F | O15: 17315 | P15: 42830 | Q15: =DATEDIF(O15, P15,"Y") -> 69 | R15: Mixed high grade endometrioid and serous adenocarcinoma | S15: Y | T15: 1b | U15: 0 | V15: 0 | W15: 0 | X15: IB | Y15: 3 | Z15: T1BN0M0 | AA15: IB
A16: 4905526434 | C16: N | D16: LH17-16034 | E16: A9, A15 | F16: 42843 | G16: N/A | H16: N/A | I16: N/A | J16: N/A | K16: Total abdominal hysterectomy | L16: Endometrium | M16: N/A | N16: F | O16: 17188 | P16: 42818 | Q16: =DATEDIF(O16, P16,"Y") -> 70 | R16: Papillary serous carcinoma | S16: Y | T16: 1b | U16: 0 | V16: 0 | W16: 0 | X16: IB | Y16: 3 | Z16: T1BN0M0 | AA16: IB
A17: 4663105459 | C17: N | D17: LH17-16275 | E17: A6, A15 | F17: 42844 | G17: N/A | H17: N/A | I17: N/A | J17: N/A | K17: Total abdominal hysterectomy | L17: Endometrium | M17: N/A | N17: F | O17: 14460 | P17: 42796 | Q17: =DATEDIF(O17, P17,"Y") -> 77 | R17: Adenocarcinoma. Mixed clear cell/endometriod | S17: Y | T17: 1a | U17: 0 | V17: 0 | W17: 0 | X17: IA | Y17: N/R | Z17: T1AN0M0 | AA17: IA
A18: 4389042653 | C18: N | D18: LH17-20256 | E18: 8, 10 | F18: 42870 | G18: N/A | H18: N/A | I18: N/A | J18: N/A | K18: Total laparoscopic hysterectomy | L18: Endometrium | M18: N/A | N18: F | O18: 13661 | P18: 42852 | Q18: =DATEDIF(O18, P18,"Y") -> 79 | R18: Endometrioid adenocarcinoma | S18: Y | T18: 1b | U18: 0 | V18: 0 | W18: 0 | X18: IB | Y18: 1 | Z18: T1BN0M0 | AA18: IB
A19: 6100474530 | C19: N | D19: LH17-22802 | E19: 3,5 | F19: 42886 | G19: N/A | H19: N/A | I19: N/A | J19: N/A | K19: Total laparoscopic hysterectomy | L19: Endometrium | M19: N/A | N19: F | O19: 13548 | P19: 42808 | Q19: =DATEDIF(O19, P19,"Y") -> 80 | R19: Endometrioid adenocarcinoma | S19: Y | T19: 1b | U19: 0 | V19: 0 | W19: 0 | X19: IB | Y19: 1 | Z19: T1BN0M0 | AA19: IB
A20: 4426025737 | C20: N | D20: LH17-25751 | E20: A16, A33 | F20: 42905 | G20: LH17-25751 | H20: C3 | I20: Pelvic node | J20: 42905 | K20: Total abdominal hysterectomy | L20: Endometrium | M20: N/A | N20: F | O20: 16269 | P20: 42843 | Q20: =DATEDIF(O20, P20,"Y") -> 72 | R20: Endometrioid adenocarcinoma | S20: Y | T20: 1a | U20: 0 | V20: 0 | W20: 0 | X20: IA | Y20: 2 | Z20: T1AN0M0 | AA20: IA
A21: 6189690610 | C21: N | D21: LH17-28006 | E21: A11, A13 | F21: 42919 | G21: N/A | H21: N/A | I21: N/A | J21: N/A | K21: Total laparoscopic hysterectomy/Bilateral salpingo-oophorectomy | L21: Endometrium | M21: N/A | N21: F | O21: 10969 | P21: 42879 | Q21: =DATEDIF(O21, P21,"Y") -> 87 | R21: Serous adenocarcinoma | S21: Y | T21: 1b | U21: 0 | V21: 0 | W21: 0 | X21: IB | Y21: 3 | Z21: T1BN0M0 | AA21: IB
A22: 4740277069 | C22: N | D22: LH17-28649 | E22: A6, A11 | F22: 42922 | G22: N/A | H22: N/A | I22: N/A | J22: N/A | K22: Total laparoscopic hysterectomy/Bilateral salpingo-oophorectomy | L22: Endometrium | M22: N/A | N22: F | O22: 16888 | P22: 42880 | Q22: =DATEDIF(O22, P22,"Y") -> 71 | R22: Endometrioid adenocarcinoma | S22: N/R | T22: 1b | U22: 0 | V22: 0 | W22: 0 | X22: IB | Y22: 1 | Z22: T1BN0M0 | AA22: IB
A23: 4100098251 | C23: N | D23: LH17-29718 | E23: 15, 6 | F23: 42929 | G23: N/A | H23: N/A | I23: N/A | J23: N/A | K23: Total laparoscopic hysterectomy/Bilateral salpingo-oophorectomy | L23: Endometrium | M23: N/A | N23: F | O23: 15527 | P23: 42786 | Q23: =DATEDIF(O23, P23,"Y") -> 74 | R23: Endometrioid adenocarcinoma | S23: N/R | T23: 1a | U23: 0 | V23: 0 | W23: 0 | X23: IA | Y23: 1 | Z23: T1AN0M0 | AA23: IA
A24: 4860460391 | C24: N | D24: LH17-30635 | E24: A13, A14 | F24: 42935 | G24: LH17-30635 | H24: D3 | I24: Pelvic node | J24: 42935 | K24: Total laparoscopic hysterectomy | L24: Endometrium | M24: N/A | N24: F | O24: 21181 | P24: 42921 | Q24: =DATEDIF(O24, P24,"Y") -> 59 | R24: Endometrioid adenocarcinoma | S24: Y | T24: 1b | U24: 0 | V24: 0 | W24: 0 | X24: IB | Y24: 3 | Z24: T1BN0M0 | AA24: IB
A25: 4424137554 | C25: N/A | D25: N/A | E25: N/A | F25: N/A | G25: LH17-30829 | H25: D4 | I25: Pelvic node | J25: 42936 | K25: N/A | L25: N/A | M25: N/A | N25: F | O25: 15088 | P25: 42936 | Q25: =DATEDIF(O25, P25,"Y") -> 76 | R25: N/A | S25: N/A | T25: N/A | U25: N/A | V25: N/A | W25: N/A | X25: N/A | Y25: N/A | Z25: N/A | AA25: N/A
A26: 4308926637 | C26: N | D26: LH17-30839 | E26: A15 | F26: 42936 | G26: N/A | H26: N/A | I26: N/A | J26: N/A | K26: Total abdominal hysterectomy with bilateral salpingo-oophorectomy. | L26: Endometrium | M26: N/A | N26: F | O26: 14734 | P26: 42895 | Q26: =DATEDIF(O26, P26,"Y") -> 77 | R26: Endometrioid carcinoma | S26: Y | T26: 1a | U26: 0 | V26: 0 | W26: 0 | X26: IA | Y26: 1 | Z26: T1AN0M0 | AA26: IA
A27: 4861789125 | C27: N | D27: LH17-30974 | E27: A12, A22 | F27: 42937 | G27: N/A | H27: N/A | I27: N/A | J27: N/A | K27: Total abdominal hysterectomy | L27: Endometrium | M27: N/A | N27: F | O27: 22500 | P27: 41233 | Q27: =DATEDIF(O27, P27,"Y") -> 51 | R27: Endometrioid adenocarcinoma | S27: Y | T27: 1a | U27: 0 | V27: 0 | W27: 0 | X27: IA | Y27: 1 | Z27: T1AN0M0 | AA27: IA
A28: 4520776414 | C28: N | D28: LH17-32555 | E28: A6 | F28: 42948 | G28: N/A | H28: N/A | I28: N/A | J28: N/A | K28: Total laparoscopic hysterectomy | L28: Endometrium | M28: N/A | N28: F | O28: 19253 | P28: 42891 | Q28: =DATEDIF(O28, P28,"Y") -> 64 | R28: Endometrioid adenocarcinoma | S28: Y | T28: 1b | U28: 0 | V28: 0 | W28: 0 | X28: IB | Y28: 1 | Z28: T1BN0M0 | AA28: IB
A29: 4582803245 | C29: N | D29: LH17-32987 | E29: 6,7 | F29: 42950 | G29: N/A | H29: N/A | I29: N/A | J29: N/A | K29: Total laparoscopic hysterectomy/Bilateral salpingo-oophorectomy | L29: Endometrium | M29: N/A | N29: F | O29: 20209 | P29: 42909 | Q29: =DATEDIF(O29, P29,"Y") -> 62 | R29: Endometrioid carcinoma | S29: N/R | T29: 2 | U29: 0 | V29: 0 | W29: 0 | X29: II | Y29: 2 | Z29: T2N0M0 | AA29: II
A30: 4948238384 | C30: N | D30: LH17-33790 | E30: A11, A12 | F30: 42956 | G30: LH17-33790 | H30: C3 | I30: Pelvic node | J30: 42956 | K30: Total abdominal hysterectomy | L30: Endometrium | M30: N/A | N30: F | O30: 12619 | P30: 42909 | Q30: =DATEDIF(O30, P30,"Y") -> 82 | R30: Endometrioid adenocarcinoma | S30: Y | T30: 3a | U30: 0 | V30: 0 | W30: 0 | X30: IIIA | Y30: 3 | Z30: T3AN0M0 | AA30: IIIA
A31: 4583815352 | C31: N | D31: LH17-34068 | E31: 4 | F31: 42957 | G31: N/A | H31: N/A | I31: N/A | J31: N/A | K31: Total laparoscopic hysterectomy | L31: Endometrium | M31: N/A | N31: F | O31: 20935 | P31: 42932 | Q31: =DATEDIF(O31, P31,"Y") -> 60 | R31: Endometrioid adenocarcinoma | S31: N/R | T31: 1a | U31: 0 | V31: 0 | W31: 0 | X31: IA | Y31: 1 | Z31: T1AN0M0 | AA31: IA
A32: 4109016088 | C32: N | D32: LH17-34353 | E32: A7, A6 | F32: 42961 | G32: N/A | H32: N/A | I32: N/A | J32: N/A | K32: Total abdominal hysterectomy | L32: Endometrium | M32: N/A | N32: F | O32: 16954 | P32: 42909 | Q32: =DATEDIF(O32, P32,"Y") -> 71 | R32: Carcinosarcoma with heterologous elements | S32: Y | T32: 3 | U32: 2 | V32: 0 | W32: 0 | X32: IIIC2 | Y32: N/R | Z32: T3CN2M0 | AA32: IIIC2
A33: 4343616568 | C33: N | D33: LH17-35617 | E33: A2 | F33: 42968 | G33: N/A | H33: N/A | I33: N/A | J33: N/A | K33: Total laparoscopic hysterectomy | L33: Endometrium | M33: N/A | N33: F | O33: 12808 | P33: 42916 | Q33: =DATEDIF(O33, P33,"Y") -> 82 | R33: Endometrioid carcinoma | S33: Y | T33: 1a | U33: 0 | V33: 0 | W33: 0 | X33: IA | Y33: 1 | Z33: T1AN0M0 | AA33: IA
A34: 4483680641 | C34: N | D34: LH17-35965 | E34: A9, A10 | F34: 42970 | G34: LH17-35965 | H34: B4 | I34: Lymph node | J34: 42970 | K34: Total laparoscopic hysterectomy,bso,omental biopsy, pelvic and pa lymph node sampling | L34: Endometrium | M34: N/A | N34: F | O34: 20760 | P34: 42927 | Q34: =DATEDIF(O34, P34,"Y") -> 60 | R34: Clear cell carcinoma of endometrium | S34: Y | T34: 2 | U34: 0 | V34: 0 | W34: 0 | X34: II | Y34: 3 | Z34: T2N0M0 | AA34: II
A35: 4347092857 | C35: N | D35: LH17-36526 | E35: A7, A6 | F35: 42976 | G35: N/A | H35: N/A | I35: N/A | J35: N/A | K35: Total laparoscopic hysterectomy | L35: Endometrium | M35: N/A | N35: F | O35: 12091 | P35: 42920 | Q35: =DATEDIF(O35, P35,"Y") -> 84 | R35: Endometrioid carcinoma | S35: Y | T35: 3 | U35: 1 | V35: 0 | W35: 0 | X35: IIIC1 | Y35: 2 | Z35: T3CN1M0 | AA35: IIIC1
A36: 4583119461 | C36: N | D36: LH17-36679 | E36: A9, A8 | F36: 42976 | G36: N/A | H36: N/A | I36: N/A | J36: N/A | K36: Total abdominal hysterectomy | L36: Endometrium | M36: N/A | N36: F | O36: 20795 | P36: 42909 | Q36: =DATEDIF(O36, P36,"Y") -> 60 | R36: Endometrioid carcinoma | S36: Y | T36: 3 | U36: 2 | V36: 0 | W36: 0 | X36: IIIC2 | Y36: 2 | Z36: T3CN2M0 | AA36: IIIC2
A37: 4425422260 | C37: N | D37: LH17-37241 | E37: A5, A6 | F37: 42979 | G37: N/A | H37: N/A | I37: N/A | J37: N/A | K37: Total abdominal hysterectomy | L37: Endometrium | M37: N/A | N37: F | O37: 15300 | P37: 42926 | Q37: =DATEDIF(O37, P37,"Y") -> 75 | R37: Carcinosarcoma with heterologous elements | S37: Y | T37: 1b | U37: 0 | V37: 0 | W37: 0 | X37: IB | Y37: 3 | Z37: T1BN0M0 | AA37: IB
A38: 4382637317 | C38: N | D38: LH17-37984 | E38: A4, A5 | F38: 42984 | G38: N/A | H38: N/A | I38: N/A | J38: N/A | K38: Total abdominal hysterectomy | L38: Endometrium | M38: N/A | N38: F | O38: 19707 | P38: 42936 | Q38: =DATEDIF(O38, P38,"Y") -> 63 | R38: Endometrioid adenocarcinoma with foci of clear cell differentiation | S38: Y | T38: 1b | U38: 0 | V38: 0 | W38: 0 | X38: IB | Y38: 2 | Z38: T1BN0M0 | AA38: IB
A39: 6263484020 | C39: N | D39: LH17-38467 | E39: A7, A6 | F39: 42989 | G39: N/A | H39: N/A | I39: N/A | J39: N/A | K39: Total abdominal hysterectomy | L39: Endometrium | M39: N/A | N39: F | O39: 19352 | P39: 42990 | Q39: =DATEDIF(O39, P39,"Y") -> 64 | R39: Endometrioid carcinoma | S39: Y | T39: 3 | U39: 1 | V39: 0 | W39: 0 | X39: IIIC1 | Y39: 2 | Z39: T3CN1M0 | AA39: IIIC1
A40: 4508116930 | C40: N | D40: LH17-40476 | E40: A6, A7 | F40: 43000 | G40: LH17-40476 | H40: D9 | I40: Pelvic node | J40: 43000 | K40: Laparotomy/Total abdominal hysterectomy/Bilateral salpingo-oophorectomy/Pelvic and para-aortic lymphadenectomy/Omentectomy | L40: Endometrium | M40: N/A | N40: F | O40: 17624 | P40: 42949 | Q40: =DATEDIF(O40, P40,"Y") -> 69 | R40: High-grade serous carcinoma | S40: Y | T40: 1b | U40: 0 | V40: 0 | W40: 0 | X40: IB | Y40: 3 | Z40: T1BN0M0 | AA40: IB
A41: 6164754372 | C41: N | D41: LH17-41239 | E41: A13, A22 | F41: 43005 | G41: N/A | H41: N/A | I41: N/A | J41: N/A | K41: Laparotomy, total abdominal hysterectomy, bilateral salpingo-oophorectomy, infracolic omentectomy, pelvic and PA node dissection | L41: Endometrium | M41: N/A | N41: F | O41: 15130 | P41: 43026 | Q41: =DATEDIF(O41, P41,"Y") -> 76 | R41: Carcinosarcoma showing rhabdomyoblastic differentiation | S41: Y | T41: 3 | U41: 2 | V41: 0 | W41: 0 | X41: IIIC2 | Y41: 3 | Z41: T3CN2M0 | AA41: IIIC2
A42: 4041363497 | C42: N | D42: LH17-41484 | E42: A4, A5 | F42: 43006 | G42: N/A | H42: N/A | I42: N/A | J42: N/A | K42: Total abdominal hysterectomy nec | L42: Endometrium | M42: N/A | N42: F | O42: 15879 | P42: 42916 | Q42: =DATEDIF(O42, P42,"Y") -> 74 | R42: Endometrioid adenocarcinoma | S42: Y | T42: 3 | U42: 1 | V42: 0 | W42: 0 | X42: IIIC1 | Y42: 3 | Z42: T3CN1M0 | AA42: IIIC1
A43: 4581977029 | C43: N | D43: LH17-41775 | E43: A8, A16 | F43: 43007 | G43: N/A | H43: N/A | I43: N/A | J43: N/A | K43: Laparotomy with total abdominal hysterectomy, bilateral salpingo-oophorectomy, infracolic omentectomy, right pelvic lymphadenectomy and para-aortic lymph node sampling | L43: Endometrium | M43: N/A | N43: F | O43: 19463 | P43: 42933 | Q43: =DATEDIF(O43, P43,"Y") -> 64 | R43: Endometrioid adenocarcinoma | S43: Y | T43: 1a | U43: 0 | V43: 0 | W43: 0 | X43: IA | Y43: 1 | Z43: T1AN0M0 | AA43: IA
A44: 4381180755 | C44: N | D44: LH17-42076 | E44: A6 | F44: 43010 | G44: N/A | H44: N/A | I44: N/A | J44: N/A | K44: Total laparoscopic hysterectomy | L44: Endometrium | M44: N/A | N44: F | O44: 15743 | P44: 42948 | Q44: =DATEDIF(O44, P44,"Y") -> 74 | R44: Endometrioid carcinoma | S44: Y | T44: 1b | U44: 0 | V44: 0 | W44: 0 | X44: IB | Y44: 2 | Z44: T1BN0M0 | AA44: IB
A45: 6307569778 | C45: N | D45: LH17-42609 | E45: A17, A18 | F45: 43013 | G45: LH17-42609 | H45: C8 | I45: Pelvic node | J45: 43013 | K45: Total abdominal hysterectomy | L45: Endometrium | M45: N/A | N45: F | O45: 19034 | P45: 42950 | Q45: =DATEDIF(O45, P45,"Y") -> 65 | R45: High grade serous carcinoma | S45: Y | T45: 2 | U45: 0 | V45: 0 | W45: 0 | X45: II | Y45: 3 | Z45: T2N0M0 | AA45: II
A46: 4122056497 | C46: N | D46: LH17-43301 | E46: A7, A15 | F46: 43018 | G46: N/A | H46: N/A | I46: N/A | J46: N/A | K46: Total abdominal hysterectomy | L46: Endometrium | M46: N/A | N46: F | O46: 26259 | P46: 42877 | Q46: =DATEDIF(O46, P46,"Y") -> 45 | R46: Endometrioid carcinoma | S46: Y | T46: 3 | U46: 2 | V46: 0 | W46: 0 | X46: IIIC2 | Y46: 2 | Z46: T3CN2M0 | AA46: IIIC2
A47: 4462765699 | C47: N | D47: LH17-43390 | E47: A4, A7 | F47: 43018 | G47: N/A | H47: N/A | I47: N/A | J47: N/A | K47: Total abdominal hysterectomy | L47: Endometrium | M47: N/A | N47: F | O47: 21157 | P47: 42935 | Q47: =DATEDIF(O47, P47,"Y") -> 59 | R47: High grade endometrioid carcinoma | S47: Y | T47: 3a | U47: 0 | V47: 0 | W47: 0 | X47: IIIA | Y47: 3 | Z47: T3AN0M0 | AA47: IIIA
A48: 4520183251 | C48: N | D48: LH17-44148 | E48: A13, A20 | F48: 43024 | G48: LH17-44148 | H48: D6 | I48: Pelvic node | J48: 43024 | K48: Total abdominal hysterectomy | L48: Endometrium | M48: N/A | N48: F | O48: 18198 | P48: 42991 | Q48: =DATEDIF(O48, P48,"Y") -> 67 | R48: Carcinosarcoma of endometrium, with heterologous differentiation | S48: Y | T48: NR | U48: NR | V48: 1 (omentum) | W48: 0 | X48: IVB | Y48: 3 | Z48: N/A | AA48: IVB
A49: 4382520843 | C49: N | D49: LH17-44823 | E49: A2, A3 | F49: 43027 | G49: N/A | H49: N/A | I49: N/A | J49: N/A | K49: Total abdominal hysterectomy | L49: Endometrium | M49: N/A | N49: F | O49: 16412 | P49: 42934 | Q49: =DATEDIF(O49, P49,"Y") -> 72 | R49: Endometrioid adenocarcinoma with secretory change | S49: N | T49: 3b | U49: 0 | V49: 0 | W49: 0 | X49: IIIB | Y49: 2 | Z49: T3BN0M0 | AA49: IIIB
A50: 6187579429 | C50: N | D50: LH17-45605 | E50: A9, A8 | F50: 43032 | G50: N/A | H50: N/A | I50: N/A | J50: N/A | K50: Total laparoscopic hysterectomy | L50: Endometrium | M50: N/A | N50: F | O50: 11629 | P50: 42969 | Q50: =DATEDIF(O50, P50,"Y") -> 85 | R50: Endometrioid carcinoma | S50: Y | T50: 1b | U50: 0 | V50: 0 | W50: 0 | X50: IB | Y50: 1 | Z50: T1BN0M0 | AA50: IB
A51: 4985797839 | C51: N | D51: LH17-46244 | E51: A6, A5 | F51: 43035 | G51: N/A | H51: N/A | I51: N/A | J51: N/A | K51: Total abdominal hysterectomy | L51: Endometrium | M51: N/A | N51: F | O51: 10699 | P51: 42962 | Q51: =DATEDIF(O51, P51,"Y") -> 88 | R51: Endometrioid carcinoma | S51: N | T51: 3 | U51: 1 | V51: 0 | W51: 0 | X51: IIIC1 | Y51: 2 | Z51: T3CN1M0 | AA51: IIIC1
A52: 4487137144 | C52: N | D52: LH17-47365 | E52: A11, A8 | F52: 43049 | G52: N/A | H52: N/A | I52: N/A | J52: N/A | K52: Total laparoscopic hysterectomy | L52: Endometrium | M52: N/A | N52: F | O52: 21530 | P52: 42956 | Q52: =DATEDIF(O52, P52,"Y") -> 58 | R52: Endometrioid adenocarcinoma | S52: Y | T52: 1a | U52: 0 | V52: 0 | W52: 0 | X52: IA | Y52: 1 | Z52: T1AN0M0 | AA52: IA
A53: 4360677073 | C53: N | D53: LH17-48623 | E53: A10, A16 | F53: 43045 | G53: LH17-48623 | H53: D2 | I53: Pelvic node | J53: 43045 | K53: Total abdominal hysterectomy | L53: Endometrium | M53: N/A | N53: F | O53: 14313 | P53: 43002 | Q53: =DATEDIF(O53, P53,"Y") -> 78 | R53: Carcinosarcoma (with rhabdomyoblastic differentiation and high grade serous epithelial component) | S53: Y | T53: NR | U53: NR | V53: 1 (Left common iliac) | W53: 1 (omentum) | X53: IVB | Y53: 3 | Z53: N/A | AA53: IVB
A54: 6229912589 | C54: N | D54: LH17-49693 | E54: A16, A7 | F54: 43056 | G54: N/A | H54: N/A | I54: N/A | J54: N/A | K54: Total laparoscopic hysterectomy | L54: Endometrium | M54: N/A | N54: F | O54: 15313 | P54: 42951 | Q54: =DATEDIF(O54, P54,"Y") -> 75 | R54: Endometrioid adenocarcinoma | S54: Y | T54: 1b | U54: 0 | V54: 0 | W54: 0 | X54: IB | Y54: 1 | Z54: T1BN0M0 | AA54: IB
A55: 4861611415 | C55: N | D55: LH17-49715 | E55: A11, A13 | F55: 43056 | G55: N/A | H55: N/A | I55: N/A | J55: N/A | K55: Total laparoscopic hysterectomy | L55: Endometrium | M55: N/A | N55: F | O55: 21568 | P55: 42991 | Q55: =DATEDIF(O55, P55,"Y") -> 58 | R55: Endometrioid adenocarcinoma | T55: 1a | U55: 0 | V55: 0 | W55: 0 | X55: IA | Y55: 1 | Z55: T1AN0M0 | AA55: IA
A56: 4489146531 | C56: N | D56: LH17-49816 | E56: A1, A2 | F56: 43056 | G56: LH17-49816 | H56: E3 | I56: Para-aortic node | J56: 43056 | K56: Total laparoscopic hysterectomy | L56: Endometrium | M56: N/A | N56: F | O56: 21139 | P56: 42991 | Q56: =DATEDIF(O56, P56,"Y") -> 59 | R56: High grade serous endometrial carcinoma | S56: Y | T56: 2 | U56: 0 | V56: 0 | W56: 0 | X56: II | Y56: 3 | Z56: T2N0M0 | AA56: II | DE56: Depression, Eczema
A57: 4861418305 | C57: N | D57: LH17-50009 | E57: A5, A6 | F57: 43059 | G57: LH17-50009 | H57: D3 | I57: Pelvic node | J57: 43059 | K57: Total abdominal hysterectomy | L57: Endometrium | M57: N/A | N57: F | O57: 22169 | P57: 43025 | Q57: =DATEDIF(O57, P57,"Y") -> 57 | R57: Endometrioid carcinoma of the endometrium | S57: Y | T57: 1a | U57: 0 | V57: 0 | W57: 0 | X57: IA | Y57: 3 | Z57: T1AN0M0 | AA57: IA
A58: 4982509905 | C58: N/A | D58: N/A | E58: N/A | F58: N/A | G58: LH17-50634 | H58: C3 | I58: Pelvic node | J58: 43062 | K58: N/A | L58: N/A | M58: N/A | N58: F | O58: 19838 | P58: 43062 | Q58: =DATEDIF(O58, P58,"Y") -> 63 | R58: N/A | S58: N/A | T58: N/A | U58: N/A | V58: N/A | W58: N/A | X58: N/A | Y58: N/A | Z58: N/A | AA58: N/A
A59: 4960912111 | C59: N | D59: LH17-51779 | E59: A5, A6 | F59: 43068 | G59: LH17-51779 | H59: C4 | I59: Pelvic node | J59: 43068 | K59: Total abdominal hysterectomy | L59: Endometrium | M59: N/A | N59: F | O59: 14195 | P59: 42977 | Q59: =DATEDIF(O59, P59,"Y") -> 78 | R59: Endometrioid adenocarcinoma | S59: Y | T59: 3b | U59: 0 | V59: 0 | W59: 0 | X59: III3B | Y59: 2 | Z59: T3BN0M0 | AA59: III3B
A60: 4989469372 | C60: N | D60: LH17-52159 | E60: A5, A7 | F60: 43073 | G60: N/A | H60: N/A | I60: N/A | J60: N/A | K60: Total laparoscopic hysterectomy | L60: Endometrium | M60: N/A | N60: F | O60: 14706 | P60: 42986 | Q60: =DATEDIF(O60, P60,"Y") -> 77 | R60: Endometrioid carcinoma | S60: Y | T60: 1b | U60: 0 | V60: 0 | W60: 0 | X60: IB | Y60: 1 | Z60: T1BN0M0 | AA60: IB
A61: 4582002722 | C61: N/A | D61: N/A | E61: N/A | F61: N/A | G61: LH17-52304 | H61: D3 | I61: Pelvic node | J61: 43075 | K61: N/A | L61: N/A | M61: N/A | N61: N/A | O61: 19492 | P61: 43075 | Q61: =DATEDIF(O61, P61,"Y") -> 64 | R61: N/A | S61: N/A | T61: N/A | U61: N/A | V61: N/A | W61: N/A | X61: N/A | Y61: N/A | Z61: N/A | AA61: N/A
A62: 6286806113 | C62: N | D62: LH17-53225 | E62: A12, A13 | F62: 43077 | G62: N/A | H62: N/A | I62: N/A | J62: N/A | K62: Total abdominal hysterectomy | L62: Endometrium | M62: N/A | N62: F | O62: 16104 | P62: 42996 | Q62: =DATEDIF(O62, P62,"Y") -> 73 | R62: Serous carcinoma of endometrium | S62: Y | T62: 1a | U62: 0 | V62: 0 | W62: 0 | X62: IA | Y62: 3 | Z62: T1AN0M0 | AA62: IA
A63: 4509149697 | C63: N | D63: LH17-53882 | E63: A19 | F63: 43082 | G63: N/A | H63: N/A | I63: N/A | J63: N/A | K63: Total laparoscopic hysterectomy | L63: Endometrium | M63: N/A | N63: F | O63: 18238 | P63: 42971 | Q63: =DATEDIF(O63, P63,"Y") -> 67 | R63: Carcinosarcoma with heterologous elements | S63: Y | T63: 2 | U63: 0 | V63: 0 | W63: 0 | X63: II | Y63: NR | Z63: T2N0M0 | AA63: II
A64: 4343549844 | C64: N | D64: LH17-54999 | E64: A6, A8 | F64: 43089 | G64: N/A | H64: N/A | I64: N/A | J64: N/A | K64: Total laparoscopic hysterectomy | L64: Endometrium | M64: N/A | N64: F | O64: 13918 | P64: 43027 | Q64: =DATEDIF(O64, P64,"Y") -> 79 | R64: Endometrioid carcinoma | S64: Y | T64: 1a | U64: 0 | V64: 0 | W64: 0 | X64: IA | Y64: 2 | Z64: T1AN0M0 | AA64: IA
A65: 4884142810 | C65: N | D65: LH17-55555 | E65: A19, A15 | F65: 43096 | G65: LH17-55555 | H65: C5 | I65: Pelvic node | J65: 43096 | K65: Total abdominal hysterectomy | L65: Endometrium | M65: N/A | N65: F | O65: 15728 | P65: 43038 | Q65: =DATEDIF(O65, P65,"Y") -> 74 | R65: Carcinosarcoma with heterologous elements | S65: Y | T65: 3b | U65: 0 | V65: 0 | W65: 0 | X65: IIIB | Y65: NR | Z65: T3BN0M0 | AA65: IIIB | DE65: Type 2 diabetes
A66: 4520918901 | C66: N | D66: LH18-00479 | E66: A3, A5 | F66: 43104 | G66: N/A | H66: N/A | I66: N/A | J66: N/A | K66: Total laparoscopic hysterectomy | L66: Endometrium | M66: N/A | N66: F | O66: 18755 | P66: 43034 | Q66: =DATEDIF(O66, P66,"Y") -> 66 | R66: Serous adenocarcinoma of the endometrium | S66: Y | T66: 3 | U66: 2 | V66: 0 | W66: 0 | X66: IIIC2 | Y66: 3 | Z66: T3CN2M0 | AA66: IIIC2
A67: 4681263087 | C67: N | D67: LH18-01619 | E67: A3 | F67: 43111 | G67: LH18-01619 | H67: C2 | I67: Lymph node | J67: 43111 | K67: Total abdominal hysterectomy | L67: Endometrium | M67: N/A | N67: F | O67: 12652 | P67: 43045 | Q67: =DATEDIF(O67, P67,"Y") -> 83 | R67: Endometrioid carcinoma | S67: Y | T67: 1b | U67: 0 | V67: 0 | W67: 0 | X67: IB | Y67: 3 | Z67: T1BN0M0 | AA67: IB
A68: 4509320175 | C68: N | D68: LH18-03854 | E68: A4 | F68: 43125 | G68: N/A | H68: N/A | I68: N/A | J68: N/A | K68: Total laparoscopic hysterectomy | L68: Endometrium | M68: N/A | N68: F | O68: 18082 | P68: 43033 | Q68: =DATEDIF(O68, P68,"Y") -> 68 | R68: Serous carcinoma of endometrium | S68: Y | T68: NR | U68: 0 | V68: 0 | W68: 1 (Omentum) | X68: IVB | Y68: 2 | Z68: N/A | AA68: IVB | DE68: COPD
A69: 4508605656 | C69: N | D69: LH18-04036 | E69: A12, A16 | F69: 43126 | G69: LH18-04036 | H69: D5 | I69: Pelvic node | J69: 43126 | K69: Total abdominal hysterectomy | L69: Endometrium | M69: N/A | N69: F | O69: 17822 | P69: 43075 | Q69: =DATEDIF(O69, P69,"Y") -> 69 | R69: Carcinosarcoma of homologous type | S69: Y | T69: 1b | U69: 0 | V69: 0 | W69: 0 | X69: IB | Y69: 3 | Z69: T1BN0M0 | AA69: IB
A70: 4450205227 | C70: N | D70: LH18-05598 | E70: A10, A12 | F70: 43136 | G70: LH18-05598 | H70: C1 | I70: Pelvic node | J70: 43136 | K70: Total abdominal hysterectomy | L70: Endometrium | M70: N/A | N70: F | O70: 20407 | P70: 43084 | Q70: =DATEDIF(O70, P70,"Y") -> 62 | R70: Serous carcinoma of endometrium | S70: Y | T70: 1a | U70: 0 | V70: 0 | W70: 0 | X70: IA | Y70: 3 | Z70: T1AN0M0 | AA70: IA | DE70: Hypertension
A71: 4860694163 | C71: N | D71: LH18-07101 | E71: A1, A3 | F71: 43145 | G71: N/A | H71: N/A | I71: N/A | J71: N/A | K71: Total abdominal hysterectomy | L71: Endometrium | M71: N/A | N71: F | O71: 23255 | P71: 43111 | Q71: =DATEDIF(O71, P71,"Y") -> 54 | R71: Endometrioid carcinoma featuring moderately pleomorphic neoplastic cells | S71: Y | T71: NR | U71: NR | V71: NR | W71: 1 (Hepatic, omentum, peritoneum) | X71: IVB | Y71: 2 | Z71: N/A | AA71: IVB
A72: 6060078338 | C72: N | D72: LH18-08529 | E72: A10, A12 | F72: 43153 | G72: N/A | H72: N/A | I72: N/A | J72: N/A | K72: Total laparoscopic hysterectomy | L72: Endometrium | M72: N/A | N72: F | O72: 20665 | P72: 43091 | Q72: =DATEDIF(O72, P72,"Y") -> 61 | R72: Endometrioid adenocarcinoma | S72: Y | T72: 1b | U72: 0 | V72: 0 | W72: 0 | X72: IB | Y72: 1 | Z72: T1BN0M0 | AA72: IB
A73: 4382127971 | C73: N | D73: LH18-08833 | E73: A17 | F73: 43157 | G73: N/A | H73: N/A | I73: N/A | J73: N/A | K73: Total abdominal hysterectomy | L73: Endometrium | M73: N/A | N73: F | O73: 16344 | P73: 43125 | Q73: =DATEDIF(O73, P73,"Y") -> 73 | R73: Endometrioid adenocarcinoma | S73: Y | T73: 1b | U73: 0 | V73: 0 | W73: 0 | X73: IB | Y73: 3 | Z73: T1BN0M0 | AA73: IB
A74: 4980896464 | C74: N | D74: LH18-09117 | E74: A13, A22 | F74: 43158 | G74: N/A | H74: N/A | I74: N/A | J74: N/A | K74: Total abdominal hysterectomy | L74: Endometrium | M74: N/A | N74: F | O74: 17827 | P74: 43108 | Q74: =DATEDIF(O74, P74,"Y") -> 69 | R74: Carcinosarcoma with heterologus elements | S74: Y | T74: 3 | U74: 2 | V74: 0 | W74: 0 | X74: IIIC2 | Y74: 2 | Z74: T3CN2M0 | AA74: IIIC2
A75: 4607910880 | C75: N | D75: LH18-09944 | E75: A12, A7 | F75: 43164 | G75: N/A | H75: N/A | I75: N/A | J75: N/A | K75: Total abdominal hysterectomy | L75: Endometrium | M75: N/A | N75: F | O75: 19821 | P75: 43111 | Q75: =DATEDIF(O75, P75,"Y") -> 63 | R75: Endometrioid adenocarcinoma | S75: Y | T75: 1b | U75: 0 | V75: 0 | W75: 0 | X75: IB | Y75: 1 | Z75: T1BN0M0 | AA75: IB
A76: 4981932650 | C76: N | D76: LH18-11381 | E76: A10, A11 | F76: 43173 | G76: N/A | H76: N/A | I76: N/A | J76: N/A | K76: Total abdominal hysterectomy | L76: Endometrium | M76: N/A | N76: F | O76: 20114 | P76: 43124 | Q76: =DATEDIF(O76, P76,"Y") -> 62 | R76: Endometrioid adenocarcinoma | S76: Y | T76: 1b | U76: 0 | V76: 0 | W76: 0 | X76: IB | Y76: 2 | Z76: T1BN0M0 | AA76: IB
A77: 4148143605 | C77: N | D77: LH18-11648 | E77: A14, A12 | F77: 43174 | G77: N/A | H77: N/A | I77: N/A | J77: N/A | K77: Total laparoscopic hysterectomy + bilateral salpingo oophorectomy | L77: Endometrium | M77: N/A | N77: F | O77: 25020 | P77: 43123 | Q77: =DATEDIF(O77, P77,"Y") -> 49 | R77: Endometrioid carcinoma | S77: Y | T77: 1a | U77: 0 | V77: 0 | W77: 0 | X77: IA | Y77: 1 | Z77: T1AN0M0 | AA77: IA
A78: 4329476711 | C78: N/A | D78: N/A | E78: N/A | F78: N/A | G78: LH18-12664 | H78: D12 | I78: Pelvic node | J78: 43180 | K78: N/A | L78: N/A | M78: N/A | N78: N/A | O78: 12714 | P78: 43180 | Q78: =DATEDIF(O78, P78,"Y") -> 83 | R78: N/A | S78: N/A | T78: N/A | U78: N/A | V78: N/A | W78: N/A | X78: N/A | Y78: N/A | Z78: N/A | AA78: N/A | AB78: N/A | AC78: N/A | AD78: N/A | AE78: N/A | AF78: N/A | AG78: N/A | AH78: N/A | AI78: N/A | AJ78: N/A | AK78: N/A | AL78: N/A | AM78: N/A | AN78: N/A | AO78: N/A | AP78: N/A | AQ78: N/A | AR78: N/A | AS78: N/A | AT78: N/A | AU78: N/A | AV78: N/A | AW78: N/A | AX78: N/A | AY78: N/A | AZ78: N/A | BA78: N/A | BB78: N/A | BC78: N/A | BD78: N/A | BE78: N/A | BF78: N/A | BG78: N/A | BH78: N/A | BI78: N/A | BJ78: N/A | BK78: N/A | BL78: N/A | BM78: N/A | BN78: N/A | BO78: N/A | BP78: N/A | BQ78: N/A | BR78: N/A | BS78: N/A | BT78: N/A | BU78: N/A | BV78: N/A | BW78: N/A | BX78: N/A | BY78: N/A | BZ78: N/A | CA78: N/A | CB78: N/A | CC78: N/A | CD78: N/A | CE78: N/A | CF78: N/A | CG78: N/A | CH78: N/A | CI78: N/A | CJ78: N/A | CK78: N/A | CL78: N/A | CM78: N/A | CN78: N/A | CO78: N/A | CP78: N/A | CQ78: N/A | CR78: N/A | CS78: N/A | CT78: N/A | CU78: N/A | CV78: N/A | CW78: N/A | CX78: N/A | CY78: N/A | CZ78: N/A | DA78: N/A | DB78: N/A | DC78: N/A | DD78: N/A | DE78: N/A | DF78: N/A | DG78: N/A | DH78: N/A | DI78: N/A | DJ78: N/A | DK78: N/A | DL78: N/A | DM78: N/A | DN78: N/A | DO78: N/A | DP78: N/A | DQ78: N/A | DR78: N/A | DS78: N/A | DT78: N/A | DU78: N/A | DV78: N/A | DW78: N/A | DX78: N/A | DY78: N/A | DZ78: N/A | EA78: N/A | EB78: N/A | EC78: N/A | ED78: N/A | EE78: N/A | EF78: N/A | EG78: N/A | EH78: N/A | EI78: N/A | EJ78: N/A | EK78: N/A | EL78: N/A | EM78: N/A | EN78: N/A | EO78: N/A | EP78: N/A | EQ78: N/A | ER78: N/A | ES78: N/A | ET78: N/A | EU78: N/A | EV78: N/A | EW78: N/A | EX78: N/A | EY78: N/A | EZ78: N/A | FA78: N/A | FB78: N/A | FC78: N/A | FD78: N/A | FE78: N/A
A79: 4382069122 | C79: N | D79: LH18-13058 | E79: A15 | F79: 43182 | G79: LH18-13058 | H79: C5 | I79: Pelvic node | J79: 43182 | K79: Total laparoscopic hysterectomy | L79: Endometrium | M79: N/A | N79: F | O79: 16245 | P79: 43130 | Q79: =DATEDIF(O79, P79,"Y") -> 73 | R79: Endometrioid carcinoma | S79: Y | T79: 1b | U79: 0 | V79: 0 | W79: 0 | X79: IB | Y79: 3 | Z79: T1BN0M0 | AA79: IB | DE79: Haemorrhagic stroke following aneurysm, Previous breast cancer
A80: 4862265421 | C80: N | D80: LH18-13350 | E80: A16, A17 | F80: 43185 | G80: N/A | H80: N/A | I80: N/A | J80: N/A | K80: Laparoscopic converted to laparotomy/peritoneal washings and biopsies, total abdominal hysterectomy, bilateral salpingo-oophorectomy, pelvic, lymphadenectomy, para-aortic lymph node sampling, omentectomy, excision and repair of umbilical hernia._x000D_ | L80: Endometrium | M80: N/A | N80: F | O80: 22666 | P80: 43130 | Q80: =DATEDIF(O80, P80,"Y") -> 56 | R80: Endometrioid carcinoma | S80: Y | T80: 3 | U80: 2 | V80: 0 | W80: 0 | X80: IIIC2 | Y80: 3 | Z80: T3CN2M0 | AA80: IIIC2
A81: 4581417937 | C81: N | D81: LH18-13744 | E81: A10 | F81: 43187 | G81: N/A | H81: N/A | I81: N/A | J81: N/A | K81: Total laparoscopic hysterectomy | L81: Endometrium | M81: N/A | N81: F | O81: 19361 | P81: 43154 | Q81: =DATEDIF(O81, P81,"Y") -> 65 | R81: Endometrioid carcinoma | S81: Y | T81: 1a | U81: 0 | V81: 0 | W81: 0 | X81: IA | Y81: 1 | Z81: T1AN0M0 | AA81: IA
A82: 6302622166 | C82: N | D82: LH18-14629 | E82: A20, A16 | F82: 43195 | G82: LH18-14629 | H82: C4 | I82: Node | J82: 43195 | K82: Total laparoscopic hysterectomy | L82: Endometrium | M82: N/A | N82: F | O82: 20597 | P82: 43140 | Q82: =DATEDIF(O82, P82,"Y") -> 61 | R82: Endometrioid carcinoma | S82: Y | T82: 1a | U82: 0 | V82: 0 | W82: 0 | X82: IA | Y82: 3 | Z82: T1AN0M0 | AA82: IA

Sheet Prelim (ship 1)
A1: Specimen is a recurrence (Y/N) | B1: Selected specimen Anonymised ID | C1: Specimen Block number | D1: Specimen Surgery Date (DD/MM/YYYY) | E1: Anonymized ID Normal tissue | F1: Matched Normal tissue Block Number | G1: Matched Normal tissue Site | H1: Matched Normal tissue Surgery Date (DD/MM/YY) | I1: Specimen surgery | J1: Specimen tumour site | K1: Primary tumour site | L1: Gender | M1: Date of DX (DD/MM/YYYY) | N1: Age at Diagnosis (years) | O1: Specimen Histological Diagnosis | P1: Resection margins clear (Y/N) | Q1: pT | R1: pN | S1: pM | T1: cM | U1: FIGO Grade | V1: Grade | W1: TNM stage | X1: Stage at DX (AJCC)
A2: N | B2: LH17-2702 | C2: A1, A12 | D2: =IFERROR("Q" &INT((MONTH('Follow up (ship 1)'!F5)+2)/3) & "-" & YEAR('Follow up (ship 1)'!F5),"N/A") -> Q1-2017 | E2: N/A | F2: N/A | G2: N/A | H2: =IFERROR("Q" &INT((MONTH('Follow up (ship 1)'!J5)+2)/3) & "-" & YEAR('Follow up (ship 1)'!J5),"N/A") -> N/A | I2: Total abdominal hysterectomy | J2: Endometrium | K2: N/A | L2: F | M2: =IFERROR("Q" &INT((MONTH('Follow up (ship 1)'!P5)+2)/3) & "-" & YEAR('Follow up (ship 1)'!P5),"N/A") -> Q4-2016 | N2: 66 | O2: Carcinosarcoma with heterologous differentiation | P2: Y | Q2: 3c | R2: 1 | S2: 0 | T2: 0 | U2: IIIC1 | V2: NR | W2: T3CN1M0 | X2: IIIC1
A3: N | B3: LH17-6069 | C3: A11, A12 | D3: =IFERROR("Q" &INT((MONTH('Follow up (ship 1)'!F6)+2)/3) & "-" & YEAR('Follow up (ship 1)'!F6),"N/A") -> Q1-2017 | E3: LH17-6069 | F3: B3 | G3: Lymph node | H3: =IFERROR("Q" &INT((MONTH('Follow up (ship 1)'!J6)+2)/3) & "-" & YEAR('Follow up (ship 1)'!J6),"N/A") -> Q1-2017 | I3: Total abdominal hysterectomy | J3: Endometrium | K3: N/A | L3: F | M3: =IFERROR("Q" &INT((MONTH('Follow up (ship 1)'!P6)+2)/3) & "-" & YEAR('Follow up (ship 1)'!P6),"N/A") -> Q1-2017 | N3: 70 | O3: Endometrioid adenocarcinoma | P3: Y | Q3: 1b | R3: 0 | S3: x | T3: 0 | U3: IB | V3: 1 | W3: T1BN0M0 | X3: IB
A4: N | B4: LH17-7381 | C4: A9, A8 | D4: =IFERROR("Q" &INT((MONTH('Follow up (ship 1)'!F7)+2)/3) & "-" & YEAR('Follow up (ship 1)'!F7),"N/A") -> Q1-2017 | E4: LH17-7381 | F4: C1 | G4: Lymph node | H4: =IFERROR("Q" &INT((MONTH('Follow up (ship 1)'!J7)+2)/3) & "-" & YEAR('Follow up (ship 1)'!J7),"N/A") -> Q1-2017 | I4: Total abdominal hysterectomy | J4: Endometrium | K4: N/A | L4: F | M4: =IFERROR("Q" &INT((MONTH('Follow up (ship 1)'!P7)+2)/3) & "-" & YEAR('Follow up (ship 1)'!P7),"N/A") -> Q1-2017 | N4: 75 | O4: Deeply invasive mixed adenocarcinoma (serous and endometroiod) | P4: Y | Q4: 1b | R4: 0 | S4: 0 | T4: 0 | U4: IB | V4: 3 | W4: T1BN0M0 | X4: IB
A5: N | B5: LH17-10008 | C5: A4, A6 | D5: =IFERROR("Q" &INT((MONTH('Follow up (ship 1)'!F8)+2)/3) & "-" & YEAR('Follow up (ship 1)'!F8),"N/A") -> Q1-2017 | E5: N/A | F5: N/A | G5: N/A | H5: =IFERROR("Q" &INT((MONTH('Follow up (ship 1)'!J8)+2)/3) & "-" & YEAR('Follow up (ship 1)'!J8),"N/A") -> N/A | I5: Total abdominal hysterectomy | J5: Endometrium | K5: N/A | L5: F | M5: =IFERROR("Q" &INT((MONTH('Follow up (ship 1)'!P8)+2)/3) & "-" & YEAR('Follow up (ship 1)'!P8),"N/A") -> Q4-2016 | N5: 90 | O5: High grade serous adenocarcinoma | P5: Y | Q5: 2 | R5: 0 | S5: 0 | T5: 0 | U5: II | V5: 3 | W5: T2N0M0 | X5: II
A6: N | B6: LH17-10854 | C6: A6, A10 | D6: =IFERROR("Q" &INT((MONTH('Follow up (ship 1)'!F9)+2)/3) & "-" & YEAR('Follow up (ship 1)'!F9),"N/A") -> Q1-2017 | E6: N/A | F6: N/A | G6: N/A | H6: =IFERROR("Q" &INT((MONTH('Follow up (ship 1)'!J9)+2)/3) & "-" & YEAR('Follow up (ship 1)'!J9),"N/A") -> N/A | I6: Total abdominal hysterectomy | J6: Endometrium | K6: N/A | L6: F | M6: =IFERROR("Q" &INT((MONTH('Follow up (ship 1)'!P9)+2)/3) & "-" & YEAR('Follow up (ship 1)'!P9),"N/A") -> Q4-2002 | N6: 69 | O6: Malignant mixed mullerian tumour with rhabdomyoblastic differentiation | P6: Y | Q6: 1b | R6: 2 | S6: 0 | T6: 0 | U6: IB | V6: 3 | W6: T1BN2M0 | X6: IB
A7: N/A | B7: N/A | C7: N/A | D7: =IFERROR("Q" &INT((MONTH('Follow up (ship 1)'!F10)+2)/3) & "-" & YEAR('Follow up (ship 1)'!F10),"N/A") -> N/A | E7: LH17-11002 | F7: B5 | G7: Pelvic node | H7: =IFERROR("Q" &INT((MONTH('Follow up (ship 1)'!J10)+2)/3) & "-" & YEAR('Follow up (ship 1)'!J10),"N/A") -> Q1-2017 | I7: N/A | J7: N/A | K7: N/A | L7: F | M7: =IFERROR("Q" &INT((MONTH('Follow up (ship 1)'!P10)+2)/3) & "-" & YEAR('Follow up (ship 1)'!P10),"N/A") -> Q1-2017 | N7: 81 | O7: N/A | P7: N/A | Q7: N/A | R7: N/A | S7: N/A | T7: N/A | U7: N/A | V7: N/A | W7: N/A | X7: N/A
A8: N | B8: LH17-11093 | C8: A6,A8 | D8: =IFERROR("Q" &INT((MONTH('Follow up (ship 1)'!F11)+2)/3) & "-" & YEAR('Follow up (ship 1)'!F11),"N/A") -> Q1-2017 | E8: LH17-11093 | F8: D1 | G8: Lymph node | H8: =IFERROR("Q" &INT((MONTH('Follow up (ship 1)'!J11)+2)/3) & "-" & YEAR('Follow up (ship 1)'!J11),"N/A") -> Q1-2017 | I8: Total laparoscopic Hysterectomy | J8: Endometrium | K8: N/A | L8: F | M8: =IFERROR("Q" &INT((MONTH('Follow up (ship 1)'!P11)+2)/3) & "-" & YEAR('Follow up (ship 1)'!P11),"N/A") -> Q1-2017 | N8: 81 | O8: Endometrioid adenocarcinoma | P8: Y | Q8: 1b | R8: 0 | S8: 0 | T8: 0 | U8: IB | V8: 3 | W8: T1BN0M0 | X8: IB
A9: N | B9: LH17-11306 | C9: A8, A3 | D9: =IFERROR("Q" &INT((MONTH('Follow up (ship 1)'!F12)+2)/3) & "-" & YEAR('Follow up (ship 1)'!F12),"N/A") -> Q1-2017 | E9: N/A | F9: N/A | G9: N/A | H9: =IFERROR("Q" &INT((MONTH('Follow up (ship 1)'!J12)+2)/3) & "-" & YEAR('Follow up (ship 1)'!J12),"N/A") -> N/A | I9: Total abdominal hysterectomy | J9: Endometrium | K9: N/A | L9: F | M9: =IFERROR("Q" &INT((MONTH('Follow up (ship 1)'!P12)+2)/3) & "-" & YEAR('Follow up (ship 1)'!P12),"N/A") -> Q1-2017 | N9: 63 | O9: High grade carcinosarcoma of homologous type | P9: Y | Q9: 2 | R9: 0 | S9: 0 | T9: 0 | U9: II | V9: 3 | W9: T2N0M0 | X9: II
A10: N | B10: LH17-12612 | C10: A10, A4 | D10: =IFERROR("Q" &INT((MONTH('Follow up (ship 1)'!F13)+2)/3) & "-" & YEAR('Follow up (ship 1)'!F13),"N/A") -> Q1-2017 | E10: LH17-12612 | F10: C1 | G10: Pelvic node | H10: =IFERROR("Q" &INT((MONTH('Follow up (ship 1)'!J13)+2)/3) & "-" & YEAR('Follow up (ship 1)'!J13),"N/A") -> Q1-2017 | I10: Total abdominal hysterectomy | J10: Endometrium | K10: N/A | L10: F | M10: =IFERROR("Q" &INT((MONTH('Follow up (ship 1)'!P13)+2)/3) & "-" & YEAR('Follow up (ship 1)'!P13),"N/A") -> Q1-2017 | N10: 68 | O10: Endometrioid adenocarcinoma | P10: Y | Q10: 2 | R10: 0 | S10: 0 | T10: 0 | U10: II | V10: 1 | W10: T2N0M0 | X10: II
A11: N | B11: LH17-13646 | C11: A20, A21 | D11: =IFERROR("Q" &INT((MONTH('Follow up (ship 1)'!F14)+2)/3) & "-" & YEAR('Follow up (ship 1)'!F14),"N/A") -> Q1-2017 | E11: N/A | F11: N/A | G11: N/A | H11: =IFERROR("Q" &INT((MONTH('Follow up (ship 1)'!J14)+2)/3) & "-" & YEAR('Follow up (ship 1)'!J14),"N/A") -> N/A | I11: Total abdominal hysterectomy | J11: Endometrium | K11: N/A | L11: F | M11: =IFERROR("Q" &INT((MONTH('Follow up (ship 1)'!P14)+2)/3) & "-" & YEAR('Follow up (ship 1)'!P14),"N/A") -> Q1-2017 | N11: 84 | O11: High-grade serous adenocarcinoma of the endometrium | P11: N/A | Q11: N/R | R11: N/R | S11: 1 (Omentum) | T11: 1 (Lung and lymph node) | U11: IVB | V11: 3 | W11: N/A | X11: IVB
A12: N | B12: LH17-15131 | C12: A15, A12 | D12: =IFERROR("Q" &INT((MONTH('Follow up (ship 1)'!F15)+2)/3) & "-" & YEAR('Follow up (ship 1)'!F15),"N/A") -> Q2-2017 | E12: LH17-15131 | F12: G2 | G12: Lymph node | H12: =IFERROR("Q" &INT((MONTH('Follow up (ship 1)'!J15)+2)/3) & "-" & YEAR('Follow up (ship 1)'!J15),"N/A") -> Q2-2017 | I12: Total abdominal hysterectomy | J12: Endometrium | K12: N/A | L12: F | M12: =IFERROR("Q" &INT((MONTH('Follow up (ship 1)'!P15)+2)/3) & "-" & YEAR('Follow up (ship 1)'!P15),"N/A") -> Q2-2017 | N12: 69 | O12: Mixed high grade endometrioid and serous adenocarcinoma | P12: Y | Q12: 1b | R12: 0 | S12: 0 | T12: 0 | U12: IB | V12: 3 | W12: T1BN0M0 | X12: IB
A13: N | B13: LH17-16034 | C13: A9, A15 | D13: =IFERROR("Q" &INT((MONTH('Follow up (ship 1)'!F16)+2)/3) & "-" & YEAR('Follow up (ship 1)'!F16),"N/A") -> Q2-2017 | E13: N/A | F13: N/A | G13: N/A | H13: =IFERROR("Q" &INT((MONTH('Follow up (ship 1)'!J16)+2)/3) & "-" & YEAR('Follow up (ship 1)'!J16),"N/A") -> N/A | I13: Total abdominal hysterectomy | J13: Endometrium | K13: N/A | L13: F | M13: =IFERROR("Q" &INT((MONTH('Follow up (ship 1)'!P16)+2)/3) & "-" & YEAR('Follow up (ship 1)'!P16),"N/A") -> Q1-2017 | N13: 70 | O13: Papillary serous carcinoma | P13: Y | Q13: 1b | R13: 0 | S13: 0 | T13: 0 | U13: IB | V13: 3 | W13: T1BN0M0 | X13: IB
A14: N | B14: LH17-16275 | C14: A6, A15 | D14: =IFERROR("Q" &INT((MONTH('Follow up (ship 1)'!F17)+2)/3) & "-" & YEAR('Follow up (ship 1)'!F17),"N/A") -> Q2-2017 | E14: N/A | F14: N/A | G14: N/A | H14: =IFERROR("Q" &INT((MONTH('Follow up (ship 1)'!J17)+2)/3) & "-" & YEAR('Follow up (ship 1)'!J17),"N/A") -> N/A | I14: Total abdominal hysterectomy | J14: Endometrium | K14: N/A | L14: F | M14: =IFERROR("Q" &INT((MONTH('Follow up (ship 1)'!P17)+2)/3) & "-" & YEAR('Follow up (ship 1)'!P17),"N/A") -> Q1-2017 | N14: 77 | O14: Adenocarcinoma. Mixed clear cell/endometriod | P14: Y | Q14: 1a | R14: 0 | S14: 0 | T14: 0 | U14: IA | V14: N/R | W14: T1AN0M0 | X14: IA
A15: N | B15: LH17-20256 | C15: 8, 10 | D15: =IFERROR("Q" &INT((MONTH('Follow up (ship 1)'!F18)+2)/3) & "-" & YEAR('Follow up (ship 1)'!F18),"N/A") -> Q2-2017 | E15: N/A | F15: N/A | G15: N/A | H15: =IFERROR("Q" &INT((MONTH('Follow up (ship 1)'!J18)+2)/3) & "-" & YEAR('Follow up (ship 1)'!J18),"N/A") -> N/A | I15: Total laparoscopic hysterectomy | J15: Endometrium | K15: N/A | L15: F | M15: =IFERROR("Q" &INT((MONTH('Follow up (ship 1)'!P18)+2)/3) & "-" & YEAR('Follow up (ship 1)'!P18),"N/A") -> Q2-2017 | N15: 79 | O15: Endometrioid adenocarcinoma | P15: Y | Q15: 1b | R15: 0 | S15: 0 | T15: 0 | U15: IB | V15: 1 | W15: T1BN0M0 | X15: IB
A16: N | B16: LH17-22802 | C16: 3,5 | D16: =IFERROR("Q" &INT((MONTH('Follow up (ship 1)'!F19)+2)/3) & "-" & YEAR('Follow up (ship 1)'!F19),"N/A") -> Q2-2017 | E16: N/A | F16: N/A | G16: N/A | H16: =IFERROR("Q" &INT((MONTH('Follow up (ship 1)'!J19)+2)/3) & "-" & YEAR('Follow up (ship 1)'!J19),"N/A") -> N/A | I16: Total laparoscopic hysterectomy | J16: Endometrium | K16: N/A | L16: F | M16: =IFERROR("Q" &INT((MONTH('Follow up (ship 1)'!P19)+2)/3) & "-" & YEAR('Follow up (ship 1)'!P19),"N/A") -> Q1-2017 | N16: 80 | O16: Endometrioid adenocarcinoma | P16: Y | Q16: 1b | R16: 0 | S16: 0 | T16: 0 | U16: IB | V16: 1 | W16: T1BN0M0 | X16: IB
A17: N | B17: LH17-25751 | C17: A16, A33 | D17: =IFERROR("Q" &INT((MONTH('Follow up (ship 1)'!F20)+2)/3) & "-" & YEAR('Follow up (ship 1)'!F20),"N/A") -> Q2-2017 | E17: LH17-25751 | F17: C3 | G17: Pelvic node | H17: =IFERROR("Q" &INT((MONTH('Follow up (ship 1)'!J20)+2)/3) & "-" & YEAR('Follow up (ship 1)'!J20),"N/A") -> Q2-2017 | I17: Total abdominal hysterectomy | J17: Endometrium | K17: N/A | L17: F | M17: =IFERROR("Q" &INT((MONTH('Follow up (ship 1)'!P20)+2)/3) & "-" & YEAR('Follow up (ship 1)'!P20),"N/A") -> Q2-2017 | N17: 72 | O17: Endometrioid adenocarcinoma | P17: Y | Q17: 1a | R17: 0 | S17: 0 | T17: 0 | U17: IA | V17: 2 | W17: T1AN0M0 | X17: IA
A18: N | B18: LH17-28006 | C18: A11, A13 | D18: =IFERROR("Q" &INT((MONTH('Follow up (ship 1)'!F21)+2)/3) & "-" & YEAR('Follow up (ship 1)'!F21),"N/A") -> Q3-2017 | E18: N/A | F18: N/A | G18: N/A | H18: =IFERROR("Q" &INT((MONTH('Follow up (ship 1)'!J21)+2)/3) & "-" & YEAR('Follow up (ship 1)'!J21),"N/A") -> N/A | I18: Total laparoscopic hysterectomy | J18: Endometrium | K18: N/A | L18: F | M18: =IFERROR("Q" &INT((MONTH('Follow up (ship 1)'!P21)+2)/3) & "-" & YEAR('Follow up (ship 1)'!P21),"N/A") -> Q2-2017 | N18: 87 | O18: Serous adenocarcinoma | P18: Y | Q18: 1b | R18: 0 | S18: 0 | T18: 0 | U18: IB | V18: 3 | W18: T1BN0M0 | X18: IB
A19: N | B19: LH17-28649 | C19: A6, A11 | D19: =IFERROR("Q" &INT((MONTH('Follow up (ship 1)'!F22)+2)/3) & "-" & YEAR('Follow up (ship 1)'!F22),"N/A") -> Q3-2017 | E19: N/A | F19: N/A | G19: N/A | H19: =IFERROR("Q" &INT((MONTH('Follow up (ship 1)'!J22)+2)/3) & "-" & YEAR('Follow up (ship 1)'!J22),"N/A") -> N/A | I19: Total laparoscopic hysterectomy | J19: Endometrium | K19: N/A | L19: F | M19: =IFERROR("Q" &INT((MONTH('Follow up (ship 1)'!P22)+2)/3) & "-" & YEAR('Follow up (ship 1)'!P22),"N/A") -> Q2-2017 | N19: 71 | O19: Endometrioid adenocarcinoma | P19: N/R | Q19: 1b | R19: 0 | S19: 0 | T19: 0 | U19: IB | V19: 1 | W19: T1BN0M0 | X19: IB
A20: N | B20: LH17-29718 | C20: 15, 6 | D20: =IFERROR("Q" &INT((MONTH('Follow up (ship 1)'!F23)+2)/3) & "-" & YEAR('Follow up (ship 1)'!F23),"N/A") -> Q3-2017 | E20: N/A | F20: N/A | G20: N/A | H20: =IFERROR("Q" &INT((MONTH('Follow up (ship 1)'!J23)+2)/3) & "-" & YEAR('Follow up (ship 1)'!J23),"N/A") -> N/A | I20: Total laparoscopic hysterectomy | J20: Endometrium | K20: N/A | L20: F | M20: =IFERROR("Q" &INT((MONTH('Follow up (ship 1)'!P23)+2)/3) & "-" & YEAR('Follow up (ship 1)'!P23),"N/A") -> Q1-2017 | N20: 74 | O20: Endometrioid adenocarcinoma | P20: N/R | Q20: 1a | R20: 0 | S20: 0 | T20: 0 | U20: IA | V20: 1 | W20: T1AN0M0 | X20: IA
A21: N | B21: LH17-30635 | C21: A13, A14 | D21: =IFERROR("Q" &INT((MONTH('Follow up (ship 1)'!F24)+2)/3) & "-" & YEAR('Follow up (ship 1)'!F24),"N/A") -> Q3-2017 | E21: LH17-30635 | F21: D3 | G21: Pelvic node | H21: =IFERROR("Q" &INT((MONTH('Follow up (ship 1)'!J24)+2)/3) & "-" & YEAR('Follow up (ship 1)'!J24),"N/A") -> Q3-2017 | I21: Total laparoscopic hysterectomy | J21: Endometrium | K21: N/A | L21: F | M21: =IFERROR("Q" &INT((MONTH('Follow up (ship 1)'!P24)+2)/3) & "-" & YEAR('Follow up (ship 1)'!P24),"N/A") -> Q3-2017 | N21: 59 | O21: Endometrioid adenocarcinoma | P21: Y | Q21: 1b | R21: 0 | S21: 0 | T21: 0 | U21: IB | V21: 3 | W21: T1BN0M0 | X21: IB
A22: N/A | B22: N/A | C22: N/A | D22: =IFERROR("Q" &INT((MONTH('Follow up (ship 1)'!F25)+2)/3) & "-" & YEAR('Follow up (ship 1)'!F25),"N/A") -> N/A | E22: LH17-30829 | F22: D4 | G22: Pelvic node | H22: =IFERROR("Q" &INT((MONTH('Follow up (ship 1)'!J25)+2)/3) & "-" & YEAR('Follow up (ship 1)'!J25),"N/A") -> Q3-2017 | I22: N/A | J22: N/A | K22: N/A | L22: F | M22: =IFERROR("Q" &INT((MONTH('Follow up (ship 1)'!P25)+2)/3) & "-" & YEAR('Follow up (ship 1)'!P25),"N/A") -> Q3-2017 | N22: 76 | O22: N/A | P22: N/A | Q22: N/A | R22: N/A | S22: N/A | T22: N/A | U22: N/A | V22: N/A | W22: N/A | X22: N/A
A23: N | B23: LH17-30839 | C23: A15 | D23: =IFERROR("Q" &INT((MONTH('Follow up (ship 1)'!F26)+2)/3) & "-" & YEAR('Follow up (ship 1)'!F26),"N/A") -> Q3-2017 | E23: N/A | F23: N/A | G23: N/A | H23: =IFERROR("Q" &INT((MONTH('Follow up (ship 1)'!J26)+2)/3) & "-" & YEAR('Follow up (ship 1)'!J26),"N/A") -> N/A | I23: Total abdominal hysterectomy | J23: Endometrium | K23: N/A | L23: F | M23: =IFERROR("Q" &INT((MONTH('Follow up (ship 1)'!P26)+2)/3) & "-" & YEAR('Follow up (ship 1)'!P26),"N/A") -> Q2-2017 | N23: 77 | O23: Endometrioid carcinoma | P23: Y | Q23: 1a | R23: 0 | S23: 0 | T23: 0 | U23: IA | V23: 1 | W23: T1AN0M0 | X23: IA
A24: N | B24: LH17-30974 | C24: A12, A22 | D24: =IFERROR("Q" &INT((MONTH('Follow up (ship 1)'!F27)+2)/3) & "-" & YEAR('Follow up (ship 1)'!F27),"N/A") -> Q3-2017 | E24: N/A | F24: N/A | G24: N/A | H24: =IFERROR("Q" &INT((MONTH('Follow up (ship 1)'!J27)+2)/3) & "-" & YEAR('Follow up (ship 1)'!J27),"N/A") -> N/A | I24: Total abdominal hysterectomy | J24: Endometrium | K24: N/A | L24: F | M24: =IFERROR("Q" &INT((MONTH('Follow up (ship 1)'!P27)+2)/3) & "-" & YEAR('Follow up (ship 1)'!P27),"N/A") -> Q4-2012 | N24: 51 | O24: Endometrioid adenocarcinoma | P24: Y | Q24: 1a | R24: 0 | S24: 0 | T24: 0 | U24: IA | V24: 1 | W24: T1AN0M0 | X24: IA
A25: N | B25: LH17-32555 | C25: A6 | D25: =IFERROR("Q" &INT((MONTH('Follow up (ship 1)'!F28)+2)/3) & "-" & YEAR('Follow up (ship 1)'!F28),"N/A") -> Q3-2017 | E25: N/A | F25: N/A | G25: N/A | H25: =IFERROR("Q" &INT((MONTH('Follow up (ship 1)'!J28)+2)/3) & "-" & YEAR('Follow up (ship 1)'!J28),"N/A") -> N/A | I25: Total laparoscopic hysterectomy | J25: Endometrium | K25: N/A | L25: F | M25: =IFERROR("Q" &INT((MONTH('Follow up (ship 1)'!P28)+2)/3) & "-" & YEAR('Follow up (ship 1)'!P28),"N/A") -> Q2-2017 | N25: 64 | O25: Endometrioid adenocarcinoma | P25: Y | Q25: 1b | R25: 0 | S25: 0 | T25: 0 | U25: IB | V25: 1 | W25: T1BN0M0 | X25: IB
A26: N | B26: LH17-32987 | C26: 6,7 | D26: =IFERROR("Q" &INT((MONTH('Follow up (ship 1)'!F29)+2)/3) & "-" & YEAR('Follow up (ship 1)'!F29),"N/A") -> Q3-2017 | E26: N/A | F26: N/A | G26: N/A | H26: =IFERROR("Q" &INT((MONTH('Follow up (ship 1)'!J29)+2)/3) & "-" & YEAR('Follow up (ship 1)'!J29),"N/A") -> N/A | I26: Total laparoscopic hysterectomy | J26: Endometrium | K26: N/A | L26: F | M26: =IFERROR("Q" &INT((MONTH('Follow up (ship 1)'!P29)+2)/3) & "-" & YEAR('Follow up (ship 1)'!P29),"N/A") -> Q2-2017 | N26: 62 | O26: Endometrioid carcinoma | P26: N/R | Q26: 2 | R26: 0 | S26: 0 | T26: 0 | U26: II | V26: 2 | W26: T2N0M0 | X26: II
A27: N | B27: LH17-33790 | C27: A11, A12 | D27: =IFERROR("Q" &INT((MONTH('Follow up (ship 1)'!F30)+2)/3) & "-" & YEAR('Follow up (ship 1)'!F30),"N/A") -> Q3-2017 | E27: LH17-33790 | F27: C3 | G27: Pelvic node | H27: =IFERROR("Q" &INT((MONTH('Follow up (ship 1)'!J30)+2)/3) & "-" & YEAR('Follow up (ship 1)'!J30),"N/A") -> Q3-2017 | I27: Total abdominal hysterectomy | J27: Endometrium | K27: N/A | L27: F | M27: =IFERROR("Q" &INT((MONTH('Follow up (ship 1)'!P30)+2)/3) & "-" & YEAR('Follow up (ship 1)'!P30),"N/A") -> Q2-2017 | N27: 82 | O27: Endometrioid adenocarcinoma | P27: Y | Q27: 3a | R27: 0 | S27: 0 | T27: 0 | U27: IIIA | V27: 3 | W27: T3AN0M0 | X27: IIIA
A28: N | B28: LH17-34068 | C28: 4 | D28: =IFERROR("Q" &INT((MONTH('Follow up (ship 1)'!F31)+2)/3) & "-" & YEAR('Follow up (ship 1)'!F31),"N/A") -> Q3-2017 | E28: N/A | F28: N/A | G28: N/A | H28: =IFERROR("Q" &INT((MONTH('Follow up (ship 1)'!J31)+2)/3) & "-" & YEAR('Follow up (ship 1)'!J31),"N/A") -> N/A | I28: Total laparoscopic hysterectomy | J28: Endometrium | K28: N/A | L28: F | M28: =IFERROR("Q" &INT((MONTH('Follow up (ship 1)'!P31)+2)/3) & "-" & YEAR('Follow up (ship 1)'!P31),"N/A") -> Q3-2017 | N28: 60 | O28: Endometrioid adenocarcinoma | P28: N/R | Q28: 1a | R28: 0 | S28: 0 | T28: 0 | U28: IA | V28: 1 | W28: T1AN0M0 | X28: IA
A29: N | B29: LH17-34353 | C29: A7, A6 | D29: =IFERROR("Q" &INT((MONTH('Follow up (ship 1)'!F32)+2)/3) & "-" & YEAR('Follow up (ship 1)'!F32),"N/A") -> Q3-2017 | E29: N/A | F29: N/A | G29: N/A | H29: =IFERROR("Q" &INT((MONTH('Follow up (ship 1)'!J32)+2)/3) & "-" & YEAR('Follow up (ship 1)'!J32),"N/A") -> N/A | I29: Total abdominal hysterectomy | J29: Endometrium | K29: N/A | L29: F | M29: =IFERROR("Q" &INT((MONTH('Follow up (ship 1)'!P32)+2)/3) & "-" & YEAR('Follow up (ship 1)'!P32),"N/A") -> Q2-2017 | N29: 71 | O29: Carcinosarcoma with heterologous elements | P29: Y | Q29: 3 | R29: 2 | S29: 0 | T29: 0 | U29: IIIC2 | V29: N/R | W29: T3CN2M0 | X29: IIIC2
A30: N | B30: LH17-35617 | C30: A2 | D30: =IFERROR("Q" &INT((MONTH('Follow up (ship 1)'!F33)+2)/3) & "-" & YEAR('Follow up (ship 1)'!F33),"N/A") -> Q3-2017 | E30: N/A | F30: N/A | G30: N/A | H30: =IFERROR("Q" &INT((MONTH('Follow up (ship 1)'!J33)+2)/3) & "-" & YEAR('Follow up (ship 1)'!J33),"N/A") -> N/A | I30: Total laparoscopic hysterectomy | J30: Endometrium | K30: N/A | L30: F | M30: =IFERROR("Q" &INT((MONTH('Follow up (ship 1)'!P33)+2)/3) & "-" & YEAR('Follow up (ship 1)'!P33),"N/A") -> Q2-2017 | N30: 82 | O30: Endometrioid carcinoma | P30: Y | Q30: 1a | R30: 0 | S30: 0 | T30: 0 | U30: IA | V30: 1 | W30: T1AN0M0 | X30: IA
A31: N | B31: LH17-35965 | C31: A9, A10 | D31: =IFERROR("Q" &INT((MONTH('Follow up (ship 1)'!F34)+2)/3) & "-" & YEAR('Follow up (ship 1)'!F34),"N/A") -> Q3-2017 | E31: LH17-35965 | F31: B4 | G31: Lymph node | H31: =IFERROR("Q" &INT((MONTH('Follow up (ship 1)'!J34)+2)/3) & "-" & YEAR('Follow up (ship 1)'!J34),"N/A") -> Q3-2017 | I31: Total laparoscopic hysterectomy | J31: Endometrium | K31: N/A | L31: F | M31: =IFERROR("Q" &INT((MONTH('Follow up (ship 1)'!P34)+2)/3) & "-" & YEAR('Follow up (ship 1)'!P34),"N/A") -> Q3-2017 | N31: 60 | O31: Clear cell carcinoma of endometrium | P31: Y | Q31: 2 | R31: 0 | S31: 0 | T31: 0 | U31: II | V31: 3 | W31: T2N0M0 | X31: II
A32: N | B32: LH17-36526 | C32: A7, A6 | D32: =IFERROR("Q" &INT((MONTH('Follow up (ship 1)'!F35)+2)/3) & "-" & YEAR('Follow up (ship 1)'!F35),"N/A") -> Q3-2017 | E32: N/A | F32: N/A | G32: N/A | H32: =IFERROR("Q" &INT((MONTH('Follow up (ship 1)'!J35)+2)/3) & "-" & YEAR('Follow up (ship 1)'!J35),"N/A") -> N/A | I32: Total laparoscopic hysterectomy | J32: Endometrium | K32: N/A | L32: F | M32: =IFERROR("Q" &INT((MONTH('Follow up (ship 1)'!P35)+2)/3) & "-" & YEAR('Follow up (ship 1)'!P35),"N/A") -> Q3-2017 | N32: 84 | O32: Endometrioid carcinoma | P32: Y | Q32: 3 | R32: 1 | S32: 0 | T32: 0 | U32: IIIC1 | V32: 2 | W32: T3CN1M0 | X32: IIIC1
A33: N | B33: LH17-36679 | C33: A9, A8 | D33: =IFERROR("Q" &INT((MONTH('Follow up (ship 1)'!F36)+2)/3) & "-" & YEAR('Follow up (ship 1)'!F36),"N/A") -> Q3-2017 | E33: N/A | F33: N/A | G33: N/A | H33: =IFERROR("Q" &INT((MONTH('Follow up (ship 1)'!J36)+2)/3) & "-" & YEAR('Follow up (ship 1)'!J36),"N/A") -> N/A | I33: Total abdominal hysterectomy | J33: Endometrium | K33: N/A | L33: F | M33: =IFERROR("Q" &INT((MONTH('Follow up (ship 1)'!P36)+2)/3) & "-" & YEAR('Follow up (ship 1)'!P36),"N/A") -> Q2-2017 | N33: 60 | O33: Endometrioid carcinoma | P33: Y | Q33: 3 | R33: 2 | S33: 0 | T33: 0 | U33: IIIC2 | V33: 2 | W33: T3CN2M0 | X33: IIIC2
A34: N | B34: LH17-37241 | C34: A5, A6 | D34: =IFERROR("Q" &INT((MONTH('Follow up (ship 1)'!F37)+2)/3) & "-" & YEAR('Follow up (ship 1)'!F37),"N/A") -> Q3-2017 | E34: N/A | F34: N/A | G34: N/A | H34: =IFERROR("Q" &INT((MONTH('Follow up (ship 1)'!J37)+2)/3) & "-" & YEAR('Follow up (ship 1)'!J37),"N/A") -> N/A | I34: Total abdominal hysterectomy | J34: Endometrium | K34: N/A | L34: F | M34: =IFERROR("Q" &INT((MONTH('Follow up (ship 1)'!P37)+2)/3) & "-" & YEAR('Follow up (ship 1)'!P37),"N/A") -> Q3-2017 | N34: 75 | O34: Carcinosarcoma with heterologous elements | P34: Y | Q34: 1b | R34: 0 | S34: 0 | T34: 0 | U34: IB | V34: 3 | W34: T1BN0M0 | X34: IB
A35: N | B35: LH17-37984 | C35: A4, A5 | D35: =IFERROR("Q" &INT((MONTH('Follow up (ship 1)'!F38)+2)/3) & "-" & YEAR('Follow up (ship 1)'!F38),"N/A") -> Q3-2017 | E35: N/A | F35: N/A | G35: N/A | H35: =IFERROR("Q" &INT((MONTH('Follow up (ship 1)'!J38)+2)/3) & "-" & YEAR('Follow up (ship 1)'!J38),"N/A") -> N/A | I35: Total abdominal hysterectomy | J35: Endometrium | K35: N/A | L35: F | M35: =IFERROR("Q" &INT((MONTH('Follow up (ship 1)'!P38)+2)/3) & "-" & YEAR('Follow up (ship 1)'!P38),"N/A") -> Q3-2017 | N35: 63 | O35: Endometrioid adenocarcinoma with foci of clear cell differentiation | P35: Y | Q35: 1b | R35: 0 | S35: 0 | T35: 0 | U35: IB | V35: 2 | W35: T1BN0M0 | X35: IB
A36: N | B36: LH17-38467 | C36: A7, A6 | D36: =IFERROR("Q" &INT((MONTH('Follow up (ship 1)'!F39)+2)/3) & "-" & YEAR('Follow up (ship 1)'!F39),"N/A") -> Q3-2017 | E36: N/A | F36: N/A | G36: N/A | H36: =IFERROR("Q" &INT((MONTH('Follow up (ship 1)'!J39)+2)/3) & "-" & YEAR('Follow up (ship 1)'!J39),"N/A") -> N/A | I36: Total abdominal hysterectomy | J36: Endometrium | K36: N/A | L36: F | M36: =IFERROR("Q" &INT((MONTH('Follow up (ship 1)'!P39)+2)/3) & "-" & YEAR('Follow up (ship 1)'!P39),"N/A") -> Q3-2017 | N36: 64 | O36: Endometrioid carcinoma | P36: Y | Q36: 3 | R36: 1 | S36: 0 | T36: 0 | U36: IIIC1 | V36: 2 | W36: T3CN1M0 | X36: IIIC1
A37: N | B37: LH17-40476 | C37: A6, A7 | D37: =IFERROR("Q" &INT((MONTH('Follow up (ship 1)'!F40)+2)/3) & "-" & YEAR('Follow up (ship 1)'!F40),"N/A") -> Q3-2017 | E37: LH17-40476 | F37: D9 | G37: Pelvic node | H37: =IFERROR("Q" &INT((MONTH('Follow up (ship 1)'!J40)+2)/3) & "-" & YEAR('Follow up (ship 1)'!J40),"N/A") -> Q3-2017 | I37: Total abdominal hysterectomy | J37: Endometrium | K37: N/A | L37: F | M37: =IFERROR("Q" &INT((MONTH('Follow up (ship 1)'!P40)+2)/3) & "-" & YEAR('Follow up (ship 1)'!P40),"N/A") -> Q3-2017 | N37: 69 | O37: High-grade serous carcinoma | P37: Y | Q37: 1b | R37: 0 | S37: 0 | T37: 0 | U37: IB | V37: 3 | W37: T1BN0M0 | X37: IB
A38: N | B38: LH17-41239 | C38: A13, A22 | D38: =IFERROR("Q" &INT((MONTH('Follow up (ship 1)'!F41)+2)/3) & "-" & YEAR('Follow up (ship 1)'!F41),"N/A") -> Q3-2017 | E38: N/A | F38: N/A | G38: N/A | H38: =IFERROR("Q" &INT((MONTH('Follow up (ship 1)'!J41)+2)/3) & "-" & YEAR('Follow up (ship 1)'!J41),"N/A") -> N/A | I38: Total abdominal hysterectomy | J38: Endometrium | K38: N/A | L38: F | M38: =IFERROR("Q" &INT((MONTH('Follow up (ship 1)'!P41)+2)/3) & "-" & YEAR('Follow up (ship 1)'!P41),"N/A") -> Q4-2017 | N38: 76 | O38: Carcinosarcoma showing rhabdomyoblastic differentiation | P38: Y | Q38: 3 | R38: 2 | S38: 0 | T38: 0 | U38: IIIC2 | V38: 3 | W38: T3CN2M0 | X38: IIIC2
A39: N | B39: LH17-41484 | C39: A4, A5 | D39: =IFERROR("Q" &INT((MONTH('Follow up (ship 1)'!F42)+2)/3) & "-" & YEAR('Follow up (ship 1)'!F42),"N/A") -> Q3-2017 | E39: N/A | F39: N/A | G39: N/A | H39: =IFERROR("Q" &INT((MONTH('Follow up (ship 1)'!J42)+2)/3) & "-" & YEAR('Follow up (ship 1)'!J42),"N/A") -> N/A | I39: Total abdominal hysterectomy nec | J39: Endometrium | K39: N/A | L39: F | M39: =IFERROR("Q" &INT((MONTH('Follow up (ship 1)'!P42)+2)/3) & "-" & YEAR('Follow up (ship 1)'!P42),"N/A") -> Q2-2017 | N39: 74 | O39: Endometrioid adenocarcinoma | P39: Y | Q39: 3 | R39: 1 | S39: 0 | T39: 0 | U39: IIIC1 | V39: 3 | W39: T3CN1M0 | X39: IIIC1
A40: N | B40: LH17-41775 | C40: A8, A16 | D40: =IFERROR("Q" &INT((MONTH('Follow up (ship 1)'!F43)+2)/3) & "-" & YEAR('Follow up (ship 1)'!F43),"N/A") -> Q3-2017 | E40: N/A | F40: N/A | G40: N/A | H40: =IFERROR("Q" &INT((MONTH('Follow up (ship 1)'!J43)+2)/3) & "-" & YEAR('Follow up (ship 1)'!J43),"N/A") -> N/A | I40: Total abdominal hysterectomy | J40: Endometrium | K40: N/A | L40: F | M40: =IFERROR("Q" &INT((MONTH('Follow up (ship 1)'!P43)+2)/3) & "-" & YEAR('Follow up (ship 1)'!P43),"N/A") -> Q3-2017 | N40: 64 | O40: Endometrioid adenocarcinoma | P40: Y | Q40: 1a | R40: 0 | S40: 0 | T40: 0 | U40: IA | V40: 1 | W40: T1AN0M0 | X40: IA
A41: N | B41: LH17-42076 | C41: A6 | D41: =IFERROR("Q" &INT((MONTH('Follow up (ship 1)'!F44)+2)/3) & "-" & YEAR('Follow up (ship 1)'!F44),"N/A") -> Q4-2017 | E41: N/A | F41: N/A | G41: N/A | H41: =IFERROR("Q" &INT((MONTH('Follow up (ship 1)'!J44)+2)/3) & "-" & YEAR('Follow up (ship 1)'!J44),"N/A") -> N/A | I41: Total laparoscopic hysterectomy | J41: Endometrium | K41: N/A | L41: F | M41: =IFERROR("Q" &INT((MONTH('Follow up (ship 1)'!P44)+2)/3) & "-" & YEAR('Follow up (ship 1)'!P44),"N/A") -> Q3-2017 | N41: 74 | O41: Endometrioid carcinoma | P41: Y | Q41: 1b | R41: 0 | S41: 0 | T41: 0 | U41: IB | V41: 2 | W41: T1BN0M0 | X41: IB
A42: N | B42: LH17-42609 | C42: A17, A18 | D42: =IFERROR("Q" &INT((MONTH('Follow up (ship 1)'!F45)+2)/3) & "-" & YEAR('Follow up (ship 1)'!F45),"N/A") -> Q4-2017 | E42: LH17-42609 | F42: C8 | G42: Pelvic node | H42: =IFERROR("Q" &INT((MONTH('Follow up (ship 1)'!J45)+2)/3) & "-" & YEAR('Follow up (ship 1)'!J45),"N/A") -> Q4-2017 | I42: Total abdominal hysterectomy | J42: Endometrium | K42: N/A | L42: F | M42: =IFERROR("Q" &INT((MONTH('Follow up (ship 1)'!P45)+2)/3) & "-" & YEAR('Follow up (ship 1)'!P45),"N/A") -> Q3-2017 | N42: 65 | O42: High grade serous carcinoma | P42: Y | Q42: 2 | R42: 0 | S42: 0 | T42: 0 | U42: II | V42: 3 | W42: T2N0M0 | X42: II
A43: N | B43: LH17-43301 | C43: A7, A15 | D43: =IFERROR("Q" &INT((MONTH('Follow up (ship 1)'!F46)+2)/3) & "-" & YEAR('Follow up (ship 1)'!F46),"N/A") -> Q4-2017 | E43: N/A | F43: N/A | G43: N/A | H43: =IFERROR("Q" &INT((MONTH('Follow up (ship 1)'!J46)+2)/3) & "-" & YEAR('Follow up (ship 1)'!J46),"N/A") -> N/A | I43: Total abdominal hysterectomy | J43: Endometrium | K43: N/A | L43: F | M43: =IFERROR("Q" &INT((MONTH('Follow up (ship 1)'!P46)+2)/3) & "-" & YEAR('Follow up (ship 1)'!P46),"N/A") -> Q2-2017 | N43: 45 | O43: Endometrioid carcinoma | P43: Y | Q43: 3 | R43: 2 | S43: 0 | T43: 0 | U43: IIIC2 | V43: 2 | W43: T3CN2M0 | X43: IIIC2
A44: N | B44: LH17-43390 | C44: A4, A7 | D44: =IFERROR("Q" &INT((MONTH('Follow up (ship 1)'!F47)+2)/3) & "-" & YEAR('Follow up (ship 1)'!F47),"N/A") -> Q4-2017 | E44: N/A | F44: N/A | G44: N/A | H44: =IFERROR("Q" &INT((MONTH('Follow up (ship 1)'!J47)+2)/3) & "-" & YEAR('Follow up (ship 1)'!J47),"N/A") -> N/A | I44: Total abdominal hysterectomy | J44: Endometrium | K44: N/A | L44: F | M44: =IFERROR("Q" &INT((MONTH('Follow up (ship 1)'!P47)+2)/3) & "-" & YEAR('Follow up (ship 1)'!P47),"N/A") -> Q3-2017 | N44: 59 | O44: High grade endometrioid carcinoma | P44: Y | Q44: 3a | R44: 0 | S44: 0 | T44: 0 | U44: IIIA | V44: 3 | W44: T3AN0M0 | X44: IIIA
A45: N | B45: LH17-44148 | C45: A13, A20 | D45: =IFERROR("Q" &INT((MONTH('Follow up (ship 1)'!F48)+2)/3) & "-" & YEAR('Follow up (ship 1)'!F48),"N/A") -> Q4-2017 | E45: LH17-44148 | F45: D6 | G45: Pelvic node | H45: =IFERROR("Q" &INT((MONTH('Follow up (ship 1)'!J48)+2)/3) & "-" & YEAR('Follow up (ship 1)'!J48),"N/A") -> Q4-2017 | I45: Total abdominal hysterectomy | J45: Endometrium | K45: N/A | L45: F | M45: =IFERROR("Q" &INT((MONTH('Follow up (ship 1)'!P48)+2)/3) & "-" & YEAR('Follow up (ship 1)'!P48),"N/A") -> Q3-2017 | N45: 67 | O45: Carcinosarcoma of endometrium, with heterologous differentiation | P45: Y | Q45: NR | R45: NR | S45: 1 (omentum) | T45: 0 | U45: IVB | V45: 3 | W45: N/A | X45: IVB
A46: N | B46: LH17-44823 | C46: A2, A3 | D46: =IFERROR("Q" &INT((MONTH('Follow up (ship 1)'!F49)+2)/3) & "-" & YEAR('Follow up (ship 1)'!F49),"N/A") -> Q4-2017 | E46: N/A | F46: N/A | G46: N/A | H46: =IFERROR("Q" &INT((MONTH('Follow up (ship 1)'!J49)+2)/3) & "-" & YEAR('Follow up (ship 1)'!J49),"N/A") -> N/A | I46: Total abdominal hysterectomy | J46: Endometrium | K46: N/A | L46: F | M46: =IFERROR("Q" &INT((MONTH('Follow up (ship 1)'!P49)+2)/3) & "-" & YEAR('Follow up (ship 1)'!P49),"N/A") -> Q3-2017 | N46: 72 | O46: Endometrioid adenocarcinoma with secretory change | P46: N | Q46: 3b | R46: 0 | S46: 0 | T46: 0 | U46: IIIB | V46: 2 | W46: T3BN0M0 | X46: IIIB
A47: N | B47: LH17-45605 | C47: A9, A8 | D47: =IFERROR("Q" &INT((MONTH('Follow up (ship 1)'!F50)+2)/3) & "-" & YEAR('Follow up (ship 1)'!F50),"N/A") -> Q4-2017 | E47: N/A | F47: N/A | G47: N/A | H47: =IFERROR("Q" &INT((MONTH('Follow up (ship 1)'!J50)+2)/3) & "-" & YEAR('Follow up (ship 1)'!J50),"N/A") -> N/A | I47: Total laparoscopic hysterectomy | J47: Endometrium | K47: N/A | L47: F | M47: =IFERROR("Q" &INT((MONTH('Follow up (ship 1)'!P50)+2)/3) & "-" & YEAR('Follow up (ship 1)'!P50),"N/A") -> Q3-2017 | N47: 85 | O47: Endometrioid carcinoma | P47: Y | Q47: 1b | R47: 0 | S47: 0 | T47: 0 | U47: IB | V47: 1 | W47: T1BN0M0 | X47: IB
A48: N | B48: LH17-46244 | C48: A6, A5 | D48: =IFERROR("Q" &INT((MONTH('Follow up (ship 1)'!F51)+2)/3) & "-" & YEAR('Follow up (ship 1)'!F51),"N/A") -> Q4-2017 | E48: N/A | F48: N/A | G48: N/A | H48: =IFERROR("Q" &INT((MONTH('Follow up (ship 1)'!J51)+2)/3) & "-" & YEAR('Follow up (ship 1)'!J51),"N/A") -> N/A | I48: Total abdominal hysterectomy | J48: Endometrium | K48: N/A | L48: F | M48: =IFERROR("Q" &INT((MONTH('Follow up (ship 1)'!P51)+2)/3) & "-" & YEAR('Follow up (ship 1)'!P51),"N/A") -> Q3-2017 | N48: 88 | O48: Endometrioid carcinoma | P48: N | Q48: 3 | R48: 1 | S48: 0 | T48: 0 | U48: IIIC1 | V48: 2 | W48: T3CN1M0 | X48: IIIC1
A49: N | B49: LH17-47365 | C49: A11, A8 | D49: =IFERROR("Q" &INT((MONTH('Follow up (ship 1)'!F52)+2)/3) & "-" & YEAR('Follow up (ship 1)'!F52),"N/A") -> Q4-2017 | E49: N/A | F49: N/A | G49: N/A | H49: =IFERROR("Q" &INT((MONTH('Follow up (ship 1)'!J52)+2)/3) & "-" & YEAR('Follow up (ship 1)'!J52),"N/A") -> N/A | I49: Total laparoscopic hysterectomy | J49: Endometrium | K49: N/A | L49: F | M49: =IFERROR("Q" &INT((MONTH('Follow up (ship 1)'!P52)+2)/3) & "-" & YEAR('Follow up (ship 1)'!P52),"N/A") -> Q3-2017 | N49: 58 | O49: Endometrioid adenocarcinoma | P49: Y | Q49: 1a | R49: 0 | S49: 0 | T49: 0 | U49: IA | V49: 1 | W49: T1AN0M0 | X49: IA
A50: N | B50: LH17-48623 | C50: A10, A16 | D50: =IFERROR("Q" &INT((MONTH('Follow up (ship 1)'!F53)+2)/3) & "-" & YEAR('Follow up (ship 1)'!F53),"N/A") -> Q4-2017 | E50: LH17-48623 | F50: D2 | G50: Pelvic node | H50: =IFERROR("Q" &INT((MONTH('Follow up (ship 1)'!J53)+2)/3) & "-" & YEAR('Follow up (ship 1)'!J53),"N/A") -> Q4-2017 | I50: Total abdominal hysterectomy | J50: Endometrium | K50: N/A | L50: F | M50: =IFERROR("Q" &INT((MONTH('Follow up (ship 1)'!P53)+2)/3) & "-" & YEAR('Follow up (ship 1)'!P53),"N/A") -> Q3-2017 | N50: 78 | O50: Carcinosarcoma (with rhabdomyoblastic differentiation and high grade serous epithelial component) | P50: Y | Q50: NR | R50: NR | S50: 1 (Left common iliac) | T50: 1 (omentum) | U50: IVB | V50: 3 | W50: N/A | X50: IVB
A51: N | B51: LH17-49693 | C51: A16, A7 | D51: =IFERROR("Q" &INT((MONTH('Follow up (ship 1)'!F54)+2)/3) & "-" & YEAR('Follow up (ship 1)'!F54),"N/A") -> Q4-2017 | E51: N/A | F51: N/A | G51: N/A | H51: =IFERROR("Q" &INT((MONTH('Follow up (ship 1)'!J54)+2)/3) & "-" & YEAR('Follow up (ship 1)'!J54),"N/A") -> N/A | I51: Total laparoscopic hysterectomy | J51: Endometrium | K51: N/A | L51: F | M51: =IFERROR("Q" &INT((MONTH('Follow up (ship 1)'!P54)+2)/3) & "-" & YEAR('Follow up (ship 1)'!P54),"N/A") -> Q3-2017 | N51: 75 | O51: Endometrioid adenocarcinoma | P51: Y | Q51: 1b | R51: 0 | S51: 0 | T51: 0 | U51: IB | V51: 1 | W51: T1BN0M0 | X51: IB
A52: N | B52: LH17-49715 | C52: A11, A13 | D52: =IFERROR("Q" &INT((MONTH('Follow up (ship 1)'!F55)+2)/3) & "-" & YEAR('Follow up (ship 1)'!F55),"N/A") -> Q4-2017 | E52: N/A | F52: N/A | G52: N/A | H52: =IFERROR("Q" &INT((MONTH('Follow up (ship 1)'!J55)+2)/3) & "-" & YEAR('Follow up (ship 1)'!J55),"N/A") -> N/A | I52: Total laparoscopic hysterectomy | J52: Endometrium | K52: N/A | L52: F | M52: =IFERROR("Q" &INT((MONTH('Follow up (ship 1)'!P55)+2)/3) & "-" & YEAR('Follow up (ship 1)'!P55),"N/A") -> Q3-2017 | N52: 58 | O52: Endometrioid adenocarcinoma | Q52: 1a | R52: 0 | S52: 0 | T52: 0 | U52: IA | V52: 1 | W52: T1AN0M0 | X52: IA
A53: N | B53: LH17-49816 | C53: A1, A2 | D53: =IFERROR("Q" &INT((MONTH('Follow up (ship 1)'!F56)+2)/3) & "-" & YEAR('Follow up (ship 1)'!F56),"N/A") -> Q4-2017 | E53: LH17-49816 | F53: E3 | G53: Para-aortic node | H53: =IFERROR("Q" &INT((MONTH('Follow up (ship 1)'!J56)+2)/3) & "-" & YEAR('Follow up (ship 1)'!J56),"N/A") -> Q4-2017 | I53: Total laparoscopic hysterectomy | J53: Endometrium | K53: N/A | L53: F | M53: =IFERROR("Q" &INT((MONTH('Follow up (ship 1)'!P56)+2)/3) & "-" & YEAR('Follow up (ship 1)'!P56),"N/A") -> Q3-2017 | N53: 59 | O53: High grade serous endometrial carcinoma | P53: Y | Q53: 2 | R53: 0 | S53: 0 | T53: 0 | U53: II | V53: 3 | W53: T2N0M0 | X53: II
A54: N | B54: LH17-50009 | C54: A5, A6 | D54: =IFERROR("Q" &INT((MONTH('Follow up (ship 1)'!F57)+2)/3) & "-" & YEAR('Follow up (ship 1)'!F57),"N/A") -> Q4-2017 | E54: LH17-50009 | F54: D3 | G54: Pelvic node | H54: =IFERROR("Q" &INT((MONTH('Follow up (ship 1)'!J57)+2)/3) & "-" & YEAR('Follow up (ship 1)'!J57),"N/A") -> Q4-2017 | I54: Total abdominal hysterectomy | J54: Endometrium | K54: N/A | L54: F | M54: =IFERROR("Q" &INT((MONTH('Follow up (ship 1)'!P57)+2)/3) & "-" & YEAR('Follow up (ship 1)'!P57),"N/A") -> Q4-2017 | N54: 57 | O54: Endometrioid carcinoma of the endometrium | P54: Y | Q54: 1a | R54: 0 | S54: 0 | T54: 0 | U54: IA | V54: 3 | W54: T1AN0M0 | X54: IA
A55: N/A | B55: N/A | C55: N/A | D55: =IFERROR("Q" &INT((MONTH('Follow up (ship 1)'!F58)+2)/3) & "-" & YEAR('Follow up (ship 1)'!F58),"N/A") -> N/A | E55: LH17-50634 | F55: C3 | G55: Pelvic node | H55: =IFERROR("Q" &INT((MONTH('Follow up (ship 1)'!J58)+2)/3) & "-" & YEAR('Follow up (ship 1)'!J58),"N/A") -> Q4-2017 | I55: N/A | J55: N/A | K55: N/A | L55: F | M55: =IFERROR("Q" &INT((MONTH('Follow up (ship 1)'!P58)+2)/3) & "-" & YEAR('Follow up (ship 1)'!P58),"N/A") -> Q4-2017 | N55: 63 | O55: N/A | P55: N/A | Q55: N/A | R55: N/A | S55: N/A | T55: N/A | U55: N/A | V55: N/A | W55: N/A | X55: N/A
A56: N | B56: LH17-51779 | C56: A5, A6 | D56: =IFERROR("Q" &INT((MONTH('Follow up (ship 1)'!F59)+2)/3) & "-" & YEAR('Follow up (ship 1)'!F59),"N/A") -> Q4-2017 | E56: LH17-51779 | F56: C4 | G56: Pelvic node | H56: =IFERROR("Q" &INT((MONTH('Follow up (ship 1)'!J59)+2)/3) & "-" & YEAR('Follow up (ship 1)'!J59),"N/A") -> Q4-2017 | I56: Total abdominal hysterectomy | J56: Endometrium | K56: N/A | L56: F | M56: =IFERROR("Q" &INT((MONTH('Follow up (ship 1)'!P59)+2)/3) & "-" & YEAR('Follow up (ship 1)'!P59),"N/A") -> Q3-2017 | N56: 78 | O56: Endometrioid adenocarcinoma | P56: Y | Q56: 3b | R56: 0 | S56: 0 | T56: 0 | U56: III3B | V56: 2 | W56: T3BN0M0 | X56: III3B
A57: N | B57: LH17-52159 | C57: A5, A7 | D57: =IFERROR("Q" &INT((MONTH('Follow up (ship 1)'!F60)+2)/3) & "-" & YEAR('Follow up (ship 1)'!F60),"N/A") -> Q4-2017 | E57: N/A | F57: N/A | G57: N/A | H57: =IFERROR("Q" &INT((MONTH('Follow up (ship 1)'!J60)+2)/3) & "-" & YEAR('Follow up (ship 1)'!J60),"N/A") -> N/A | I57: Total laparoscopic hysterectomy | J57: Endometrium | K57: N/A | L57: F | M57: =IFERROR("Q" &INT((MONTH('Follow up (ship 1)'!P60)+2)/3) & "-" & YEAR('Follow up (ship 1)'!P60),"N/A") -> Q3-2017 | N57: 77 | O57: Endometrioid carcinoma | P57: Y | Q57: 1b | R57: 0 | S57: 0 | T57: 0 | U57: IB | V57: 1 | W57: T1BN0M0 | X57: IB
A58: N/A | B58: N/A | C58: N/A | D58: =IFERROR("Q" &INT((MONTH('Follow up (ship 1)'!F61)+2)/3) & "-" & YEAR('Follow up (ship 1)'!F61),"N/A") -> N/A | E58: LH17-52304 | F58: D3 | G58: Pelvic node | H58: =IFERROR("Q" &INT((MONTH('Follow up (ship 1)'!J61)+2)/3) & "-" & YEAR('Follow up (ship 1)'!J61),"N/A") -> Q4-2017 | I58: N/A | J58: N/A | K58: N/A | L58: N/A | M58: =IFERROR("Q" &INT((MONTH('Follow up (ship 1)'!P61)+2)/3) & "-" & YEAR('Follow up (ship 1)'!P61),"N/A") -> Q4-2017 | N58: 64 | O58: N/A | P58: N/A | Q58: N/A | R58: N/A | S58: N/A | T58: N/A | U58: N/A | V58: N/A | W58: N/A | X58: N/A
A59: N | B59: LH17-53225 | C59: A12, A13 | D59: =IFERROR("Q" &INT((MONTH('Follow up (ship 1)'!F62)+2)/3) & "-" & YEAR('Follow up (ship 1)'!F62),"N/A") -> Q4-2017 | E59: N/A | F59: N/A | G59: N/A | H59: =IFERROR("Q" &INT((MONTH('Follow up (ship 1)'!J62)+2)/3) & "-" & YEAR('Follow up (ship 1)'!J62),"N/A") -> N/A | I59: Total abdominal hysterectomy | J59: Endometrium | K59: N/A | L59: F | M59: =IFERROR("Q" &INT((MONTH('Follow up (ship 1)'!P62)+2)/3) & "-" & YEAR('Follow up (ship 1)'!P62),"N/A") -> Q3-2017 | N59: 73 | O59: Serous carcinoma of endometrium | P59: Y | Q59: 1a | R59: 0 | S59: 0 | T59: 0 | U59: IA | V59: 3 | W59: T1AN0M0 | X59: IA
A60: N | B60: LH17-53882 | C60: A19 | D60: =IFERROR("Q" &INT((MONTH('Follow up (ship 1)'!F63)+2)/3) & "-" & YEAR('Follow up (ship 1)'!F63),"N/A") -> Q4-2017 | E60: N/A | F60: N/A | G60: N/A | H60: =IFERROR("Q" &INT((MONTH('Follow up (ship 1)'!J63)+2)/3) & "-" & YEAR('Follow up (ship 1)'!J63),"N/A") -> N/A | I60: Total laparoscopic hysterectomy | J60: Endometrium | K60: N/A | L60: F | M60: =IFERROR("Q" &INT((MONTH('Follow up (ship 1)'!P63)+2)/3) & "-" & YEAR('Follow up (ship 1)'!P63),"N/A") -> Q3-2017 | N60: 67 | O60: Carcinosarcoma with heterologous elements | P60: Y | Q60: 2 | R60: 0 | S60: 0 | T60: 0 | U60: II | V60: NR | W60: T2N0M0 | X60: II
A61: N | B61: LH17-54999 | C61: A6, A8 | D61: =IFERROR("Q" &INT((MONTH('Follow up (ship 1)'!F64)+2)/3) & "-" & YEAR('Follow up (ship 1)'!F64),"N/A") -> Q4-2017 | E61: N/A | F61: N/A | G61: N/A | H61: =IFERROR("Q" &INT((MONTH('Follow up (ship 1)'!J64)+2)/3) & "-" & YEAR('Follow up (ship 1)'!J64),"N/A") -> N/A | I61: Total laparoscopic hysterectomy | J61: Endometrium | K61: N/A | L61: F | M61: =IFERROR("Q" &INT((MONTH('Follow up (ship 1)'!P64)+2)/3) & "-" & YEAR('Follow up (ship 1)'!P64),"N/A") -> Q4-2017 | N61: 79 | O61: Endometrioid carcinoma | P61: Y | Q61: 1a | R61: 0 | S61: 0 | T61: 0 | U61: IA | V61: 2 | W61: T1AN0M0 | X61: IA
A62: N | B62: LH17-55555 | C62: A19, A15 | D62: =IFERROR("Q" &INT((MONTH('Follow up (ship 1)'!F65)+2)/3) & "-" & YEAR('Follow up (ship 1)'!F65),"N/A") -> Q4-2017 | E62: LH17-55555 | F62: C5 | G62: Pelvic node | H62: =IFERROR("Q" &INT((MONTH('Follow up (ship 1)'!J65)+2)/3) & "-" & YEAR('Follow up (ship 1)'!J65),"N/A") -> Q4-2017 | I62: Total abdominal hysterectomy | J62: Endometrium | K62: N/A | L62: F | M62: =IFERROR("Q" &INT((MONTH('Follow up (ship 1)'!P65)+2)/3) & "-" & YEAR('Follow up (ship 1)'!P65),"N/A") -> Q4-2017 | N62: 74 | O62: Carcinosarcoma with heterologous elements | P62: Y | Q62: 3b | R62: 0 | S62: 0 | T62: 0 | U62: IIIB | V62: NR | W62: T3BN0M0 | X62: IIIB
A63: N | B63: LH18-00479 | C63: A3, A5 | D63: =IFERROR("Q" &INT((MONTH('Follow up (ship 1)'!F66)+2)/3) & "-" & YEAR('Follow up (ship 1)'!F66),"N/A") -> Q1-2018 | E63: N/A | F63: N/A | G63: N/A | H63: =IFERROR("Q" &INT((MONTH('Follow up (ship 1)'!J66)+2)/3) & "-" & YEAR('Follow up (ship 1)'!J66),"N/A") -> N/A | I63: Total laparoscopic hysterectomy | J63: Endometrium | K63: N/A | L63: F | M63: =IFERROR("Q" &INT((MONTH('Follow up (ship 1)'!P66)+2)/3) & "-" & YEAR('Follow up (ship 1)'!P66),"N/A") -> Q4-2017 | N63: 66 | O63: Serous adenocarcinoma of the endometrium | P63: Y | Q63: 3 | R63: 2 | S63: 0 | T63: 0 | U63: IIIC2 | V63: 3 | W63: T3CN2M0 | X63: IIIC2
A64: N | B64: LH18-1619 | C64: A3 | D64: =IFERROR("Q" &INT((MONTH('Follow up (ship 1)'!F67)+2)/3) & "-" & YEAR('Follow up (ship 1)'!F67),"N/A") -> Q1-2018 | E64: LH18-1619 | F64: C2 | G64: Lymph node | H64: =IFERROR("Q" &INT((MONTH('Follow up (ship 1)'!J67)+2)/3) & "-" & YEAR('Follow up (ship 1)'!J67),"N/A") -> Q1-2018 | I64: Total abdominal hysterectomy | J64: Endometrium | K64: N/A | L64: F | M64: =IFERROR("Q" &INT((MONTH('Follow up (ship 1)'!P67)+2)/3) & "-" & YEAR('Follow up (ship 1)'!P67),"N/A") -> Q4-2017 | N64: 83 | O64: Endometrioid carcinoma | P64: Y | Q64: 1b | R64: 0 | S64: 0 | T64: 0 | U64: IB | V64: 3 | W64: T1BN0M0 | X64: IB
A65: N | B65: LH18-3854 | C65: A4 | D65: =IFERROR("Q" &INT((MONTH('Follow up (ship 1)'!F68)+2)/3) & "-" & YEAR('Follow up (ship 1)'!F68),"N/A") -> Q1-2018 | E65: N/A | F65: N/A | G65: N/A | H65: =IFERROR("Q" &INT((MONTH('Follow up (ship 1)'!J68)+2)/3) & "-" & YEAR('Follow up (ship 1)'!J68),"N/A") -> N/A | I65: Total laparoscopic hysterectomy | J65: Endometrium | K65: N/A | L65: F | M65: =IFERROR("Q" &INT((MONTH('Follow up (ship 1)'!P68)+2)/3) & "-" & YEAR('Follow up (ship 1)'!P68),"N/A") -> Q4-2017 | N65: 68 | O65: Serous carcinoma of endometrium | P65: Y | Q65: NR | R65: 0 | S65: 1 (Omentum) | T65: 0 | U65: IVB | V65: 2 | W65: N/A | X65: IVB
A66: N | B66: LH18-4036 | C66: A12, A16 | D66: =IFERROR("Q" &INT((MONTH('Follow up (ship 1)'!F69)+2)/3) & "-" & YEAR('Follow up (ship 1)'!F69),"N/A") -> Q1-2018 | E66: LH18-4036 | F66: D5 | G66: Pelvic node | H66: =IFERROR("Q" &INT((MONTH('Follow up (ship 1)'!J69)+2)/3) & "-" & YEAR('Follow up (ship 1)'!J69),"N/A") -> Q1-2018 | I66: Total abdominal hysterectomy | J66: Endometrium | K66: N/A | L66: F | M66: =IFERROR("Q" &INT((MONTH('Follow up (ship 1)'!P69)+2)/3) & "-" & YEAR('Follow up (ship 1)'!P69),"N/A") -> Q4-2017 | N66: 69 | O66: Carcinosarcoma of homologous type | P66: Y | Q66: 1b | R66: 0 | S66: 0 | T66: 0 | U66: IB | V66: 3 | W66: T1BN0M0 | X66: IB
A67: N | B67: LH18-5598 | C67: A10, A12 | D67: =IFERROR("Q" &INT((MONTH('Follow up (ship 1)'!F70)+2)/3) & "-" & YEAR('Follow up (ship 1)'!F70),"N/A") -> Q1-2018 | E67: LH18-5598 | F67: C1 | G67: Pelvic node | H67: =IFERROR("Q" &INT((MONTH('Follow up (ship 1)'!J70)+2)/3) & "-" & YEAR('Follow up (ship 1)'!J70),"N/A") -> Q1-2018 | I67: Total abdominal hysterectomy | J67: Endometrium | K67: N/A | L67: F | M67: =IFERROR("Q" &INT((MONTH('Follow up (ship 1)'!P70)+2)/3) & "-" & YEAR('Follow up (ship 1)'!P70),"N/A") -> Q4-2017 | N67: 62 | O67: Serous carcinoma of endometrium | P67: Y | Q67: 1a | R67: 0 | S67: 0 | T67: 0 | U67: IA | V67: 3 | W67: T1AN0M0 | X67: IA
A68: N | B68: LH18-7101 | C68: A1, A3 | D68: =IFERROR("Q" &INT((MONTH('Follow up (ship 1)'!F71)+2)/3) & "-" & YEAR('Follow up (ship 1)'!F71),"N/A") -> Q1-2018 | E68: N/A | F68: N/A | G68: N/A | H68: =IFERROR("Q" &INT((MONTH('Follow up (ship 1)'!J71)+2)/3) & "-" & YEAR('Follow up (ship 1)'!J71),"N/A") -> N/A | I68: Total abdominal hysterectomy | J68: Endometrium | K68: N/A | L68: F | M68: =IFERROR("Q" &INT((MONTH('Follow up (ship 1)'!P71)+2)/3) & "-" & YEAR('Follow up (ship 1)'!P71),"N/A") -> Q1-2018 | N68: 54 | O68: Endometrioid carcinoma featuring moderately pleomorphic neoplastic cells | P68: Y | Q68: NR | R68: NR | S68: NR | T68: 1 (Hepatic, omentum, peritoneum) | U68: IVB | V68: 2 | W68: N/A | X68: IVB
A69: N | B69: LH18-8529 | C69: A10, A12 | D69: =IFERROR("Q" &INT((MONTH('Follow up (ship 1)'!F72)+2)/3) & "-" & YEAR('Follow up (ship 1)'!F72),"N/A") -> Q1-2018 | E69: N/A | F69: N/A | G69: N/A | H69: =IFERROR("Q" &INT((MONTH('Follow up (ship 1)'!J72)+2)/3) & "-" & YEAR('Follow up (ship 1)'!J72),"N/A") -> N/A | I69: Total laparoscopic hysterectomy | J69: Endometrium | K69: N/A | L69: F | M69: =IFERROR("Q" &INT((MONTH('Follow up (ship 1)'!P72)+2)/3) & "-" & YEAR('Follow up (ship 1)'!P72),"N/A") -> Q4-2017 | N69: 61 | O69: Endometrioid adenocarcinoma | P69: Y | Q69: 1b | R69: 0 | S69: 0 | T69: 0 | U69: IB | V69: 1 | W69: T1BN0M0 | X69: IB
A70: N | B70: LH18-8833 | C70: A17 | D70: =IFERROR("Q" &INT((MONTH('Follow up (ship 1)'!F73)+2)/3) & "-" & YEAR('Follow up (ship 1)'!F73),"N/A") -> Q1-2018 | E70: N/A | F70: N/A | G70: N/A | H70: =IFERROR("Q" &INT((MONTH('Follow up (ship 1)'!J73)+2)/3) & "-" & YEAR('Follow up (ship 1)'!J73),"N/A") -> N/A | I70: Total abdominal hysterectomy | J70: Endometrium | K70: N/A | L70: F | M70: =IFERROR("Q" &INT((MONTH('Follow up (ship 1)'!P73)+2)/3) & "-" & YEAR('Follow up (ship 1)'!P73),"N/A") -> Q1-2018 | N70: 73 | O70: Endometrioid adenocarcinoma | P70: Y | Q70: 1b | R70: 0 | S70: 0 | T70: 0 | U70: IB | V70: 3 | W70: T1BN0M0 | X70: IB
A71: N | B71: LH18-9117 | C71: A13, A22 | D71: =IFERROR("Q" &INT((MONTH('Follow up (ship 1)'!F74)+2)/3) & "-" & YEAR('Follow up (ship 1)'!F74),"N/A") -> Q1-2018 | E71: N/A | F71: N/A | G71: N/A | H71: =IFERROR("Q" &INT((MONTH('Follow up (ship 1)'!J74)+2)/3) & "-" & YEAR('Follow up (ship 1)'!J74),"N/A") -> N/A | I71: Total abdominal hysterectomy | J71: Endometrium | K71: N/A | L71: F | M71: =IFERROR("Q" &INT((MONTH('Follow up (ship 1)'!P74)+2)/3) & "-" & YEAR('Follow up (ship 1)'!P74),"N/A") -> Q1-2018 | N71: 69 | O71: Carcinosarcoma with heterologus elements | P71: Y | Q71: 3 | R71: 2 | S71: 0 | T71: 0 | U71: IIIC2 | V71: 2 | W71: T3CN2M0 | X71: IIIC2
A72: N | B72: LH18-9944 | C72: A12, A7 | D72: =IFERROR("Q" &INT((MONTH('Follow up (ship 1)'!F75)+2)/3) & "-" & YEAR('Follow up (ship 1)'!F75),"N/A") -> Q1-2018 | E72: N/A | F72: N/A | G72: N/A | H72: =IFERROR("Q" &INT((MONTH('Follow up (ship 1)'!J75)+2)/3) & "-" & YEAR('Follow up (ship 1)'!J75),"N/A") -> N/A | I72: Total abdominal hysterectomy | J72: Endometrium | K72: N/A | L72: F | M72: =IFERROR("Q" &INT((MONTH('Follow up (ship 1)'!P75)+2)/3) & "-" & YEAR('Follow up (ship 1)'!P75),"N/A") -> Q1-2018 | N72: 63 | O72: Endometrioid adenocarcinoma | P72: Y | Q72: 1b | R72: 0 | S72: 0 | T72: 0 | U72: IB | V72: 1 | W72: T1BN0M0 | X72: IB
A73: N | B73: LH18-11381 | C73: A10, A11 | D73: =IFERROR("Q" &INT((MONTH('Follow up (ship 1)'!F76)+2)/3) & "-" & YEAR('Follow up (ship 1)'!F76),"N/A") -> Q1-2018 | E73: N/A | F73: N/A | G73: N/A | H73: =IFERROR("Q" &INT((MONTH('Follow up (ship 1)'!J76)+2)/3) & "-" & YEAR('Follow up (ship 1)'!J76),"N/A") -> N/A | I73: Total abdominal hysterectomy | J73: Endometrium | K73: N/A | L73: F | M73: =IFERROR("Q" &INT((MONTH('Follow up (ship 1)'!P76)+2)/3) & "-" & YEAR('Follow up (ship 1)'!P76),"N/A") -> Q1-2018 | N73: 62 | O73: Endometrioid adenocarcinoma | P73: Y | Q73: 1b | R73: 0 | S73: 0 | T73: 0 | U73: IB | V73: 2 | W73: T1BN0M0 | X73: IB
A74: N | B74: LH18-11648 | C74: A14, A12 | D74: =IFERROR("Q" &INT((MONTH('Follow up (ship 1)'!F77)+2)/3) & "-" & YEAR('Follow up (ship 1)'!F77),"N/A") -> Q1-2018 | E74: N/A | F74: N/A | G74: N/A | H74: =IFERROR("Q" &INT((MONTH('Follow up (ship 1)'!J77)+2)/3) & "-" & YEAR('Follow up (ship 1)'!J77),"N/A") -> N/A | I74: Total laparoscopic hysterectomy + bilateral salpingo oophorectomy | J74: Endometrium | K74: N/A | L74: F | M74: =IFERROR("Q" &INT((MONTH('Follow up (ship 1)'!P77)+2)/3) & "-" & YEAR('Follow up (ship 1)'!P77),"N/A") -> Q1-2018 | N74: 49 | O74: Endometrioid carcinoma | P74: Y | Q74: 1a | R74: 0 | S74: 0 | T74: 0 | U74: IA | V74: 1 | W74: T1AN0M0 | X74: IA
A75: N/A | B75: N/A | C75: N/A | D75: =IFERROR("Q" &INT((MONTH('Follow up (ship 1)'!F78)+2)/3) & "-" & YEAR('Follow up (ship 1)'!F78),"N/A") -> N/A | E75: LH18-12664 | F75: D12 | G75: Pelvic node | H75: =IFERROR("Q" &INT((MONTH('Follow up (ship 1)'!J78)+2)/3) & "-" & YEAR('Follow up (ship 1)'!J78),"N/A") -> Q1-2018 | I75: N/A | J75: N/A | K75: N/A | L75: N/A | M75: =IFERROR("Q" &INT((MONTH('Follow up (ship 1)'!P78)+2)/3) & "-" & YEAR('Follow up (ship 1)'!P78),"N/A") -> Q1-2018 | N75: 83 | O75: N/A | P75: N/A | Q75: N/A | R75: N/A | S75: N/A | T75: N/A | U75: N/A | V75: N/A | W75: N/A | X75: N/A
A76: N | B76: LH18-13058 | C76: A15 | D76: =IFERROR("Q" &INT((MONTH('Follow up (ship 1)'!F79)+2)/3) & "-" & YEAR('Follow up (ship 1)'!F79),"N/A") -> Q1-2018 | E76: LH18-13058 | F76: C5 | G76: Pelvic node | H76: =IFERROR("Q" &INT((MONTH('Follow up (ship 1)'!J79)+2)/3) & "-" & YEAR('Follow up (ship 1)'!J79),"N/A") -> Q1-2018 | I76: Total laparoscopic hysterectomy | J76: Endometrium | K76: N/A | L76: F | M76: =IFERROR("Q" &INT((MONTH('Follow up (ship 1)'!P79)+2)/3) & "-" & YEAR('Follow up (ship 1)'!P79),"N/A") -> Q1-2018 | N76: 73 | O76: Endometrioid carcinoma | P76: Y | Q76: 1b | R76: 0 | S76: 0 | T76: 0 | U76: IB | V76: 3 | W76: T1BN0M0 | X76: IB
A77: N | B77: LH18-13350 | C77: A16, A17 | D77: =IFERROR("Q" &INT((MONTH('Follow up (ship 1)'!F80)+2)/3) & "-" & YEAR('Follow up (ship 1)'!F80),"N/A") -> Q1-2018 | E77: N/A | F77: N/A | G77: N/A | H77: =IFERROR("Q" &INT((MONTH('Follow up (ship 1)'!J80)+2)/3) & "-" & YEAR('Follow up (ship 1)'!J80),"N/A") -> N/A | I77: Total laparoscopic hysterectomy | J77: Endometrium | K77: N/A | L77: F | M77: =IFERROR("Q" &INT((MONTH('Follow up (ship 1)'!P80)+2)/3) & "-" & YEAR('Follow up (ship 1)'!P80),"N/A") -> Q1-2018 | N77: 56 | O77: Endometrioid carcinoma | P77: Y | Q77: 3 | R77: 2 | S77: 0 | T77: 0 | U77: IIIC2 | V77: 3 | W77: T3CN2M0 | X77: IIIC2
A78: N | B78: LH18-13744 | C78: A10 | D78: =IFERROR("Q" &INT((MONTH('Follow up (ship 1)'!F81)+2)/3) & "-" & YEAR('Follow up (ship 1)'!F81),"N/A") -> Q1-2018 | E78: N/A | F78: N/A | G78: N/A | H78: =IFERROR("Q" &INT((MONTH('Follow up (ship 1)'!J81)+2)/3) & "-" & YEAR('Follow up (ship 1)'!J81),"N/A") -> N/A | I78: Total laparoscopic hysterectomy | J78: Endometrium | K78: N/A | L78: F | M78: =IFERROR("Q" &INT((MONTH('Follow up (ship 1)'!P81)+2)/3) & "-" & YEAR('Follow up (ship 1)'!P81),"N/A") -> Q1-2018 | N78: 65 | O78: Endometrioid carcinoma | P78: Y | Q78: 1a | R78: 0 | S78: 0 | T78: 0 | U78: IA | V78: 1 | W78: T1AN0M0 | X78: IA
A79: N | B79: LH18-14629 | C79: A20, A16 | D79: =IFERROR("Q" &INT((MONTH('Follow up (ship 1)'!F82)+2)/3) & "-" & YEAR('Follow up (ship 1)'!F82),"N/A") -> Q2-2018 | E79: LH18-14629 | F79: C4 | G79: Node | H79: =IFERROR("Q" &INT((MONTH('Follow up (ship 1)'!J82)+2)/3) & "-" & YEAR('Follow up (ship 1)'!J82),"N/A") -> Q2-2018 | I79: Total laparoscopic hysterectomy | J79: Endometrium | K79: N/A | L79: F | M79: =IFERROR("Q" &INT((MONTH('Follow up (ship 1)'!P82)+2)/3) & "-" & YEAR('Follow up (ship 1)'!P82),"N/A") -> Q1-2018 | N79: 61 | O79: Endometrioid carcinoma | P79: Y | Q79: 1a | R79: 0 | S79: 0 | T79: 0 | U79: IA | V79: 3 | W79: T1AN0M0 | X79: IA

Sheet Follow up (ship 2)
A1: NHS | B1: Any Immunotherapy | C1: Specimen is a recurrence (Y/N) | D1: Specimen IO naive (Y/N) | E1: Selected specimen Anonymised ID | F1: Specimen Block number | G1: Specimen Surgery Date (DD/MM/YYYY) | H1: Specimen surgery | I1: Specimen tumour site | J1: Primary tumour site | K1: Gender | L1: DOB (DD/MM/YYYY) | M1: Date of DX (DD/MM/YYYY) | N1: Age at Diagnosis (years) | O1: Specimen Histological Diagnosis | P1: Resection margins clear (Y/N) | Q1: FIGO Grade | R1: Stage at DX (FIGO) | S1: Neoadjuvant therapy (Y/N) | T1: Response to neoadjuvant therapy (TRS score) | U1: Neoadjuvant radioTx | V1: Start Date | W1: End Date | X1: Tumour response | Y1: Neoadjuvant chemo Tx1 | Z1: Start Date2 | AA1: End Date3 | AB1: Tumour response4 | AC1: Neoadjuvant chemo Tx2 | AD1: Start Date5 | AE1: End Date6 | AF1: Tumour response7 | AG1: Neoadjuvant chemoTx 3 | AH1: Start Date8 | AI1: End Date9 | AJ1: Tumour response10 | AK1: Neoadjuvant Immunotherapy Tx 1 | AL1: Start Date11 | AM1: End Date12 | AN1: Tumour response13 | AO1: Neoadjuvant Immunotherapy Tx 2 | AP1: Start Date14 | AQ1: End Date15 | AR1: Tumour response16 | AS1: Adjuvant radio Tx 1 | AT1: Start Date | AU1: End Date17 | AV1: Adjuvant ChemoTx 1 | AW1: Start Date18 | AX1: End Date19 | AY1: Tumour response20 | AZ1: Adjuvant ChemoTx 2 | BA1: Start Date21 | BB1: End Date22 | BC1: Tumour response | BD1: Adjuvant ChemoTx 3 | BE1: Start Date23 | BF1: End Date24 | BG1: Tumour response25 | BH1: Adjuvant Imunnotherapy Tx1 | BI1: Start Date26 | BJ1: End Date27 | BK1: Tumour response 28 | BL1: Date relapse/ progression 1 | BM1: Sites relapse/ progression 1 | BN1: Date relapse/ progression 2 | BO1: Sites relapse/ progression 2 | BP1: Date relapse/ progression 3 | BQ1: Sites relapse/ progression 3 | BR1: Date relapse/ progression 4 | BS1: Sites relapse/ progression 4 | BT1: Date relapse/ progression 5 | BU1: Sites relapse/ progression 5 | BV1: Date relapse/ progression 6 | BW1: Sites relapse/ progression 6 | BX1: Date relapse/ progression 7 | BY1: Sites relapse/ progression 7 | BZ1: Date relapse/ progression 8 | CA1: Sites relapse/ progression 8 | CB1: Date relapse/ progression 9 | CC1: Sites relapse/ progression 9 | CD1: Metastatic/ recurrent Tx 1 | CE1: Start Date29 | CF1: Finish Date | CG1: Tumour response30 | CH1: Metastatic/ recurrent Tx 2 | CI1: Start Date31 | CJ1: Finish Date32 | CK1: Tumour response33 | CL1: Metastatic/ recurrent Tx 3 | CM1: Start Date34 | CN1: Finish Date35 | CO1: Tumour response36 | CP1: Current Status | CQ1: Death date | CR1: Death due to tumour/ assumed tumour related? (Y/N) | CS1: Cause of death | CT1: Date last follow-up | CU1: Date Last Seen | CV1: Concurrent Medical Conditions | CW1: Rx1 start | CX1: Rx1 end | CY1: Chemo Tx1 start | CZ1: Chemo Tx1 end | DA1: Chemo Tx2 start | DB1: Chemo Tx2 end | DC1: Chemo Tx3 start | DD1: Chemo Tx3 end | DE1: Immunotherapy Tx1 start | DF1: Immunotherapy Tx1 end | DG1: Immunotherapy Tx2 start | DH1: Immunotherapy Tx2 end | DI1: Specimen surgery37 | DJ1: Matched met 1 surgery | DK1: Matched met 2 surgery | DL1: Normal tissue surgery | DM1: Adjuvant Rx1 start | DN1: Adjuvant Rx1 end | DO1: Adjuvant Chemo Tx1 start | DP1: Adjuvant Chemo Tx1 end | DQ1: Adjuvant Chemo Tx2 start | DR1: Adjuvant Chemo Tx2 end | DS1: Adjuvant Chemo Tx3 start | DT1: Adjuvant Chemo Tx3 end | DU1: Immunotherapy Tx1 start38 | DV1: Immunotherapy Tx1 end 39 | DW1: Relapse/ progression 1 | DX1: Relapse/ progression 2 | DY1: Relapse/ progression 3 | DZ1: Relapse/ progression 4 | EA1: Relapse/ progression 5 | EB1: Relapse/ progression 6 | EC1: Relapse/ progression 7 | ED1: Relapse/ progression 8 | EE1: Relapse/ progression 9 | EF1: Metastatic Tx1 start | EG1: Metastatic Tx1 end | EH1: Metastatic Tx2 start | EI1: Metastatic Tx2 end | EJ1: Metastatic Tx3 start | EK1: Metastatic Tx3 end | EL1: Recurrence (PFS) | EM1: Death (OS and PFS) | EN1: Date last follow-up (PFS) | EO1: Date last seen (OS) | EP1: Overall survival (OS) in months | EQ1: Progression free survival (PFS) in months | ER1: Event (recurrence/progression) | ES1: Event (cancer death) | ET1: Event (death; all causes) | EU1: Event (recurrence or cancer death) | EV1: Comments from clinical team
A2: 4329209322 | B2: N | C2: N | D2: Y | E2: LH18-15364 | F2: A7,A6 | G2: 43201 | H2: Total Abdominal Hysterectomy; Bilateral Salpingo-oophorectomy; Bilateral Pelvic Lymphadenectomy; Infracolic Omental Biopsy; Peritoneal Washings. | I2: Endometrium | J2: N/A | K2: F | L2: 13592 | M2: 43172 | N2: =DATEDIF(L2, M2,"Y") -> 80 | O2: Endometrioid adenocarcinoma, NOS | P2: Y | Q2: 3 | R2: 1A
A3: 4860738853 | B3: N | C3: N | D3: Y | E3: LH18-15484 | F3: A14,A15, | G3: 43201 | H3: Total abdominal hysterectomy nec | I3: Endometrium | J3: N/A | K3: F | L3: 23226 | M3: 43194 | N3: =DATEDIF(L3, M3,"Y") -> 54 | O3: Endometrioid adenocarcinoma, NOS | P3: Y | Q3: 3 | R3: 2
A4: 4383572731 | B4: N | C4: N | D4: Y | E4: LH18-15845 | F4: A9(L),A11 | G4: 43203 | H4: Total laparoscopic hysterectomy | I4: Endometrium | J4: N/A | K4: F | L4: 14889 | M4: 43145 | N4: =DATEDIF(L4, M4,"Y") -> 77 | O4: Endometrioid adenocarcinoma, NOS | P4: Y | Q4: 2 | R4: 2
A5: 4303155993 | B5: N | C5: N | D5: Y | E5: LH18-16236 | F5: A5,A2 | G5: 43206 | H5: Total laparoscopic hysterectomy | I5: Endometrium | J5: N/A | K5: F | L5: 15806 | M5: 43076 | N5: =DATEDIF(L5, M5,"Y") -> 74 | O5: Endometrioid carcinoma, focal squamous differentiation | P5: Y | Q5: 1 | R5: 1a
A6: 4861956706 | B6: N | C6: N | D6: Y | E6: LH18-17511 | F6: A8,A3 | G6: 43214 | H6: Total laparoscopic hysterectomy | I6: Endometrium | J6: N/A | K6: F | L6: 22762 | M6: 43174 | N6: =DATEDIF(L6, M6,"Y") -> 55 | O6: Endometrioid carcinoma, squamous differentiation | P6: Y | Q6: 1 | R6: 2
A7: 4848783208 | B7: N | C7: N | D7: Y | E7: LH18-20193 | F7: A7, A8 | G7: 43230 | H7: Total laparoscopic hysterectomy | I7: Endometrium | J7: N/A | K7: F | L7: 21767 | M7: 43201 | N7: =DATEDIF(L7, M7,"Y") -> 58 | O7: Endometrioid adenocarcinoma, NOS | P7: Y | Q7: 1 | R7: 1b
A8: 4482209414 | B8: N | C8: N | D8: Y | E8: LH18-20274 | F8: A13, A14 | G8: 43231 | H8: Total laparoscopic hysterectomy | I8: Endometrium | J8: N/A | K8: F | L8: 18581 | M8: 43186 | N8: =DATEDIF(L8, M8,"Y") -> 67 | O8: Endometrioid adenocarcinoma, NOS | P8: Y | Q8: 3 | R8: 2
A9: 4849472818 | B9: N | C9: N | D9: Y | E9: LH18-20302 | F9: A10, A8 | G9: 43231 | H9: Total abdominal hysterectomy | I9: Endometrium | J9: N/A | K9: F | L9: 23252 | M9: 43195 | N9: =DATEDIF(L9, M9,"Y") -> 54 | O9: Endometrioid adenocarcinoma with mucinous and secretory differentiation | P9: Y | Q9: 1 | R9: 3a
A10: 4423755157 | B10: N | C10: N | D10: Y | E10: LH18-21046 | F10: A9, A6(L) | G10: 43236 | H10: Total abdominal hysterectomy nec | I10: Endometrium | J10: N/A | K10: F | L10: 16964 | M10: 43208 | N10: =DATEDIF(L10, M10,"Y") -> 71 | O10: Carcinosarcoma with heterologous elements; Squamous and Rhabdomyosarcomatous differentiation | P10: Y | Q10: 3 | R10: 1a
A11: 4606237317 | B11: N | C11: N | D11: Y | E11: LH18-22036 | F11: A6, A7 | G11: 43242 | H11: Total abdominal hysterectomy nec | I11: Endometrium | J11: N/A | K11: F | L11: 19419 | M11: 43215 | N11: =DATEDIF(L11, M11,"Y") -> 65 | O11: Mixed carcinoma: clear cell and endometrioid | P11: Y | Q11: 3 | R11: 4b
A12: 6311634686 | B12: N | C12: N | D12: Y | E12: LH18-22454 | F12: A4, A5 | G12: 43244 | H12: Total laparoscopic hysterectomy | I12: Endometrium | J12: N/A | K12: F | L12: 19906 | M12: 43193 | N12: =DATEDIF(L12, M12,"Y") -> 63 | O12: Endometrioid adenocarcinoma, NOS | P12: Y | Q12: 2 | R12: 1b
A13: 4381431065 | B13: N | C13: N | D13: Y | E13: LH18-22773 | F13: A6, A5 | G13: 43245 | H13: Total abdominal hysterectomy nec | I13: Endometrium | J13: N/A | K13: F | L13: 16307 | M13: 43216 | N13: =DATEDIF(L13, M13,"Y") -> 73 | O13: Serous carcinoma | P13: N | Q13: 3 | R13: 3c2
A14: 4861939941 | B14: N | C14: N | D14: Y | E14: LH18-22989 | F14: A8, A11 | G14: 43239 | H14: Total laparoscopic hysterectomy | I14: Endometrium | J14: N/A | K14: F | L14: 22540 | M14: 43210 | N14: =DATEDIF(L14, M14,"Y") -> 56 | O14: Endometrioid carcinoma, with areas of mucinous differentiation | P14: Y | Q14: 2 | R14: 1a
A15: 4506116437 | B15: N | C15: N | D15: Y | E15: LH18-24968 | F15: A2, A4 | G15: 43262 | H15: Total laparoscopic hysterectomy | I15: Endometrium | J15: N/A | K15: F | L15: 21088 | M15: 43222 | N15: =DATEDIF(L15, M15,"Y") -> 60 | O15: Endometrioid adenocarcinoma, NOS | P15: Y | Q15: 1 | R15: 1a
A16: 4860488067 | B16: N | C16: N | D16: Y | E16: LH18-27779 | F16: A6, A8 | G16: 43279 | H16: Total abdominal hysterectomy nec | I16: Endometrium | J16: N/A | K16: F | L16: 21849 | M16: 43238 | N16: =DATEDIF(L16, M16,"Y") -> 58 | O16: Carcinosarcoma with heterologous elements; Rhabdomyosarcomatous differentiation prominent | P16: Y | Q16: 3 | R16: 1b
A17: 4182116585 | B17: N | C17: N | D17: Y | E17: LH18-29168 | F17: A18 | G17: 43290 | H17: Total abdominal hysterectomy nec | I17: Endometrium | J17: N/A | K17: F | L17: 15477 | M17: 43263 | N17: =DATEDIF(L17, M17,"Y") -> 76 | O17: Mixed high grade serous and clear cell carcinoma | P17: Y | Q17: 3 | R17: 1a
A18: 4124725671 | B18: N | C18: N | D18: Y | E18: LH18-30200 | F18: A11, A7 | G18: 43280 | H18: Total laparoscopic hysterectomy | I18: Endometrium | J18: N/A | K18: F | L18: 30158 | M18: 43216 | N18: =DATEDIF(L18, M18,"Y") -> 35 | O18: Endometrioid adenocarcinoma, NOS | P18: Y | Q18: 1 | R18: 1a
A19: 4309331165 | B19: N | C19: N | D19: Y | E19: LH18-30464 | F19: A5, A7 | G19: 43294 | H19: Total laparoscopic hysterectomy | I19: Endometrium | J19: N/A | K19: F | L19: 16258 | M19: 43249 | N19: =DATEDIF(L19, M19,"Y") -> 73 | O19: Endometrioid carcinoma, focal squamous differentiation | P19: Y | Q19: 1 | R19: 1a
A20: 4925076019 | B20: N | C20: N | D20: Y | E20: LH18-30878 | F20: A6, A5 | G20: 43298 | H20: Total abdominal hysterectomy nec | I20: Endometrium | J20: N/A | K20: F | L20: 17598 | M20: 43245 | N20: =DATEDIF(L20, M20,"Y") -> 70 | O20: Carcinosarcoma, with serous component | P20: N | Q20: 3 | R20: 3c1
... A22: 4860016092 | B22: N | C22: N | D22: Y | E22: LH18-33462 | F22: A5,A3 | G22: 43314 | H22: Total laparoscopic hysterectomy | I22: Endometrium | J22: N/A | K22: F | L22: 23465 | M22: 43271 | N22: =DATEDIF(L22, M22,"Y") -> 54 | O22: Endometrioid adenocarcinoma, NOS | P22: Y | Q22: 2 | R22: 1a
A23: 4360801661 | B23: N | C23: N | D23: Y | E23: LH18-33662 | F23: A13(L),A12(L) | G23: 43315 | H23: Total abdominal hysterectomy | I23: Endometrium | J23: N/A | K23: F | L23: 12519 | M23: 43299 | N23: =DATEDIF(L23, M23,"Y") -> 84 | O23: Carcinosarcoma with chondroid differentiation | P23: Y | Q23: 3 | R23: 2
A24: 4381277902 | B24: N | C24: N | D24: Y | E24: LH18-33989 | F24: A10, A7 | G24: 43318 | H24: Total laparoscopic hysterectomy | I24: Endometrium | J24: N/A | K24: F | L24: 17399 | M24: 43290 | N24: =DATEDIF(L24, M24,"Y") -> 70 | O24: Endometrioid adenocarcinoma, NOS | P24: Y | Q24: 3 | R24: 1b
A25: 4360742053 | B25: N | C25: N | D25: Y | E25: LH18-34484 | F25: A14, A13 | G25: 43320 | H25: Total laparoscopic hysterectomy | I25: Endometrium | J25: N/A | K25: F | L25: 14441 | M25: 43251 | N25: =DATEDIF(L25, M25,"Y") -> 78 | O25: Mixed carcinoma: clear cell and endometrioid | P25: Y | Q25: 3 | R25: 1a
A26: 4382000521 | B26: N | C26: N | D26: Y | E26: LH18-36225 | F26: A6, A8 | G26: 43332 | H26: Total laparoscopic hysterectomy | I26: Endometrium | J26: N/A | K26: F | L26: 14734 | M26: 43308 | N26: =DATEDIF(L26, M26,"Y") -> 78 | O26: Endometrioid adenocarcinoma, NOS | P26: Y | Q26: 1 | R26: 1b
A27: 6286641513 | B27: N | C27: N | D27: Y | E27: LH18-36980 | F27: A16, A20 | G27: 43335 | H27: Total abdominal hysterectomy nec | I27: Endometrium | J27: N/A | K27: F | L27: 20125 | M27: 43300 | N27: =DATEDIF(L27, M27,"Y") -> 63 | O27: High grade serous carcinoma with clear cell change | P27: N | Q27: 3 | R27: 3a
A28: 4343725359 | B28: N | C28: N | D28: Y | E28: LH18-37202 | F28: A12, A21 | G28: 43336 | H28: Total laparoscopic hysterectomy | I28: Endometrium | J28: N/A | K28: F | L28: 12733 | M28: 43297 | N28: =DATEDIF(L28, M28,"Y") -> 83 | O28: Endometrioid adenocarcinoma, NOS | P28: Y | Q28: 2 | R28: 1b
A29: 6180835616 | B29: N | C29: N | D29: Y | E29: LH18-37342 | F29: A6, A9 | G29: 43340 | H29: Total abdominal hysterectomy nec | I29: Endometrium | J29: N/A | K29: F | L29: 14022 | M29: 43312 | N29: =DATEDIF(L29, M29,"Y") -> 80 | O29: Serous carcinoma | P29: N | Q29: 3 | R29: 4b
A30: 4725744840 | B30: N | C30: N | D30: Y | E30: LH18-37435 | F30: A7, A13 | G30: 43340 | H30: Total abdominal hysterectomy nec | I30: Endometrium | J30: N/A | K30: F | L30: 16667 | M30: 43321 | N30: =DATEDIF(L30, M30,"Y") -> 72 | O30: Serous carcinoma | P30: Y | Q30: 3 | R30: 1b
A31: 4330981475 | B31: N | C31: N | D31: Y | E31: LH18-37645 | F31: A4, A7 | G31: 43341 | H31: Total laparoscopic hysterectomy | I31: Endometrium | J31: N/A | K31: F | L31: 14190 | M31: 43301 | N31: =DATEDIF(L31, M31,"Y") -> 79 | O31: Endometrioid adenocarcinoma, NOS | P31: Y | Q31: 3 | R31: 1a
A32: 4125089388 | B32: N | C32: N | D32: Y | E32: LH18-38467 | F32: A14, A13 | G32: 43346 | H32: Total abdominal hysterectomy with hemicolectomy | I32: Endometrium | J32: N/A | K32: F | L32: 23777 | M32: 43346 | N32: =DATEDIF(L32, M32,"Y") -> 53 | O32: Carcinosarcoma with foci of heterologous differentiation | P32: N | Q32: 3 | R32: 4b
A33: 6230034816 | B33: N | C33: N | D33: Y | E33: LH18-38853 | F33: A18(L),A20 | G33: 43348 | H33: Laparotomy with total abdominal hysterectomy | I33: Endometrium | J33: N/A | K33: F | L33: 23541 | M33: 43348 | N33: =DATEDIF(L33, M33,"Y") -> 54 | O33: Endometrioid carcinoma | P33: N | Q33: 2 | R33: 3c2
A34: 4185841582 | B34: N | C34: N | D34: Y | E34: LH18-39326 | F34: A10, A9 | G34: 43350 | H34: Total laparoscopic hysterectomy | I34: Endometrium | J34: N/A | K34: F | L34: 24435 | M34: 43320 | N34: =DATEDIF(L34, M34,"Y") -> 51 | O34: Endometrioid carcinoma; areas of mucinous and secretory differentiation | P34: Y | Q34: 1 | R34: 1a
A35: 4581811864 | B35: N | C35: N | D35: Y | E35: LH18-41815 | F35: A6, A4 | G35: 43367 | H35: Total laparoscopic hysterectomy | I35: Endometrium | J35: N/A | K35: F | L35: 19250 | M35: 43360 | N35: =DATEDIF(L35, M35,"Y") -> 66 | O35: Endometrioid carcinoma, prominent squamous differentiation | P35: Y | Q35: 3 | R35: 3b
... A46: 6285093962 | B46: N | C46: N | D46: Y | E46: LH18-49606 | F46: A14,A18 | G46: 43412 | H46: Total laparoscopic hysterectomy | I46: Endometrium | J46: N/A | K46: F | L46: 15828 | M46: 43362 | N46: =DATEDIF(L46, M46,"Y") -> 75 | O46: Serous carcinoma | P46: Y | Q46: 3 | R46: 3c1
A47: 4706064317 | B47: N | C47: N | D47: Y | E47: LH18-51153 | F47: A8,A17 | G47: 43423 | H47: Total laparoscopic hysterectomy | I47: Endometrium | J47: N/A | K47: F | L47: 12699 | M47: 43388 | N47: =DATEDIF(L47, M47,"Y") -> 84 | O47: Serous carcinoma | P47: Y | Q47: 3 | R47: 2
A48: 4520871522 | B48: N | C48: N | D48: Y | E48: LH18-53700 | F48: A11,A13 | G48: 43437 | H48: Total laparoscopic hysterectomy | I48: Endometrium | J48: N/A | K48: F | L48: 18676 | M48: 43392 | N48: =DATEDIF(L48, M48,"Y") -> 67 | O48: Endometrioid carcinoma | P48: Y | Q48: 1 | R48: 1a
A49: 4520069742 | B49: N | C49: N | D49: Y | E49: LH18-54839 | F49: A12,A13 | G49: 43444 | H49: Total abdominal hysterectomy nec | I49: Endometrium | J49: N/A | K49: F | L49: 18430 | M49: 43424 | N49: =DATEDIF(L49, M49,"Y") -> 68 | O49: Serous carcinoma | P49: N | Q49: 3 | R49: 4b
A50: 6300250199 | B50: N | C50: N | D50: Y | E50: LH18-55530 | F50: A14,A21 | G50: 43447 | H50: Total laparoscopic hysterectomy | I50: Endometrium | J50: N/A | K50: F | L50: 20189 | M50: 43410 | N50: =DATEDIF(L50, M50,"Y") -> 63 | O50: Endometrioid adenocarcinoma, NOS | P50: Y | Q50: 1 | R50: 1a
A51: 4125382204 | B51: N | C51: N | D51: Y | E51: LH18-56373 | F51: A8,A18 | G51: 43452 | H51: Total laparoscopic hysterectomy | I51: Endometrium | J51: N/A | K51: F | L51: 24371 | M51: 43397 | N51: =DATEDIF(L51, M51,"Y") -> 52 | O51: Endometrioid adenocarcinoma, with several squamous morules | P51: Y | Q51: 1 | R51: 2
A52: 4581694450 | B52: N | C52: N | D52: Y | E52: LH19-00614 | F52: A4, A6 | G52: 43469 | H52: Total laparoscopic hysterectomy | I52: Endometrium | J52: N/A | K52: F | L52: 19212 | M52: 43419 | N52: =DATEDIF(L52, M52,"Y") -> 66 | O52: Endometrioid adenocarcinoma, NOS | P52: Y | Q52: 2 | R52: 1b
A53: 4122675995 | B53: N | C53: N | D53: Y | E53: LH19-01767 | F53: A11, A8 | G53: 43476 | H53: Total laparoscopic hysterectomy | I53: Endometrium | J53: N/A | K53: F | L53: 16842 | M53: 43419 | N53: =DATEDIF(L53, M53,"Y") -> 72 | O53: Endometrioid adenocarcinoma, NOS | P53: Y | Q53: 2 | R53: 1b
A54: 4343559440 | B54: N | C54: N | D54: Y | E54: LH19-02874 | F54: A9, A14 | G54: 43483 | H54: Total laparoscopic hysterectomy | I54: Endometrium | J54: N/A | K54: F | L54: 13085 | M54: 43430 | N54: =DATEDIF(L54, M54,"Y") -> 83 | O54: Endometrioid adenocarcinoma, NOS; squamous morules, areas of secretory change | P54: Y | Q54: 2 | R54: 1a
A55: 4508562973 | B55: Y (for recurrence) | C55: N | D55: Y | E55: LH19-04865 | F55: A5, A4 | G55: 43496 | H55: Total abdominal hysterectomy nec | I55: Endometrium | J55: N/A | K55: F | L55: 17656 | M55: 43412 | N55: =DATEDIF(L55, M55,"Y") -> 70 | O55: Endometrioid adenocarcinoma, NOS | P55: Y | Q55: 2 | R55: 1b
A56: 4528612941 | B56: N | C56: N | D56: Y | E56: LH19-05000 | F56: A6, A7 | G56: 43496 | H56: Total laparoscopic hysterectomy | I56: Endometrium | J56: N/A | K56: F | L56: 18023 | M56: 43453 | N56: =DATEDIF(L56, M56,"Y") -> 69 | O56: Mixed serous and endometrioid adenocarcinoma | P56: Y | Q56: 3 | R56: 1a
A57: 4520819644 | B57: N | C57: N | D57: Y | E57: LH19-06015 | F57: A14 | G57: 43503 | H57: Total abdominal hysterectomy nec | I57: Endometrium | J57: N/A | K57: F | L57: 18605 | M57: 43480 | N57: =DATEDIF(L57, M57,"Y") -> 68 | O57: Carcinosarcoma | P57: Y | Q57: 3 | R57: 4b
A58: 4121387287 | B58: N | C58: N | D58: Y | E58: LH19-08350 | F58: A12, A17 | G58: 43517 | H58: Total abdominal hysterectomy nec | I58: Endometrium | J58: N/A | K58: F | L58: 17194 | M58: 43458 | N58: =DATEDIF(L58, M58,"Y") -> 71 | O58: Endometrioid carcinoma | P58: Y | Q58: 1 | R58: 1b
A59: 4583223633 | B59: N | C59: N | D59: Y | E59: LH19-08638 | F59: A15, A13 | G59: 43521 | H59: Total laparoscopic hysterectomy | I59: Endometrium | J59: N/A | K59: F | L59: 20302 | M59: 43474 | N59: =DATEDIF(L59, M59,"Y") -> 63 | O59: Endometrioid adenocarcinoma, NOS | P59: Y | Q59: 1 | R59: 1b
A60: 6083351375 | B60: N | C60: N | D60: Y | E60: LH19-08906 | F60: A5(L),A7 | G60: 43522 | H60: Total laparoscopic hysterectomy | I60: Endometrium | J60: N/A | K60: F | L60: 27096 | M60: 43437 | N60: =DATEDIF(L60, M60,"Y") -> 44 | O60: Endometrioid carcinoma | P60: Y | Q60: 2 | R60: 1a
A61: 4380700666 | B61: N | C61: N | D61: Y | E61: LH19-09008 | F61: A7,A8 | G61: 43522 | H61: Total abdominal hysterectomy nec | I61: Endometrium | J61: N/A | K61: F | L61: 16062 | M61: 43474 | N61: =DATEDIF(L61, M61,"Y") -> 75 | O61: Carcinosarcoma | P61: Y | Q61: 3 | R61: 1b
A62: 4860641086 | B62: N | C62: N | D62: Y | E62: LH19-09077 | F62: A16,A13 | G62: 43523 | H62: Total abdominal hysterectomy nec | I62: Endometrium | J62: N/A | K62: F | L62: 22515 | M62: 43490 | N62: =DATEDIF(L62, M62,"Y") -> 57 | O62: Dedifferentiated endometrioid carcinoma: undifferentiated carcinoma and endometrioid adenocarcinoma | P62: Y | Q62: 3 | R62: 3b
A63: 4762044482 | B63: N | C63: N | D63: Y | E63: LH19-10812 | F63: A13,A12 | G63: 43532 | H63: Total abdominal hysterectomy nec | I63: Endometrium | J63: N/A | K63: F | L63: 22917 | M63: 43488 | N63: =DATEDIF(L63, M63,"Y") -> 56 | O63: Endometrioid adenocarcinoma, NOS | P63: Y | Q63: 1 | R63: 1a
... A71: 6244737083 | B71: N | C71: N | D71: Y | E71: LH19-30077 | F71: A16(L),A12 | G71: 43657 | H71: Total abdominal hysterectomy nec | I71: Endometrium | J71: N/A | K71: F | L71: 16497 | M71: 43640 | N71: =DATEDIF(L71, M71,"Y") -> 74 | O71: Carcinosarcoma | P71: Y | Q71: 3 | R71: 1a
A72: 4227414555 | B72: N | C72: N | D72: Y | E72: LH19-30362 | F72: A14, A12 | G72: 43658 | H72: Total abdominal hysterectomy nec | I72: Endometrium | J72: N/A | K72: F | L72: 17690 | M72: 43619 | N72: =DATEDIF(L72, M72,"Y") -> 70 | O72: Endometrioid adenocarcinoma | P72: Y | Q72: 1 | R72: 2
A73: 4509326874 | B73: N | C73: N | D73: Y | E73: LH19-30363 | F73: A16, A14 | G73: 43658 | H73: Total laparoscopic hysterectomy | I73: Endometrium | J73: N/A | K73: F | L73: 18357 | M73: 43619 | N73: =DATEDIF(L73, M73,"Y") -> 69 | O73: Endometrioid adenocarcinoma, NOS | P73: Y | Q73: 2 | R73: 1b
A74: 4860443551 | B74: N | C74: N | D74: Y | E74: LH19-34659 | F74: A9, A3 | G74: 43686 | H74: Total robotic hysterectomy | I74: Endometrium | J74: N/A | K74: F | L74: 21371 | M74: 43658 | N74: =DATEDIF(L74, M74,"Y") -> 61 | O74: Endometrioid adenocarcinoma, NOS | P74: Y | Q74: 3 | R74: 1b
A75: 6240274666 | B75: N | C75: N | D75: Y | E75: LH19-35421 | F75: A9[L], A11 | G75: 43692 | H75: Total abdominal hysterectomy nec | I75: Endometrium | J75: N/A | K75: F | L75: 19084 | M75: 43649 | N75: =DATEDIF(L75, M75,"Y") -> 67 | O75: Mixed endometrioid and serous adenocarcinoma | P75: Y | Q75: 3 | R75: 1a
A76: 4367242315 | B76: N | C76: N | D76: Y | E76: LH19-37687 | F76: A1, A3 | G76: 43707 | H76: Total abdominal hysterectomy nec | I76: Endometrium | J76: N/A | K76: F | L76: 14484 | M76: 43651 | N76: =DATEDIF(L76, M76,"Y") -> 79 | O76: Carcinosarcoma | P76: N | Q76: 3 | R76: 3c2
A77: 4089218756 | B77: N | C77: N | D77: Y | E77: LH19-40334 | F77: A7, A5 | G77: 43725 | H77: Total laparoscopic hysterectomy | I77: Endometrium | J77: N/A | K77: F | L77: 26186 | M77: 43656 | N77: =DATEDIF(L77, M77,"Y") -> 47 | O77: Endometrioid adenocarcinoma, NOS | P77: Y | Q77: 2 | R77: 1b
A78: 4387681772 | B78: N | C78: N | D78: Y | E78: LH19-40578 | F78: A15[L] | G78: 43726 | H78: Total abdominal hysterectomy nec | I78: Endometrium | J78: N/A | K78: F | L78: 15803 | M78: 43684 | N78: =DATEDIF(L78, M78,"Y") -> 76 | O78: Carcinosarcoma | P78: Y | Q78: 3 | R78: 1b
A79: 4860577809 | B79: N | C79: N | D79: Y | E79: LH19-41050 | F79: A11, A13 | G79: 43731 | H79: Total laparoscopic hysterectomy | I79: Endometrium | J79: N/A | K79: F | L79: 22206 | M79: 43691 | N79: =DATEDIF(L79, M79,"Y") -> 58 | O79: Mixed carcinoma: clear cell and endometrioid | P79: Y | Q79: 3 | R79: 3c2
A80: 4860695550 | B80: N | C80: N | D80: Y | E80: LH19-42178 | F80: A13, A14 | G80: 43738 | H80: Total laparoscopic hysterectomy | I80: Endometrium | J80: N/A | K80: F | L80: 23254 | M80: 43705 | N80: =DATEDIF(L80, M80,"Y") -> 55 | O80: Endometrioid adenocarcinoma, NOS | P80: Y | Q80: 1 | R80: 1a
A81: 4508880452 | B81: N | C81: N | D81: Y | E81: LH19-42528 | F81: A20[L], A1 | G81: 43740 | H81: Total abdominal hysterectomy nec | I81: Endometrium | J81: N/A | K81: F | L81: 17994 | M81: 43636 | N81: =DATEDIF(L81, M81,"Y") -> 70 | O81: Carcinosarcoma | P81: N | Q81: 3 | R81: 3b
A82: 4527816896 | B82: N | C82: N | D82: Y | E82: LH19-42787 | F82: A13 | G82: 43741 | H82: Total abdominal hysterectomy nec | I82: Endometrium | J82: N/A | K82: F | L82: 17425 | M82: 43704 | N82: =DATEDIF(L82, M82,"Y") -> 71 | O82: Endometrioid carcinoma; areas of squamous and mucinous differentiation | P82: Y | Q82: 2 | R82: 3c1
A83: 4381193342 | B83: N | C83: N | D83: Y | E83: LH19-43183 | F83: A16[L] | G83: 43745 | H83: Total abdominal hysterectomy nec | I83: Endometrium | J83: N/A | K83: F | L83: 16085 | M83: 43704 | N83: =DATEDIF(L83, M83,"Y") -> 75 | O83: Carcinosarcoma | P83: N | Q83: 3 | R83: 3c2
A84: 4849146376 | B84: N | C84: N | D84: Y | E84: LH19-45596 | F84: A13, A19 | G84: 43756 | H84: Robotic Total laparoscopic hysterectomy | I84: Endometrium | J84: N/A | K84: F | L84: 22802 | M84: 43707 | N84: =DATEDIF(L84, M84,"Y") -> 57 | O84: Endometrioid adenocarcinoma; squamous morule formation | P84: Y | Q84: 2 | R84: 1b
A85: 6285464847 | B85: N | C85: N | D85: Y | E85: LH19-54899 | F85: A1, A2 | G85: 43812 | H85: Total laparoscopic hysterectomy | I85: Endometrium | J85: N/A | K85: F | L85: 15247 | M85: 43763 | N85: =DATEDIF(L85, M85,"Y") -> 78 | O85: Clear cell adenocarcinoma | P85: Y | Q85: 3 | R85: 2
A86: 4330742578 | B86: N | C86: N | D86: Y | E86: LH20-01285 | F86: A6, A4 | G86: 43839 | H86: Total laparoscopic hysterectomy | I86: Endometrium | J86: N/A | K86: F | L86: 12803 | M86: 43791 | N86: =DATEDIF(L86, M86,"Y") -> 84 | O86: Mixed endometrioid and clear cell carcinoma; foci of squamous differentiation | P86: Y | Q86: 3 | R86: 2
A87: 4581628261 | B87: N | C87: N | D87: Y | E87: LH20-17198 | F87: A14, A15 | G87: 43993 | H87: Total Abdominal Hysterectomy | I87: Endometrium | J87: N/A | K87: F | L87: 19183 | M87: 43882 | N87: =DATEDIF(L87, M87,"Y") -> 67 | O87: Mixed: clear cell and serous carcinoma | P87: Y | Q87: 3 | R87: 4b
A88: 4507813875 | B88: N | C88: N | D88: Y | E88: LH20-18911 | F88: A9, A11 | G88: 44013 | H88: Total laparoscopic hysterectomy | I88: Endometrium | J88: N/A | K88: F | L88: 17692 | M88: 43986 | N88: =DATEDIF(L88, M88,"Y") -> 71 | O88: Clear cell carcinoma | P88: N | Q88: 3 | R88: 3c2
A89: 4388418994 | B89: N | C89: N | D89: Y | E89: LH21-05922 | F89: A4, A5 | G89: 44245 | H89: Total laparoscopic hysterectomy | I89: Endometrium | J89: N/A | K89: F | L89: 16400 | M89: 44216 | N89: =DATEDIF(L89, M89,"Y") -> 76 | O89: Clear cell carcinoma | P89: Y | Q89: 3 | R89: 1a
A90: 4381731344 | B90: N | C90: N | D90: Y | E90: LH21-12410 | F90: A7, A6 | G90: 44286 | H90: Total abdominal hysterectomy nec | I90: Endometrium | J90: N/A | K90: F | L90: 14638 | M90: 44256 | N90: =DATEDIF(L90, M90,"Y") -> 81 | O90: Mixed: high grade adenocarcinoma with features of endometrioid and serous carcinoma | P90: Y | Q90: 3 | R90: 2

Sheet Prelim (ship 2)
A1: Any Immunotherapy | B1: Specimen IO naive (Y/N) | C1: Specimen is a recurrence (Y/N) | D1: Selected specimen Anonymised ID | E1: Specimen Block number | F1: Specimen Surgery Date (Q/YYYY) | G1: Specimen surgery | H1: Specimen tumour site | I1: Primary tumour site | J1: Gender | K1: Date of DX (Q/YYYY) | L1: Age at Diagnosis (years) | M1: Specimen Histological Diagnosis | N1: Resection margins clear (Y/N) | O1: FIGO Grade | P1: Stage at DX (FIGO)
A2: N | B2: Y | C2: N | D2: LH18-15364 | E2: A7,A6 | F2: =IFERROR("Q" &INT((MONTH('Follow up (ship 2)'!G2)+2)/3) & "-" & YEAR('Follow up (ship 2)'!G2),"N/A") -> Q2-2018 | G2: Total Abdominal Hysterectomy; Bilateral Salpingo-oophorectomy; Bilateral Pelvic Lymphadenectomy; Infracolic Omental Biopsy; Peritoneal Washings. | H2: Endometrium | I2: N/A | J2: F | K2: =IFERROR("Q" &INT((MONTH('Follow up (ship 2)'!M2)+2)/3) & "-" & YEAR('Follow up (ship 2)'!M2),"N/A") -> Q1-2018 | L2: 80 | M2: Endometrioid adenocarcinoma, NOS | N2: Y | O2: 3 | P2: 1A
A3: N | B3: Y | C3: N | D3: LH18-15484 | E3: A14,A15, | F3: =IFERROR("Q" &INT((MONTH('Follow up (ship 2)'!G3)+2)/3) & "-" & YEAR('Follow up (ship 2)'!G3),"N/A") -> Q2-2018 | G3: Total abdominal hysterectomy nec | H3: Endometrium | I3: N/A | J3: F | K3: =IFERROR("Q" &INT((MONTH('Follow up (ship 2)'!M3)+2)/3) & "-" & YEAR('Follow up (ship 2)'!M3),"N/A") -> Q2-2018 | L3: 54 | M3: Endometrioid adenocarcinoma, NOS | N3: Y | O3: 3 | P3: 2
A4: N | B4: Y | C4: N | D4: LH18-15845 | E4: A9(L),A11 | F4: =IFERROR("Q" &INT((MONTH('Follow up (ship 2)'!G4)+2)/3) & "-" & YEAR('Follow up (ship 2)'!G4),"N/A") -> Q2-2018 | G4: Total laparoscopic hysterectomy | H4: Endometrium | I4: N/A | J4: F | K4: =IFERROR("Q" &INT((MONTH('Follow up (ship 2)'!M4)+2)/3) & "-" & YEAR('Follow up (ship 2)'!M4),"N/A") -> Q1-2018 | L4: 77 | M4: Endometrioid adenocarcinoma, NOS | N4: Y | O4: 2 | P4: 2
A5: N | B5: Y | C5: N | D5: LH18-16236 | E5: A5,A2 | F5: =IFERROR("Q" &INT((MONTH('Follow up (ship 2)'!G5)+2)/3) & "-" & YEAR('Follow up (ship 2)'!G5),"N/A") -> Q2-2018 | G5: Total laparoscopic hysterectomy | H5: Endometrium | I5: N/A | J5: F | K5: =IFERROR("Q" &INT((MONTH('Follow up (ship 2)'!M5)+2)/3) & "-" & YEAR('Follow up (ship 2)'!M5),"N/A") -> Q4-2017 | L5: 74 | M5: Endometrioid carcinoma, focal squamous differentiation | N5: Y | O5: 1 | P5: 1a
A6: N | B6: Y | C6: N | D6: LH18-17511 | E6: A8,A3 | F6: =IFERROR("Q" &INT((MONTH('Follow up (ship 2)'!G6)+2)/3) & "-" & YEAR('Follow up (ship 2)'!G6),"N/A") -> Q2-2018 | G6: Total laparoscopic hysterectomy | H6: Endometrium | I6: N/A | J6: F | K6: =IFERROR("Q" &INT((MONTH('Follow up (ship 2)'!M6)+2)/3) & "-" & YEAR('Follow up (ship 2)'!M6),"N/A") -> Q1-2018 | L6: 55 | M6: Endometrioid carcinoma, squamous differentiation | N6: Y | O6: 1 | P6: 2
A7: N | B7: Y | C7: N | D7: LH18-20193 | E7: A7, A8 | F7: =IFERROR("Q" &INT((MONTH('Follow up (ship 2)'!G7)+2)/3) & "-" & YEAR('Follow up (ship 2)'!G7),"N/A") -> Q2-2018 | G7: Total laparoscopic hysterectomy | H7: Endometrium | I7: N/A | J7: F | K7: =IFERROR("Q" &INT((MONTH('Follow up (ship 2)'!M7)+2)/3) & "-" & YEAR('Follow up (ship 2)'!M7),"N/A") -> Q2-2018 | L7: 58 | M7: Endometrioid adenocarcinoma, NOS | N7: Y | O7: 1 | P7: 1b
A8: N | B8: Y | C8: N | D8: LH18-20274 | E8: A13, A14 | F8: =IFERROR("Q" &INT((MONTH('Follow up (ship 2)'!G8)+2)/3) & "-" & YEAR('Follow up (ship 2)'!G8),"N/A") -> Q2-2018 | G8: Total laparoscopic hysterectomy | H8: Endometrium | I8: N/A | J8: F | K8: =IFERROR("Q" &INT((MONTH('Follow up (ship 2)'!M8)+2)/3) & "-" & YEAR('Follow up (ship 2)'!M8),"N/A") -> Q1-2018 | L8: 67 | M8: Endometrioid adenocarcinoma, NOS | N8: Y | O8: 3 | P8: 2
A9: N | B9: Y | C9: N | D9: LH18-20302 | E9: A10, A8 | F9: =IFERROR("Q" &INT((MONTH('Follow up (ship 2)'!G9)+2)/3) & "-" & YEAR('Follow up (ship 2)'!G9),"N/A") -> Q2-2018 | G9: Total abdominal hysterectomy | H9: Endometrium | I9: N/A | J9: F | K9: =IFERROR("Q" &INT((MONTH('Follow up (ship 2)'!M9)+2)/3) & "-" & YEAR('Follow up (ship 2)'!M9),"N/A") -> Q2-2018 | L9: 54 | M9: Endometrioid adenocarcinoma with mucinous and secretory differentiation | N9: Y | O9: 1 | P9: 3a
A10: N | B10: Y | C10: N | D10: LH18-21046 | E10: A9, A6(L) | F10: =IFERROR("Q" &INT((MONTH('Follow up (ship 2)'!G10)+2)/3) & "-" & YEAR('Follow up (ship 2)'!G10),"N/A") -> Q2-2018 | G10: Total abdominal hysterectomy nec | H10: Endometrium | I10: N/A | J10: F | K10: =IFERROR("Q" &INT((MONTH('Follow up (ship 2)'!M10)+2)/3) & "-" & YEAR('Follow up (ship 2)'!M10),"N/A") -> Q2-2018 | L10: 71 | M10: Carcinosarcoma with heterologous elements; Squamous and Rhabdomyosarcomatous differentiation | N10: Y | O10: 3 | P10: 1a
A11: N | B11: Y | C11: N | D11: LH18-22036 | E11: A6, A7 | F11: =IFERROR("Q" &INT((MONTH('Follow up (ship 2)'!G11)+2)/3) & "-" & YEAR('Follow up (ship 2)'!G11),"N/A") -> Q2-2018 | G11: Total abdominal hysterectomy nec | H11: Endometrium | I11: N/A | J11: F | K11: =IFERROR("Q" &INT((MONTH('Follow up (ship 2)'!M11)+2)/3) & "-" & YEAR('Follow up (ship 2)'!M11),"N/A") -> Q2-2018 | L11: 65 | M11: Mixed carcinoma: clear cell and endometrioid | N11: Y | O11: 3 | P11: 4b
A12: N | B12: Y | C12: N | D12: LH18-22454 | E12: A4, A5 | F12: =IFERROR("Q" &INT((MONTH('Follow up (ship 2)'!G12)+2)/3) & "-" & YEAR('Follow up (ship 2)'!G12),"N/A") -> Q2-2018 | G12: Total laparoscopic hysterectomy | H12: Endometrium | I12: N/A | J12: F | K12: =IFERROR("Q" &INT((MONTH('Follow up (ship 2)'!M12)+2)/3) & "-" & YEAR('Follow up (ship 2)'!M12),"N/A") -> Q2-2018 | L12: 63 | M12: Endometrioid adenocarcinoma, NOS | N12: Y | O12: 2 | P12: 1b
A13: N | B13: Y | C13: N | D13: LH18-22773 | E13: A6, A5 | F13: =IFERROR("Q" &INT((MONTH('Follow up (ship 2)'!G13)+2)/3) & "-" & YEAR('Follow up (ship 2)'!G13),"N/A") -> Q2-2018 | G13: Total abdominal hysterectomy nec | H13: Endometrium | I13: N/A | J13: F | K13: =IFERROR("Q" &INT((MONTH('Follow up (ship 2)'!M13)+2)/3) & "-" & YEAR('Follow up (ship 2)'!M13),"N/A") -> Q2-2018 | L13: 73 | M13: Serous carcinoma | N13: N | O13: 3 | P13: 3c2
A14: N | B14: Y | C14: N | D14: LH18-22989 | E14: A8, A11 | F14: =IFERROR("Q" &INT((MONTH('Follow up (ship 2)'!G14)+2)/3) & "-" & YEAR('Follow up (ship 2)'!G14),"N/A") -> Q2-2018 | G14: Total laparoscopic hysterectomy | H14: Endometrium | I14: N/A | J14: F | K14: =IFERROR("Q" &INT((MONTH('Follow up (ship 2)'!M14)+2)/3) & "-" & YEAR('Follow up (ship 2)'!M14),"N/A") -> Q2-2018 | L14: 56 | M14: Endometrioid carcinoma, with areas of mucinous differentiation | N14: Y | O14: 2 | P14: 1a
A15: N | B15: Y | C15: N | D15: LH18-24968 | E15: A2, A4 | F15: =IFERROR("Q" &INT((MONTH('Follow up (ship 2)'!G15)+2)/3) & "-" & YEAR('Follow up (ship 2)'!G15),"N/A") -> Q2-2018 | G15: Total laparoscopic hysterectomy | H15: Endometrium | I15: N/A | J15: F | K15: =IFERROR("Q" &INT((MONTH('Follow up (ship 2)'!M15)+2)/3) & "-" & YEAR('Follow up (ship 2)'!M15),"N/A") -> Q2-2018 | L15: 60 | M15: Endometrioid adenocarcinoma, NOS | N15: Y | O15: 1 | P15: 1a
A16: N | B16: Y | C16: N | D16: LH18-27779 | E16: A6, A8 | F16: =IFERROR("Q" &INT((MONTH('Follow up (ship 2)'!G16)+2)/3) & "-" & YEAR('Follow up (ship 2)'!G16),"N/A") -> Q2-2018 | G16: Total abdominal hysterectomy nec | H16: Endometrium | I16: N/A | J16: F | K16: =IFERROR("Q" &INT((MONTH('Follow up (ship 2)'!M16)+2)/3) & "-" & YEAR('Follow up (ship 2)'!M16),"N/A") -> Q2-2018 | L16: 58 | M16: Carcinosarcoma with heterologous elements; Rhabdomyosarcomatous differentiation prominent | N16: Y | O16: 3 | P16: 1b
A17: N | B17: Y | C17: N | D17: LH18-29168 | E17: A18 | F17: =IFERROR("Q" &INT((MONTH('Follow up (ship 2)'!G17)+2)/3) & "-" & YEAR('Follow up (ship 2)'!G17),"N/A") -> Q3-2018 | G17: Total abdominal hysterectomy nec | H17: Endometrium | I17: N/A | J17: F | K17: =IFERROR("Q" &INT((MONTH('Follow up (ship 2)'!M17)+2)/3) & "-" & YEAR('Follow up (ship 2)'!M17),"N/A") -> Q2-2018 | L17: 76 | M17: Mixed high grade serous and clear cell carcinoma | N17: Y | O17: 3 | P17: 1a
A18: N | B18: Y | C18: N | D18: LH18-30200 | E18: A11, A7 | F18: =IFERROR("Q" &INT((MONTH('Follow up (ship 2)'!G18)+2)/3) & "-" & YEAR('Follow up (ship 2)'!G18),"N/A") -> Q2-2018 | G18: Total laparoscopic hysterectomy | H18: Endometrium | I18: N/A | J18: F | K18: =IFERROR("Q" &INT((MONTH('Follow up (ship 2)'!M18)+2)/3) & "-" & YEAR('Follow up (ship 2)'!M18),"N/A") -> Q2-2018 | L18: 35 | M18: Endometrioid adenocarcinoma, NOS | N18: Y | O18: 1 | P18: 1a
A19: N | B19: Y | C19: N | D19: LH18-30464 | E19: A5, A7 | F19: =IFERROR("Q" &INT((MONTH('Follow up (ship 2)'!G19)+2)/3) & "-" & YEAR('Follow up (ship 2)'!G19),"N/A") -> Q3-2018 | G19: Total laparoscopic hysterectomy | H19: Endometrium | I19: N/A | J19: F | K19: =IFERROR("Q" &INT((MONTH('Follow up (ship 2)'!M19)+2)/3) & "-" & YEAR('Follow up (ship 2)'!M19),"N/A") -> Q2-2018 | L19: 73 | M19: Endometrioid carcinoma, focal squamous differentiation | N19: Y | O19: 1 | P19: 1a
A20: N | B20: Y | C20: N | D20: LH18-30878 | E20: A6, A5 | F20: =IFERROR("Q" &INT((MONTH('Follow up (ship 2)'!G20)+2)/3) & "-" & YEAR('Follow up (ship 2)'!G20),"N/A") -> Q3-2018 | G20: Total abdominal hysterectomy nec | H20: Endometrium | I20: N/A | J20: F | K20: =IFERROR("Q" &INT((MONTH('Follow up (ship 2)'!M20)+2)/3) & "-" & YEAR('Follow up (ship 2)'!M20),"N/A") -> Q2-2018 | L20: 70 | M20: Carcinosarcoma, with serous component | N20: N | O20: 3 | P20: 3c1
... A22: N | B22: Y | C22: N | D22: LH18-33462 | E22: A5,A3 | F22: =IFERROR("Q" &INT((MONTH('Follow up (ship 2)'!G22)+2)/3) & "-" & YEAR('Follow up (ship 2)'!G22),"N/A") -> Q3-2018 | G22: Total laparoscopic hysterectomy | H22: Endometrium | I22: N/A | J22: F | K22: =IFERROR("Q" &INT((MONTH('Follow up (ship 2)'!M22)+2)/3) & "-" & YEAR('Follow up (ship 2)'!M22),"N/A") -> Q2-2018 | L22: 54 | M22: Endometrioid adenocarcinoma, NOS | N22: Y | O22: 2 | P22: 1a
A23: N | B23: Y | C23: N | D23: LH18-33662 | E23: A13(L),A12(L) | F23: =IFERROR("Q" &INT((MONTH('Follow up (ship 2)'!G23)+2)/3) & "-" & YEAR('Follow up (ship 2)'!G23),"N/A") -> Q3-2018 | G23: Total abdominal hysterectomy | H23: Endometrium | I23: N/A | J23: F | K23: =IFERROR("Q" &INT((MONTH('Follow up (ship 2)'!M23)+2)/3) & "-" & YEAR('Follow up (ship 2)'!M23),"N/A") -> Q3-2018 | L23: 84 | M23: Carcinosarcoma with chondroid differentiation | N23: Y | O23: 3 | P23: 2
A24: N | B24: Y | C24: N | D24: LH18-33989 | E24: A10, A7 | F24: =IFERROR("Q" &INT((MONTH('Follow up (ship 2)'!G24)+2)/3) & "-" & YEAR('Follow up (ship 2)'!G24),"N/A") -> Q3-2018 | G24: Total laparoscopic hysterectomy | H24: Endometrium | I24: N/A | J24: F | K24: =IFERROR("Q" &INT((MONTH('Follow up (ship 2)'!M24)+2)/3) & "-" & YEAR('Follow up (ship 2)'!M24),"N/A") -> Q3-2018 | L24: 70 | M24: Endometrioid adenocarcinoma, NOS | N24: Y | O24: 3 | P24: 1b
A25: N | B25: Y | C25: N | D25: LH18-34484 | E25: A14, A13 | F25: =IFERROR("Q" &INT((MONTH('Follow up (ship 2)'!G25)+2)/3) & "-" & YEAR('Follow up (ship 2)'!G25),"N/A") -> Q3-2018 | G25: Total laparoscopic hysterectomy | H25: Endometrium | I25: N/A | J25: F | K25: =IFERROR("Q" &INT((MONTH('Follow up (ship 2)'!M25)+2)/3) & "-" & YEAR('Follow up (ship 2)'!M25),"N/A") -> Q2-2018 | L25: 78 | M25: Mixed carcinoma: clear cell and endometrioid | N25: Y | O25: 3 | P25: 1a
A26: N | B26: Y | C26: N | D26: LH18-36225 | E26: A6, A8 | F26: =IFERROR("Q" &INT((MONTH('Follow up (ship 2)'!G26)+2)/3) & "-" & YEAR('Follow up (ship 2)'!G26),"N/A") -> Q3-2018 | G26: Total laparoscopic hysterectomy | H26: Endometrium | I26: N/A | J26: F | K26: =IFERROR("Q" &INT((MONTH('Follow up (ship 2)'!M26)+2)/3) & "-" & YEAR('Follow up (ship 2)'!M26),"N/A") -> Q3-2018 | L26: 78 | M26: Endometrioid adenocarcinoma, NOS | N26: Y | O26: 1 | P26: 1b
A27: N | B27: Y | C27: N | D27: LH18-36980 | E27: A16, A20 | F27: =IFERROR("Q" &INT((MONTH('Follow up (ship 2)'!G27)+2)/3) & "-" & YEAR('Follow up (ship 2)'!G27),"N/A") -> Q3-2018 | G27: Total abdominal hysterectomy nec | H27: Endometrium | I27: N/A | J27: F | K27: =IFERROR("Q" &INT((MONTH('Follow up (ship 2)'!M27)+2)/3) & "-" & YEAR('Follow up (ship 2)'!M27),"N/A") -> Q3-2018 | L27: 63 | M27: High grade serous carcinoma with clear cell change | N27: N | O27: 3 | P27: 3a
A28: N | B28: Y | C28: N | D28: LH18-37202 | E28: A12, A21 | F28: =IFERROR("Q" &INT((MONTH('Follow up (ship 2)'!G28)+2)/3) & "-" & YEAR('Follow up (ship 2)'!G28),"N/A") -> Q3-2018 | G28: Total laparoscopic hysterectomy | H28: Endometrium | I28: N/A | J28: F | K28: =IFERROR("Q" &INT((MONTH('Follow up (ship 2)'!M28)+2)/3) & "-" & YEAR('Follow up (ship 2)'!M28),"N/A") -> Q3-2018 | L28: 83 | M28: Endometrioid adenocarcinoma, NOS | N28: Y | O28: 2 | P28: 1b
A29: N | B29: Y | C29: N | D29: LH18-37342 | E29: A6, A9 | F29: =IFERROR("Q" &INT((MONTH('Follow up (ship 2)'!G29)+2)/3) & "-" & YEAR('Follow up (ship 2)'!G29),"N/A") -> Q3-2018 | G29: Total abdominal hysterectomy nec | H29: Endometrium | I29: N/A | J29: F | K29: =IFERROR("Q" &INT((MONTH('Follow up (ship 2)'!M29)+2)/3) & "-" & YEAR('Follow up (ship 2)'!M29),"N/A") -> Q3-2018 | L29: 80 | M29: Serous carcinoma | N29: N | O29: 3 | P29: 4b
A30: N | B30: Y | C30: N | D30: LH18-37435 | E30: A7, A13 | F30: =IFERROR("Q" &INT((MONTH('Follow up (ship 2)'!G30)+2)/3) & "-" & YEAR('Follow up (ship 2)'!G30),"N/A") -> Q3-2018 | G30: Total abdominal hysterectomy nec | H30: Endometrium | I30: N/A | J30: F | K30: =IFERROR("Q" &INT((MONTH('Follow up (ship 2)'!M30)+2)/3) & "-" & YEAR('Follow up (ship 2)'!M30),"N/A") -> Q3-2018 | L30: 72 | M30: Serous carcinoma | N30: Y | O30: 3 | P30: 1b
A31: N | B31: Y | C31: N | D31: LH18-37645 | E31: A4, A7 | F31: =IFERROR("Q" &INT((MONTH('Follow up (ship 2)'!G31)+2)/3) & "-" & YEAR('Follow up (ship 2)'!G31),"N/A") -> Q3-2018 | G31: Total laparoscopic hysterectomy | H31: Endometrium | I31: N/A | J31: F | K31: =IFERROR("Q" &INT((MONTH('Follow up (ship 2)'!M31)+2)/3) & "-" & YEAR('Follow up (ship 2)'!M31),"N/A") -> Q3-2018 | L31: 79 | M31: Endometrioid adenocarcinoma, NOS | N31: Y | O31: 3 | P31: 1a
A32: N | B32: Y | C32: N | D32: LH18-38467 | E32: A14, A13 | F32: =IFERROR("Q" &INT((MONTH('Follow up (ship 2)'!G32)+2)/3) & "-" & YEAR('Follow up (ship 2)'!G32),"N/A") -> Q3-2018 | G32: Total abdominal hysterectomy with hemicolectomy | H32: Endometrium | I32: N/A | J32: F | K32: =IFERROR("Q" &INT((MONTH('Follow up (ship 2)'!M32)+2)/3) & "-" & YEAR('Follow up (ship 2)'!M32),"N/A") -> Q3-2018 | L32: 53 | M32: Carcinosarcoma with foci of heterologous differentiation | N32: N | O32: 3 | P32: 4b
A33: N | B33: Y | C33: N | D33: LH18-38853 | E33: A18(L),A20 | F33: =IFERROR("Q" &INT((MONTH('Follow up (ship 2)'!G33)+2)/3) & "-" & YEAR('Follow up (ship 2)'!G33),"N/A") -> Q3-2018 | G33: Laparotomy with total abdominal hysterectomy | H33: Endometrium | I33: N/A | J33: F | K33: =IFERROR("Q" &INT((MONTH('Follow up (ship 2)'!M33)+2)/3) & "-" & YEAR('Follow up (ship 2)'!M33),"N/A") -> Q3-2018 | L33: 54 | M33: Endometrioid carcinoma | N33: N | O33: 2 | P33: 3c2
A34: N | B34: Y | C34: N | D34: LH18-39326 | E34: A10, A9 | F34: =IFERROR("Q" &INT((MONTH('Follow up (ship 2)'!G34)+2)/3) & "-" & YEAR('Follow up (ship 2)'!G34),"N/A") -> Q3-2018 | G34: Total laparoscopic hysterectomy | H34: Endometrium | I34: N/A | J34: F | K34: =IFERROR("Q" &INT((MONTH('Follow up (ship 2)'!M34)+2)/3) & "-" & YEAR('Follow up (ship 2)'!M34),"N/A") -> Q3-2018 | L34: 51 | M34: Endometrioid carcinoma; areas of mucinous and secretory differentiation | N34: Y | O34: 1 | P34: 1a
A35: N | B35: Y | C35: N | D35: LH18-41815 | E35: A6, A4 | F35: =IFERROR("Q" &INT((MONTH('Follow up (ship 2)'!G35)+2)/3) & "-" & YEAR('Follow up (ship 2)'!G35),"N/A") -> Q3-2018 | G35: Total laparoscopic hysterectomy | H35: Endometrium | I35: N/A | J35: F | K35: =IFERROR("Q" &INT((MONTH('Follow up (ship 2)'!M35)+2)/3) & "-" & YEAR('Follow up (ship 2)'!M35),"N/A") -> Q3-2018 | L35: 66 | M35: Endometrioid carcinoma, prominent squamous differentiation | N35: Y | O35: 3 | P35: 3b
... A46: N | B46: Y | C46: N | D46: LH18-49606 | E46: A14,A18 | F46: =IFERROR("Q" &INT((MONTH('Follow up (ship 2)'!G46)+2)/3) & "-" & YEAR('Follow up (ship 2)'!G46),"N/A") -> Q4-2018 | G46: Total laparoscopic hysterectomy | H46: Endometrium | I46: N/A | J46: F | K46: =IFERROR("Q" &INT((MONTH('Follow up (ship 2)'!M46)+2)/3) & "-" & YEAR('Follow up (ship 2)'!M46),"N/A") -> Q3-2018 | L46: 75 | M46: Serous carcinoma | N46: Y | O46: 3 | P46: 3c1
A47: N | B47: Y | C47: N | D47: LH18-51153 | E47: A8,A17 | F47: =IFERROR("Q" &INT((MONTH('Follow up (ship 2)'!G47)+2)/3) & "-" & YEAR('Follow up (ship 2)'!G47),"N/A") -> Q4-2018 | G47: Total laparoscopic hysterectomy | H47: Endometrium | I47: N/A | J47: F | K47: =IFERROR("Q" &INT((MONTH('Follow up (ship 2)'!M47)+2)/3) & "-" & YEAR('Follow up (ship 2)'!M47),"N/A") -> Q4-2018 | L47: 84 | M47: Serous carcinoma | N47: Y | O47: 3 | P47: 2
A48: N | B48: Y | C48: N | D48: LH18-53700 | E48: A11,A13 | F48: =IFERROR("Q" &INT((MONTH('Follow up (ship 2)'!G48)+2)/3) & "-" & YEAR('Follow up (ship 2)'!G48),"N/A") -> Q4-2018 | G48: Total laparoscopic hysterectomy | H48: Endometrium | I48: N/A | J48: F | K48: =IFERROR("Q" &INT((MONTH('Follow up (ship 2)'!M48)+2)/3) & "-" & YEAR('Follow up (ship 2)'!M48),"N/A") -> Q4-2018 | L48: 67 | M48: Endometrioid carcinoma | N48: Y | O48: 1 | P48: 1a
A49: N | B49: Y | C49: N | D49: LH18-54839 | E49: A12,A13 | F49: =IFERROR("Q" &INT((MONTH('Follow up (ship 2)'!G49)+2)/3) & "-" & YEAR('Follow up (ship 2)'!G49),"N/A") -> Q4-2018 | G49: Total abdominal hysterectomy nec | H49: Endometrium | I49: N/A | J49: F | K49: =IFERROR("Q" &INT((MONTH('Follow up (ship 2)'!M49)+2)/3) & "-" & YEAR('Follow up (ship 2)'!M49),"N/A") -> Q4-2018 | L49: 68 | M49: Serous carcinoma | N49: N | O49: 3 | P49: 4b
A50: N | B50: Y | C50: N | D50: LH18-55530 | E50: A14,A21 | F50: =IFERROR("Q" &INT((MONTH('Follow up (ship 2)'!G50)+2)/3) & "-" & YEAR('Follow up (ship 2)'!G50),"N/A") -> Q4-2018 | G50: Total laparoscopic hysterectomy | H50: Endometrium | I50: N/A | J50: F | K50: =IFERROR("Q" &INT((MONTH('Follow up (ship 2)'!M50)+2)/3) & "-" & YEAR('Follow up (ship 2)'!M50),"N/A") -> Q4-2018 | L50: 63 | M50: Endometrioid adenocarcinoma, NOS | N50: Y | O50: 1 | P50: 1a
A51: N | B51: Y | C51: N | D51: LH18-56373 | E51: A8,A18 | F51: =IFERROR("Q" &INT((MONTH('Follow up (ship 2)'!G51)+2)/3) & "-" & YEAR('Follow up (ship 2)'!G51),"N/A") -> Q4-2018 | G51: Total laparoscopic hysterectomy | H51: Endometrium | I51: N/A | J51: F | K51: =IFERROR("Q" &INT((MONTH('Follow up (ship 2)'!M51)+2)/3) & "-" & YEAR('Follow up (ship 2)'!M51),"N/A") -> Q4-2018 | L51: 52 | M51: Endometrioid adenocarcinoma, with several squamous morules | N51: Y | O51: 1 | P51: 2
A52: N | B52: Y | C52: N | D52: LH19-614 | E52: A4, A6 | F52: =IFERROR("Q" &INT((MONTH('Follow up (ship 2)'!G52)+2)/3) & "-" & YEAR('Follow up (ship 2)'!G52),"N/A") -> Q1-2019 | G52: Total laparoscopic hysterectomy | H52: Endometrium | I52: N/A | J52: F | K52: =IFERROR("Q" &INT((MONTH('Follow up (ship 2)'!M52)+2)/3) & "-" & YEAR('Follow up (ship 2)'!M52),"N/A") -> Q4-2018 | L52: 66 | M52: Endometrioid adenocarcinoma, NOS | N52: Y | O52: 2 | P52: 1b
A53: N | B53: Y | C53: N | D53: LH19-1767 | E53: A11, A8 | F53: =IFERROR("Q" &INT((MONTH('Follow up (ship 2)'!G53)+2)/3) & "-" & YEAR('Follow up (ship 2)'!G53),"N/A") -> Q1-2019 | G53: Total laparoscopic hysterectomy | H53: Endometrium | I53: N/A | J53: F | K53: =IFERROR("Q" &INT((MONTH('Follow up (ship 2)'!M53)+2)/3) & "-" & YEAR('Follow up (ship 2)'!M53),"N/A") -> Q4-2018 | L53: 72 | M53: Endometrioid adenocarcinoma, NOS | N53: Y | O53: 2 | P53: 1b
A54: N | B54: Y | C54: N | D54: LH19-2874 | E54: A9, A14 | F54: =IFERROR("Q" &INT((MONTH('Follow up (ship 2)'!G54)+2)/3) & "-" & YEAR('Follow up (ship 2)'!G54),"N/A") -> Q1-2019 | G54: Total laparoscopic hysterectomy | H54: Endometrium | I54: N/A | J54: F | K54: =IFERROR("Q" &INT((MONTH('Follow up (ship 2)'!M54)+2)/3) & "-" & YEAR('Follow up (ship 2)'!M54),"N/A") -> Q4-2018 | L54: 83 | M54: Endometrioid adenocarcinoma, NOS; squamous morules, areas of secretory change | N54: Y | O54: 2 | P54: 1a
A55: Y (for recurrence) | B55: Y | C55: N | D55: LH19-4865 | E55: A5, A4 | F55: =IFERROR("Q" &INT((MONTH('Follow up (ship 2)'!G55)+2)/3) & "-" & YEAR('Follow up (ship 2)'!G55),"N/A") -> Q1-2019 | G55: Total abdominal hysterectomy nec | H55: Endometrium | I55: N/A | J55: F | K55: =IFERROR("Q" &INT((MONTH('Follow up (ship 2)'!M55)+2)/3) & "-" & YEAR('Follow up (ship 2)'!M55),"N/A") -> Q4-2018 | L55: 70 | M55: Endometrioid adenocarcinoma, NOS | N55: Y | O55: 2 | P55: 1b
A56: N | B56: Y | C56: N | D56: LH19-5000 | E56: A6, A7 | F56: =IFERROR("Q" &INT((MONTH('Follow up (ship 2)'!G56)+2)/3) & "-" & YEAR('Follow up (ship 2)'!G56),"N/A") -> Q1-2019 | G56: Total laparoscopic hysterectomy | H56: Endometrium | I56: N/A | J56: F | K56: =IFERROR("Q" &INT((MONTH('Follow up (ship 2)'!M56)+2)/3) & "-" & YEAR('Follow up (ship 2)'!M56),"N/A") -> Q4-2018 | L56: 69 | M56: Mixed serous and endometrioid adenocarcinoma | N56: Y | O56: 3 | P56: 1a
A57: N | B57: Y | C57: N | D57: LH19-6015 | E57: A14 | F57: =IFERROR("Q" &INT((MONTH('Follow up (ship 2)'!G57)+2)/3) & "-" & YEAR('Follow up (ship 2)'!G57),"N/A") -> Q1-2019 | G57: Total abdominal hysterectomy nec | H57: Endometrium | I57: N/A | J57: F | K57: =IFERROR("Q" &INT((MONTH('Follow up (ship 2)'!M57)+2)/3) & "-" & YEAR('Follow up (ship 2)'!M57),"N/A") -> Q1-2019 | L57: 68 | M57: Carcinosarcoma | N57: Y | O57: 3 | P57: 4b
A58: N | B58: Y | C58: N | D58: LH19-8350 | E58: A12, A17 | F58: =IFERROR("Q" &INT((MONTH('Follow up (ship 2)'!G58)+2)/3) & "-" & YEAR('Follow up (ship 2)'!G58),"N/A") -> Q1-2019 | G58: Total abdominal hysterectomy nec | H58: Endometrium | I58: N/A | J58: F | K58: =IFERROR("Q" &INT((MONTH('Follow up (ship 2)'!M58)+2)/3) & "-" & YEAR('Follow up (ship 2)'!M58),"N/A") -> Q4-2018 | L58: 71 | M58: Endometrioid carcinoma | N58: Y | O58: 1 | P58: 1b
A59: N | B59: Y | C59: N | D59: LH19-8638 | E59: A15, A13 | F59: =IFERROR("Q" &INT((MONTH('Follow up (ship 2)'!G59)+2)/3) & "-" & YEAR('Follow up (ship 2)'!G59),"N/A") -> Q1-2019 | G59: Total laparoscopic hysterectomy | H59: Endometrium | I59: N/A | J59: F | K59: =IFERROR("Q" &INT((MONTH('Follow up (ship 2)'!M59)+2)/3) & "-" & YEAR('Follow up (ship 2)'!M59),"N/A") -> Q1-2019 | L59: 63 | M59: Endometrioid adenocarcinoma, NOS | N59: Y | O59: 1 | P59: 1b
A60: N | B60: Y | C60: N | D60: LH19-8906 | E60: A5(L),A7 | F60: =IFERROR("Q" &INT((MONTH('Follow up (ship 2)'!G60)+2)/3) & "-" & YEAR('Follow up (ship 2)'!G60),"N/A") -> Q1-2019 | G60: Total laparoscopic hysterectomy | H60: Endometrium | I60: N/A | J60: F | K60: =IFERROR("Q" &INT((MONTH('Follow up (ship 2)'!M60)+2)/3) & "-" & YEAR('Follow up (ship 2)'!M60),"N/A") -> Q4-2018 | L60: 44 | M60: Endometrioid carcinoma | N60: Y | O60: 2 | P60: 1a
A61: N | B61: Y | C61: N | D61: LH19-9008 | E61: A7,A8 | F61: =IFERROR("Q" &INT((MONTH('Follow up (ship 2)'!G61)+2)/3) & "-" & YEAR('Follow up (ship 2)'!G61),"N/A") -> Q1-2019 | G61: Total abdominal hysterectomy nec | H61: Endometrium | I61: N/A | J61: F | K61: =IFERROR("Q" &INT((MONTH('Follow up (ship 2)'!M61)+2)/3) & "-" & YEAR('Follow up (ship 2)'!M61),"N/A") -> Q1-2019 | L61: 75 | M61: Carcinosarcoma | N61: Y | O61: 3 | P61: 1b
A62: N | B62: Y | C62: N | D62: LH19-9077 | E62: A16,A13 | F62: =IFERROR("Q" &INT((MONTH('Follow up (ship 2)'!G62)+2)/3) & "-" & YEAR('Follow up (ship 2)'!G62),"N/A") -> Q1-2019 | G62: Total abdominal hysterectomy nec | H62: Endometrium | I62: N/A | J62: F | K62: =IFERROR("Q" &INT((MONTH('Follow up (ship 2)'!M62)+2)/3) & "-" & YEAR('Follow up (ship 2)'!M62),"N/A") -> Q1-2019 | L62: 57 | M62: Dedifferentiated endometrioid carcinoma: undifferentiated carcinoma and endometrioid adenocarcinoma | N62: Y | O62: 3 | P62: 3b
A63: N | B63: Y | C63: N | D63: LH19-10812 | E63: A13,A12 | F63: =IFERROR("Q" &INT((MONTH('Follow up (ship 2)'!G63)+2)/3) & "-" & YEAR('Follow up (ship 2)'!G63),"N/A") -> Q1-2019 | G63: Total abdominal hysterectomy nec | H63: Endometrium | I63: N/A | J63: F | K63: =IFERROR("Q" &INT((MONTH('Follow up (ship 2)'!M63)+2)/3) & "-" & YEAR('Follow up (ship 2)'!M63),"N/A") -> Q1-2019 | L63: 56 | M63: Endometrioid adenocarcinoma, NOS | N63: Y | O63: 1 | P63: 1a
... A71: N | B71: Y | C71: N | D71: LH19-30077 | E71: A16(L),A12 | F71: =IFERROR("Q" &INT((MONTH('Follow up (ship 2)'!G71)+2)/3) & "-" & YEAR('Follow up (ship 2)'!G71),"N/A") -> Q3-2019 | G71: Total abdominal hysterectomy nec | H71: Endometrium | I71: N/A | J71: F | K71: =IFERROR("Q" &INT((MONTH('Follow up (ship 2)'!M71)+2)/3) & "-" & YEAR('Follow up (ship 2)'!M71),"N/A") -> Q2-2019 | L71: 74 | M71: Carcinosarcoma | N71: Y | O71: 3 | P71: 1a
A72: N | B72: Y | C72: N | D72: LH19-30362 | E72: A14, A12 | F72: =IFERROR("Q" &INT((MONTH('Follow up (ship 2)'!G72)+2)/3) & "-" & YEAR('Follow up (ship 2)'!G72),"N/A") -> Q3-2019 | G72: Total abdominal hysterectomy nec | H72: Endometrium | I72: N/A | J72: F | K72: =IFERROR("Q" &INT((MONTH('Follow up (ship 2)'!M72)+2)/3) & "-" & YEAR('Follow up (ship 2)'!M72),"N/A") -> Q2-2019 | L72: 70 | M72: Endometrioid adenocarcinoma | N72: Y | O72: 1 | P72: 2
A73: N | B73: Y | C73: N | D73: LH19-30363 | E73: A16, A14 | F73: =IFERROR("Q" &INT((MONTH('Follow up (ship 2)'!G73)+2)/3) & "-" & YEAR('Follow up (ship 2)'!G73),"N/A") -> Q3-2019 | G73: Total laparoscopic hysterectomy | H73: Endometrium | I73: N/A | J73: F | K73: =IFERROR("Q" &INT((MONTH('Follow up (ship 2)'!M73)+2)/3) & "-" & YEAR('Follow up (ship 2)'!M73),"N/A") -> Q2-2019 | L73: 69 | M73: Endometrioid adenocarcinoma, NOS | N73: Y | O73: 2 | P73: 1b
A74: N | B74: Y | C74: N | D74: LH19-34659 | E74: A9, A3 | F74: =IFERROR("Q" &INT((MONTH('Follow up (ship 2)'!G74)+2)/3) & "-" & YEAR('Follow up (ship 2)'!G74),"N/A") -> Q3-2019 | G74: Total robotic hysterectomy | H74: Endometrium | I74: N/A | J74: F | K74: =IFERROR("Q" &INT((MONTH('Follow up (ship 2)'!M74)+2)/3) & "-" & YEAR('Follow up (ship 2)'!M74),"N/A") -> Q3-2019 | L74: 61 | M74: Endometrioid adenocarcinoma, NOS | N74: Y | O74: 3 | P74: 1b
A75: N | B75: Y | C75: N | D75: LH19-35421 | E75: A9[L], A11 | F75: =IFERROR("Q" &INT((MONTH('Follow up (ship 2)'!G75)+2)/3) & "-" & YEAR('Follow up (ship 2)'!G75),"N/A") -> Q3-2019 | G75: Total abdominal hysterectomy nec | H75: Endometrium | I75: N/A | J75: F | K75: =IFERROR("Q" &INT((MONTH('Follow up (ship 2)'!M75)+2)/3) & "-" & YEAR('Follow up (ship 2)'!M75),"N/A") -> Q3-2019 | L75: 67 | M75: Mixed endometrioid and serous adenocarcinoma | N75: Y | O75: 3 | P75: 1a
A76: N | B76: Y | C76: N | D76: LH19-37687 | E76: A1, A3 | F76: =IFERROR("Q" &INT((MONTH('Follow up (ship 2)'!G76)+2)/3) & "-" & YEAR('Follow up (ship 2)'!G76),"N/A") -> Q3-2019 | G76: Total abdominal hysterectomy nec | H76: Endometrium | I76: N/A | J76: F | K76: =IFERROR("Q" &INT((MONTH('Follow up (ship 2)'!M76)+2)/3) & "-" & YEAR('Follow up (ship 2)'!M76),"N/A") -> Q3-2019 | L76: 79 | M76: Carcinosarcoma | N76: N | O76: 3 | P76: 3c2
A77: N | B77: Y | C77: N | D77: LH19-40334 | E77: A7, A5 | F77: =IFERROR("Q" &INT((MONTH('Follow up (ship 2)'!G77)+2)/3) & "-" & YEAR('Follow up (ship 2)'!G77),"N/A") -> Q3-2019 | G77: Total laparoscopic hysterectomy | H77: Endometrium | I77: N/A | J77: F | K77: =IFERROR("Q" &INT((MONTH('Follow up (ship 2)'!M77)+2)/3) & "-" & YEAR('Follow up (ship 2)'!M77),"N/A") -> Q3-2019 | L77: 47 | M77: Endometrioid adenocarcinoma, NOS | N77: Y | O77: 2 | P77: 1b
A78: N | B78: Y | C78: N | D78: LH19-40578 | E78: A15[L] | F78: =IFERROR("Q" &INT((MONTH('Follow up (ship 2)'!G78)+2)/3) & "-" & YEAR('Follow up (ship 2)'!G78),"N/A") -> Q3-2019 | G78: Total abdominal hysterectomy nec | H78: Endometrium | I78: N/A | J78: F | K78: =IFERROR("Q" &INT((MONTH('Follow up (ship 2)'!M78)+2)/3) & "-" & YEAR('Follow up (ship 2)'!M78),"N/A") -> Q3-2019 | L78: 76 | M78: Carcinosarcoma | N78: Y | O78: 3 | P78: 1b
A79: N | B79: Y | C79: N | D79: LH19-41050 | E79: A11, A13 | F79: =IFERROR("Q" &INT((MONTH('Follow up (ship 2)'!G79)+2)/3) & "-" & YEAR('Follow up (ship 2)'!G79),"N/A") -> Q3-2019 | G79: Total laparoscopic hysterectomy | H79: Endometrium | I79: N/A | J79: F | K79: =IFERROR("Q" &INT((MONTH('Follow up (ship 2)'!M79)+2)/3) & "-" & YEAR('Follow up (ship 2)'!M79),"N/A") -> Q3-2019 | L79: 58 | M79: Mixed carcinoma: clear cell and endometrioid | N79: Y | O79: 3 | P79: 3c2
A80: N | B80: Y | C80: N | D80: LH19-42178 | E80: A13, A14 | F80: =IFERROR("Q" &INT((MONTH('Follow up (ship 2)'!G80)+2)/3) & "-" & YEAR('Follow up (ship 2)'!G80),"N/A") -> Q3-2019 | G80: Total laparoscopic hysterectomy | H80: Endometrium | I80: N/A | J80: F | K80: =IFERROR("Q" &INT((MONTH('Follow up (ship 2)'!M80)+2)/3) & "-" & YEAR('Follow up (ship 2)'!M80),"N/A") -> Q3-2019 | L80: 55 | M80: Endometrioid adenocarcinoma, NOS | N80: Y | O80: 1 | P80: 1a
A81: N | B81: Y | C81: N | D81: LH19-42528 | E81: A20[L], A1 | F81: =IFERROR("Q" &INT((MONTH('Follow up (ship 2)'!G81)+2)/3) & "-" & YEAR('Follow up (ship 2)'!G81),"N/A") -> Q4-2019 | G81: Total abdominal hysterectomy nec | H81: Endometrium | I81: N/A | J81: F | K81: =IFERROR("Q" &INT((MONTH('Follow up (ship 2)'!M81)+2)/3) & "-" & YEAR('Follow up (ship 2)'!M81),"N/A") -> Q2-2019 | L81: 70 | M81: Carcinosarcoma | N81: N | O81: 3 | P81: 3b
A82: N | B82: Y | C82: N | D82: LH19-42787 | E82: A13 | F82: =IFERROR("Q" &INT((MONTH('Follow up (ship 2)'!G82)+2)/3) & "-" & YEAR('Follow up (ship 2)'!G82),"N/A") -> Q4-2019 | G82: Total abdominal hysterectomy nec | H82: Endometrium | I82: N/A | J82: F | K82: =IFERROR("Q" &INT((MONTH('Follow up (ship 2)'!M82)+2)/3) & "-" & YEAR('Follow up (ship 2)'!M82),"N/A") -> Q3-2019 | L82: 71 | M82: Endometrioid carcinoma; areas of squamous and mucinous differentiation | N82: Y | O82: 2 | P82: 3c1
A83: N | B83: Y | C83: N | D83: LH19-43183 | E83: A16[L] | F83: =IFERROR("Q" &INT((MONTH('Follow up (ship 2)'!G83)+2)/3) & "-" & YEAR('Follow up (ship 2)'!G83),"N/A") -> Q4-2019 | G83: Total abdominal hysterectomy nec | H83: Endometrium | I83: N/A | J83: F | K83: =IFERROR("Q" &INT((MONTH('Follow up (ship 2)'!M83)+2)/3) & "-" & YEAR('Follow up (ship 2)'!M83),"N/A") -> Q3-2019 | L83: 75 | M83: Carcinosarcoma | N83: N | O83: 3 | P83: 3c2
A84: N | B84: Y | C84: N | D84: LH19-45596 | E84: A13, A19 | F84: =IFERROR("Q" &INT((MONTH('Follow up (ship 2)'!G84)+2)/3) & "-" & YEAR('Follow up (ship 2)'!G84),"N/A") -> Q4-2019 | G84: Robotic Total laparoscopic hysterectomy | H84: Endometrium | I84: N/A | J84: F | K84: =IFERROR("Q" &INT((MONTH('Follow up (ship 2)'!M84)+2)/3) & "-" & YEAR('Follow up (ship 2)'!M84),"N/A") -> Q3-2019 | L84: 57 | M84: Endometrioid adenocarcinoma; squamous morule formation | N84: Y | O84: 2 | P84: 1b
A85: N | B85: Y | C85: N | D85: LH19-54899 | E85: A1, A2 | F85: =IFERROR("Q" &INT((MONTH('Follow up (ship 2)'!G85)+2)/3) & "-" & YEAR('Follow up (ship 2)'!G85),"N/A") -> Q4-2019 | G85: Total laparoscopic hysterectomy | H85: Endometrium | I85: N/A | J85: F | K85: =IFERROR("Q" &INT((MONTH('Follow up (ship 2)'!M85)+2)/3) & "-" & YEAR('Follow up (ship 2)'!M85),"N/A") -> Q4-2019 | L85: 78 | M85: Clear cell adenocarcinoma | N85: Y | O85: 3 | P85: 2
A86: N | B86: Y | C86: N | D86: LH20-1285 | E86: A6, A4 | F86: =IFERROR("Q" &INT((MONTH('Follow up (ship 2)'!G86)+2)/3) & "-" & YEAR('Follow up (ship 2)'!G86),"N/A") -> Q1-2020 | G86: Total laparoscopic hysterectomy | H86: Endometrium | I86: N/A | J86: F | K86: =IFERROR("Q" &INT((MONTH('Follow up (ship 2)'!M86)+2)/3) & "-" & YEAR('Follow up (ship 2)'!M86),"N/A") -> Q4-2019 | L86: 84 | M86: Mixed endometrioid and clear cell carcinoma; foci of squamous differentiation | N86: Y | O86: 3 | P86: 2
A87: N | B87: Y | C87: N | D87: LH20-17198 | E87: A14, A15 | F87: =IFERROR("Q" &INT((MONTH('Follow up (ship 2)'!G87)+2)/3) & "-" & YEAR('Follow up (ship 2)'!G87),"N/A") -> Q2-2020 | G87: Total Abdominal Hysterectomy | H87: Endometrium | I87: N/A | J87: F | K87: =IFERROR("Q" &INT((MONTH('Follow up (ship 2)'!M87)+2)/3) & "-" & YEAR('Follow up (ship 2)'!M87),"N/A") -> Q1-2020 | L87: 67 | M87: Mixed: clear cell and serous carcinoma | N87: Y | O87: 3 | P87: 4b
A88: N | B88: Y | C88: N | D88: LH20-18911 | E88: A9, A11 | F88: =IFERROR("Q" &INT((MONTH('Follow up (ship 2)'!G88)+2)/3) & "-" & YEAR('Follow up (ship 2)'!G88),"N/A") -> Q3-2020 | G88: Total laparoscopic hysterectomy | H88: Endometrium | I88: N/A | J88: F | K88: =IFERROR("Q" &INT((MONTH('Follow up (ship 2)'!M88)+2)/3) & "-" & YEAR('Follow up (ship 2)'!M88),"N/A") -> Q2-2020 | L88: 71 | M88: Clear cell carcinoma | N88: N | O88: 3 | P88: 3c2
A89: N | B89: Y | C89: N | D89: LH21-5922 | E89: A4, A5 | F89: =IFERROR("Q" &INT((MONTH('Follow up (ship 2)'!G89)+2)/3) & "-" & YEAR('Follow up (ship 2)'!G89),"N/A") -> Q1-2021 | G89: Total laparoscopic hysterectomy | H89: Endometrium | I89: N/A | J89: F | K89: =IFERROR("Q" &INT((MONTH('Follow up (ship 2)'!M89)+2)/3) & "-" & YEAR('Follow up (ship 2)'!M89),"N/A") -> Q1-2021 | L89: 76 | M89: Clear cell carcinoma | N89: Y | O89: 3 | P89: 1a
A90: N | B90: Y | C90: N | D90: LH21-12410 | E90: A7, A6 | F90: =IFERROR("Q" &INT((MONTH('Follow up (ship 2)'!G90)+2)/3) & "-" & YEAR('Follow up (ship 2)'!G90),"N/A") -> Q1-2021 | G90: Total abdominal hysterectomy nec | H90: Endometrium | I90: N/A | J90: F | K90: =IFERROR("Q" &INT((MONTH('Follow up (ship 2)'!M90)+2)/3) & "-" & YEAR('Follow up (ship 2)'!M90),"N/A") -> Q1-2021 | L90: 81 | M90: Mixed: high grade adenocarcinoma with features of endometrioid and serous carcinoma | N90: Y | O90: 3 | P90: 2

Sheet Calculations
B2: Red text = cells to select for formula
B3: Whwn copying and pasting formulas, you need to delete the ' before the =
B6: Age at diagnosis | C6: =DATEDIF(DOB, DODx,"Y")
B7: Quarter formula | C7: =IFERROR("Q" &INT((MONTH(cell with date)+2)/3) & "-" & YEAR(same cell with date),"N/A")
B8: The months between two dates in decimals | C8: =IFERROR((YEARFRAC(DODx,cell with date)*12),"N/A")
B9: OS | C9: =SUM(time to event death,Time to event date last seen)
B10: PFS | C10: =INDEX(Time to event recurrence;time to event death;Time to event date last follow-up,MATCH(TRUE,INDEX(ISNUMBER(),0),0))
B11: Event (recurrence/progression) | C11: =IF(Time to event recurrence="N/A",0,1)
B12: Event (cancer death) | C12: =IF(=Death due to tumour/ assumed tumour related? Y/N"Y",1,0)
B13: Event (death; all causes) | C13: =IF(time to event death="N/A",0,1)
B14: Event (recurrence or cancer death) | C14: =IF(OR(Event recurrence/progression=1,Event cancer death=1),"1","0")
B15: Combine text from 2 cells | C15: =cell number&" "&second cell
F24: Neoadjuvant | G24: Start | H24: Finish
D25: DODx | F25: RX
D26: DOD | F26: Cx1
D27: TR | F27: Cx2
D28: DLFU | F28: Cx3
D29: DLS | F29: IOx1
F30: IOx2
D31: SS
D32: MM1
D33: MM2 | F33: Adjuvant | G33: Start | H33: Finish
D34: N | F34: Rx
D35: PG 1 | F35: Cx1
D36: PG 2 | F36: Cx2
D37: PG 3 | F37: Cx3
D38: PG 4 | F38: IOx1
D39: PG 5
D40: PG 6
D41: PG 7 | F41: Metastatic | G41: Start | H41: Finish
D42: PG 8 | F42: Tx1
D43: PG 9 | F43: Tx2
F44: Tx3
